sku,description,pkg,price,compareTo,section,page,medlineBrand,sourceCatalog,rawLine
"0054-3117-63","Calcium Carbonate 1250 mg/5 ml Suspension 500 ml","500 ml","","","Calcium","19","false","","Calcium Carbonate 1250 mg/5 ml Suspension 500 ml 	500 ml"
"0187-0746-33","Insta-Glucose Tri-Pack Gel","3/bx","","","Supplements","18","false","","Insta-Glucose Tri-Pack Gel 	3/bx"
"0283-0679-02","HurriCaine ® Spray 2-oz. Bottle","2oz","","","Pain Relief","24","false","","HurriCaine ® Spray 2-oz. Bottle 	2oz"
"0501-3203-02","Benadryl ® Multi-Symptom Spray 2-oz.","2 oz","","","Cold, Cough & Allergy","7","false","","Benadryl ® Multi-Symptom Spray 2-oz. 	2 oz"
"0521-2326-00","Vaseline Jar Gel 3.75-oz.","3.75 oz","","","Skin Protectants","25","false","","Vaseline Jar Gel 3.75-oz. 	3.75 oz"
"0536-4078-10","Niacin 500 mg Tablet 1000/Bottle","1000/bt","","","Vitamins & Minerals","15","false","","Niacin 500 mg Tablet 1000/Bottle 	1000/bt"
"0536-4406-01","Vitamin B-6 25 mg Tablet 100/Bottle","100/bt","","","Vitamins & Minerals","15","false","","Vitamin B-6 25 mg Tablet 100/Bottle 	100/bt"
"0536-5150-26","Tolnaftate 1 % Powder 45 gm","1.59 oz","","Tinactin ®","Anti-Fungals","23","false","","Tolnaftate 1 % Powder 45 gm 	1.59 oz 	Tinactin ®"
"0713-0280-31","Bacitracin Ointment 500 Units/gm 1-oz.","1 oz","","","Anti-Infective","22","false","","Bacitracin Ointment 500 Units/gm 1-oz. 	1 oz"
"0743-0042-11","RID ® Spray Lice/Scabies Control 5-oz.","5 oz","","","Lice Treatment","29","false","","RID ® Spray Lice/Scabies Control 5-oz. 	5 oz"
"0869-2452-10","Castor Oil 2-oz.","2 oz","","","Miscellaneous Laxatives","6","false","","Castor Oil 2-oz. 	2 oz"
"0904-5309-09","Ibuprofen Child Berry Flavor Suspension 8-oz.","8 oz","","Children's Motrin","Ibuprofen","11","false","","Ibuprofen Child Berry Flavor Suspension 8-oz. 	8 oz 	Children's Motrin"
"0904-5986-60","Vitamin D-3 5000 IU Capsule 100/Bottle","100/bt","","","Vitamins & Minerals","16","false","","Vitamin D-3 5000 IU Capsule 100/Bottle 	100/bt"
"1-800-MEDLINE","(633-5463) medline.com | info@medline.com Medline Canada 1-800-396-6996 medline.ca | canada@medline.com Medline México 01-800-831-0898 medlinemexico.com | mexico@medline.com","","","","Nitrospray","35","false","","(633-5463) medline.com | info@medline.com Medline Canada 1-800-396-6996 medline.ca | canada@medline.com Medline México 01-800-831-0898 medlinemexico.com | mexico@medline.com"
"14200025","Gordons Boro-Packs 100/Box","100/bx","","","Miscellaneous","25","false","","Gordons Boro-Packs 100/Box 	100/bx"
"14201137","Urea Gel 20% 4 oz Jar","4 oz","","","Miscellaneous","25","false","","Urea Gel 20% 4 oz Jar 	4 oz"
"14201138","Urea Gel 40% 4 oz Jar","4 oz","","","Miscellaneous","25","false","","Urea Gel 40% 4 oz Jar 	4 oz"
"17478-064-12","Gonak 2.5 % Solution 15 ml","15 ml","","","Ophthalmics","26","false","","Gonak 2.5 % Solution 15 ml 	15 ml"
"37000-024-04","Metamucil ® Powder Sugar Free Orange Flavor 30 x 8.5 gm Packets","30 pkts","","","Fiber","5","false","","Metamucil ® Powder Sugar Free Orange Flavor 30 x 8.5 gm Packets 	30 pkts"
"45802-425-78","Fexofenadine 60 mg Tablet 100/Bottle","100/bt","","Allegra","Cold, Cough & Allergy","7","false","","Fexofenadine 60 mg Tablet 100/Bottle 	100/bt 	Allegra"
"50383-917-50","Vitamin D-3 Drops 400 IU/ml 50 ml","50 ml","","","Vitamins & Minerals","16","false","","Vitamin D-3 Drops 400 IU/ml 50 ml 	50 ml"
"51672-2037-1","Clotrimazole 1% Solution 10 ml","10 ml","","Lotrimin ® AF","Anti-Fungals","23","false","","Clotrimazole 1% Solution 10 ml 	10 ml 	Lotrimin ® AF"
"54799-301-90","OCuSOFT Eye Lid Scrub Pad 30 count","30/pkg","","","Ophthalmics","26","false","","OCuSOFT Eye Lid Scrub Pad 30 count 	30/pkg"
"CUR001109Z","Bacitracin Zinc Ointment 0.9 gm Foil Packet 144/Box","144/bx","","","CURAD ®","22","true","","Bacitracin Zinc Ointment 0.9 gm Foil Packet 144/Box 	144/bx"
"CUR001209Z","Triple Antibiotic Ointment 0.9 gm Packet 144/Box","144/bx","","","CURAD ®","22","true","","Triple Antibiotic Ointment 0.9 gm Packet 144/Box 	144/bx"
"CUR001231H","Triple Antibiotic Ointment 1-oz. Tube","1 oz","","","CURAD ®","22","true","","Triple Antibiotic Ointment 1-oz. Tube 	1 oz"
"CUR003501H","A&D Ointment 2-oz. Tube","2 oz","","","CURAD ®","22","true","","A&D Ointment 2-oz. Tube 	2 oz"
"CUR003545Z","A&D Ointment 5 gm Foil Packet 144/Box","144/bx","","","Skin Protectants","25","true","","A&D Ointment 5 gm Foil Packet 144/Box 	144/bx"
"CUR005331H","CUR003545Z CUR001231H CUR001209Z 24","MEDLINE","","","Anti-Infective","22","false","","CUR003545Z CUR001231H CUR001209Z 24 	MEDLINE"
"CUR005345Z","Petroleum Jelly 5 gm Foil Packet 144/Box","144/bx","","","CURAD ®","22","true","","Petroleum Jelly 5 gm Foil Packet 144/Box 	144/bx"
"CUR006202H","Zinc Oxide 20% Cream 2-oz. Tube","2 oz","","","Skin Protectants","25","true","","Zinc Oxide 20% Cream 2-oz. Tube 	2 oz"
"CUR009814H","Zinc Oxide 20% Cream 2-oz. Tube","2 oz","","","CURAD ®","22","true","","Zinc Oxide 20% Cream 2-oz. Tube 	2 oz"
"CUR015408Z","Hydrocortisone 1% Cream 1.5 gm Packet 48/Box","48/bx","","","CURAD ®","22","true","","Hydrocortisone 1% Cream 1.5 gm Packet 48/Box 	48/bx"
"CUR015431H","Hydrocortisone 1% Cream 1-oz. Tube","1 oz","","","CURAD ®","22","true","","Hydrocortisone 1% Cream 1-oz. Tube 	1 oz"
"CUR0415H","Curad ® Lip Balm SPF 15 0.15 oz","0.15 oz","","","Lip Protectant","25","true","","Curad ® Lip Balm SPF 15 0.15 oz 	0.15 oz"
"CUR0415Z","Lip Balm Petroleum Free SPF 15 24/Pack","24/pkg","","","CURAD ®","22","true","","Lip Balm Petroleum Free SPF 15 24/Pack 	24/pkg"
"CUR110556H","Bacitracin Zinc Ointment 500 Units/gm 1-oz. Tube","1 oz","","","Anti-Infective","22","true","","Bacitracin Zinc Ointment 500 Units/gm 1-oz. Tube 	1 oz"
"DAY006216H","Zinc Oxide 20% Ointment 1 lb. Jar","1 lb","","","Skin Protectants","25","false","","Zinc Oxide 20% Ointment 1 lb. Jar 	1 lb"
"FOLLOW","US","BLOG Make Medline your ally against the flu. You count on Medline for everything from high-end equipment to basic supplies, but did you know you can also order flu vaccine through Medline? And here are just a few reasons why you should: Trusted Brands We offer a wide range of flu vaccine products, including such wellknown brands as Afluria® and Fluzone® . Single Source Shopping Medline also carries flu tests, cough & cold products that relieve flu like symptoms, protective gloves and masks, needles and syringes, and other related products –just some of over 350,000 products we can provide covering the entire continuum of care. Ordering Ease As with all our products, Medline makes vaccine orders simple with professionals on hand to give you the information you need before finalizing your purchase. Seasonal flu vaccines are available! For more information, contact your Medline Representative or Customer Service at 1-855-294-9618.","","","Nitrospray","35","false","","US 	BLOG Make Medline your ally against the flu. You count on Medline for everything from high-end equipment to basic supplies, but did you know you can also order flu vaccine through Medline? And here are just a few reasons why you should: Trusted Brands We offer a wide range of flu vaccine products, including such wellknown brands as Afluria® and Fluzone® . Single Source Shopping Medline also carries flu tests, cough & cold products that relieve flu like symptoms, protective gloves and masks, needles and syringes, and other related products –just some of over 350,000 products we can provide covering the entire continuum of care. Ordering Ease As with all our products, Medline makes vaccine orders simple with professionals on hand to give you the information you need before finalizing your purchase. Seasonal flu vaccines are available! For more information, contact your Medline Representative or Customer Service at 1-855-294-9618."
"H-HAD13H","A&D Ointment 13-oz. Jar","13 oz","","","Skin Protectants","25","false","","A&D Ointment 13-oz. Jar 	13 oz"
"HCI7200","OtoClear Ear Irrigation Tip 40/Box","40/bx","","","Ear Care","27","false","","OtoClear Ear Irrigation Tip 40/Box 	40/bx"
"HCI7202","OtoClear Ear Irrigation Tip 20/Box","20/bx","","","Ear Care","27","false","","OtoClear Ear Irrigation Tip 20/Box 	20/bx"
"HCI7280","OtoClear Ear Lavage System","1 kt","","","Ear Care","27","false","","OtoClear Ear Lavage System 	1 kt"
"HCI7290","OtoClear Spray Wash Kit","1 kt","","","Ear Care","27","false","","OtoClear Spray Wash Kit 	1 kt"
"HCI7295","OtoClear ® Spray Wash Bottle","1 bt","","","Ear Care","27","false","","OtoClear ® Spray Wash Bottle 	1 bt"
"MDS096066A","Biotene Dry Mouth Moisturizing Spray 1.5oz","1.5oz","","","Oral Care","30","false","","Biotene Dry Mouth Moisturizing Spray 1.5oz 	1.5oz"
"MDS096160B","Biotene ® Dry Mouth Oral Rinse 16oz","16oz","","","Oral Care","30","false","","Biotene ® Dry Mouth Oral Rinse 16oz 	16oz"
"MDS096166","Super Poligrip ® Denture Adhesive Cream 2.4oz","2.4 oz","","","Oral Care","30","false","","Super Poligrip ® Denture Adhesive Cream 2.4oz 	2.4 oz"
"MEDICATION","MANAGEMENT","","","","Nasal Care","28","false","","MANAGEMENT"
"MISCELLANEOUS","OTCs 32","MEDLINE Compare active ingredients to Excedrin® For extra strength relief from the pain of headache, toothache, muscle aches and arthritis. Compare active ingredients to Zantac® 150 Maximum strength relief from heartburn, acid indigestion and sour stomach. Eco-friendly can. No flourinated hydrocarbon propellants. Contains no alcohol. Cleans wounds painlessly and effectively with no burning or stinging. Each tablet contains: Aspirin 250mg; Acetaminophen 250mg; Caffeine 65mg Item # OTC022813","","500 (250x2)/box Each tablet contains: Ranitidine 150mg Item # OTC032564 24/box Contains: Benzalkonium Chloride 0.13% Item # OTC039004 4oz can Look for our other quality OTC’s and first aid products throughout this catalog!","Oral Care","30","false","","OTCs 32 	MEDLINE Compare active ingredients to Excedrin® For extra strength relief from the pain of headache, toothache, muscle aches and arthritis. Compare active ingredients to Zantac® 150 Maximum strength relief from heartburn, acid indigestion and sour stomach. Eco-friendly can. No flourinated hydrocarbon propellants. Contains no alcohol. Cleans wounds painlessly and effectively with no burning or stinging. Each tablet contains: Aspirin 250mg; Acetaminophen 250mg; Caffeine 65mg Item # OTC022813 	500 (250x2)/box Each tablet contains: Ranitidine 150mg Item # OTC032564 	24/box Contains: Benzalkonium Chloride 0.13% Item # OTC039004 	4oz can Look for our other quality OTC’s and first aid products throughout this catalog!"
"NON133000","Pill Crusher, Blue, Ergonomically Shaped","6/cs","","","Pill Management","28","true","","Pill Crusher, Blue, Ergonomically Shaped 	6/cs"
"NON134000","Pill Crusher, Blue, Individually boxed","1/ea","","","Pill Management","28","true","","Pill Crusher, Blue, Individually boxed 	1/ea"
"NON135000","Pill Splitter, Blue, Individually boxed","1/ea","","","Pill Management","28","true","","Pill Splitter, Blue, Individually boxed 	1/ea"
"NON137000","Pill Cutter/Crusher","6/cs","","","Pill Management","28","true","","Pill Cutter/Crusher 	6/cs"
"NON2300","Medication Pill Envelope","500/bx","","","Pill Management","28","true","","Medication Pill Envelope 	500/bx"
"NON36630","Clear 7 Section Pill Box, 1x/day, Small","6/cs","","","Pill Management","28","true","","Clear 7 Section Pill Box, 1x/day, Small 	6/cs"
"NON36670","Pill box with lock, 1x/day, Medium","6/cs","","","Pill Management","28","true","","Pill box with lock, 1x/day, Medium 	6/cs"
"NON36680","Pill box with Easy Push Button, 1X/day, Medium","6/cs","","","Pill Management","28","true","","Pill box with Easy Push Button, 1X/day, Medium 	6/cs"
"NON36690","Pill box with Easy Push Button, 2X/day, Medium","6/cs","","","Pill Management","28","true","","Pill box with Easy Push Button, 2X/day, Medium 	6/cs"
"NON65001","Oral Syringe, 1 mL, Clear","500/cs","","","Oral Syringes","28","true","","Oral Syringe, 1 mL, Clear 	500/cs"
"NON65003","Oral Syringe, 3 mL, Clear","500/cs","","","Oral Syringes","28","true","","Oral Syringe, 3 mL, Clear 	500/cs"
"NON65006","Oral Syringe, 6 mL, Clear","500/cs","","","Oral Syringes","28","true","","Oral Syringe, 6 mL, Clear 	500/cs"
"NON65012","Oral Syringe, 12 mL, Clear","500/cs","","","Oral Syringes","28","true","","Oral Syringe, 12 mL, Clear 	500/cs"
"NON65020","Oral Syringe, 20 mL, Clear","200/cs","","","Oral Syringes","28","true","","Oral Syringe, 20 mL, Clear 	200/cs"
"NON65035","Oral Syringe, 35 mL, Clear","200/cs","","","Oral Syringes","28","true","","Oral Syringe, 35 mL, Clear 	200/cs"
"NON65060","Oral Syringe, 60 mL, Clear","200/cs","","","Oral Syringes","28","true","","Oral Syringe, 60 mL, Clear 	200/cs"
"NON65101","Oral Syringe, Sterile, 1 mL, ind. Pouched, Clear","200/cs","","","Oral Syringes","28","true","","Oral Syringe, Sterile, 1 mL, ind. Pouched, Clear 	200/cs"
"NON65103","Oral Syringe, Sterile, 3 mL, ind. Pouched, Clear","100/cs","","","Oral Syringes","28","true","","Oral Syringe, Sterile, 3 mL, ind. Pouched, Clear 	100/cs"
"NON65106","Oral Syringe, Sterile, 6 mL, ind. Pouched, Clear","100/cs","","","Oral Syringes","28","true","","Oral Syringe, Sterile, 6 mL, ind. Pouched, Clear 	100/cs"
"NON65112","Oral Syringe, Sterile, 12 mL, ind. Pouched, Clear","100/cs","","","Oral Syringes","28","true","","Oral Syringe, Sterile, 12 mL, ind. Pouched, Clear 	100/cs"
"NON65120","Oral Syringe, Sterile, 20 mL, ind. Pouched, Clear","100/cs","","","Oral Syringes","28","true","","Oral Syringe, Sterile, 20 mL, ind. Pouched, Clear 	100/cs"
"NON65135","Oral Syringe, Sterile, 35 mL, ind. Pouched, Clear","100/cs","","","Oral Syringes","28","true","","Oral Syringe, Sterile, 35 mL, ind. Pouched, Clear 	100/cs"
"NON65160","Oral Syringe, Sterile, 60 mL, ind. Pouched, Clear","100/cs Medication Management","","","Oral Syringes","28","true","","Oral Syringe, Sterile, 60 mL, ind. Pouched, Clear 	100/cs Medication Management"
"NONPC1000","Silent Knight Pill Crusher Pouch","1000/cs","","","Pill Management","28","true","","Silent Knight Pill Crusher Pouch 	1000/cs"
"NONSK0500","Silent Knight Pill Crusher","1/ea","","","Pill Management","28","true","","Silent Knight Pill Crusher 	1/ea"
"ORA10010292Z","Histofreezer Cryogen Kit 24 Applicators 2 mm & 36 Applicators 5 mm","1 kt","","","Histofreezer","34","false","","Histofreezer Cryogen Kit 24 Applicators 2 mm & 36 Applicators 5 mm 	1 kt"
"ORA36F1C","Histofreezer Cryogen Kit 36 Applicators 5 mm","1 kt","","","Histofreezer","34","false","","Histofreezer Cryogen Kit 36 Applicators 5 mm 	1 kt"
"ORA36M1C","Histofreezer Cryogen Kit 12 Applicators 2 mm & 24 Applicators 5 mm","1 kt","","","Histofreezer","34","false","","Histofreezer Cryogen Kit 12 Applicators 2 mm & 24 Applicators 5 mm 	1 kt"
"ORA40T1C","Histofreezer Cryogen Kit 40 Applicators 2 mm","1 kt","","","Histofreezer","34","false","","Histofreezer Cryogen Kit 40 Applicators 2 mm 	1 kt"
"OTC000032","TheraTears Lubricant Opthalmic Solution Unit Dose 32/Box","32/bx","","","Ophthalmics","26","false","","TheraTears Lubricant Opthalmic Solution Unit Dose 32/Box 	32/bx"
"OTC000105","Rechargeable Cordless Toothbrush","1 ea","","","Oral Care","30","false","","Rechargeable Cordless Toothbrush 	1 ea"
"OTC000112","Toothbrush Heads 2/Pack","2/pk","","","Oral Care","30","false","","Toothbrush Heads 2/Pack 	2/pk"
"OTC000150","Battery Operated Dental Water Jet","1 ea","","","Oral Care","30","false","","Battery Operated Dental Water Jet 	1 ea"
"OTC000200","Eye Multi Purpose No Rub 12-oz.","12 oz","","","Ophthalmics","26","false","","Eye Multi Purpose No Rub 12-oz. 	12 oz"
"OTC000293","Magnesium Oxide 400 mg Tablet 120/Bottle","120/bt","","","Magnesium","20","false","","Magnesium Oxide 400 mg Tablet 120/Bottle 	120/bt"
"OTC000308","Irritation Relief Opthalmic Solution 15 ml","15 ml","","Visine ® A.C.","Ophthalmics","26","false","","Irritation Relief Opthalmic Solution 15 ml 	15 ml 	Visine ® A.C."
"OTC000312","Alpha Lipoic Acid 300mg Capsule 50/Bottle","50/bt","","","Vitamins & Minerals","14","false","","Alpha Lipoic Acid 300mg Capsule 50/Bottle 	50/bt"
"OTC000322","Magnesium Gluconate 500 mg Tablet 90/Bottle","90/bt","","","Magnesium","20","false","","Magnesium Gluconate 500 mg Tablet 90/Bottle 	90/bt"
"OTC000323","Florastor ® Probiotic Capsule 250 mg 100/Bottle","100/bt","","","Probiotics and Digestive Aids","20","false","","Florastor ® Probiotic Capsule 250 mg 100/Bottle 	100/bt"
"OTC000360","TheraTears ® Eye Nutrition Caplet 90/Bottle","90/bt","","","Ophthalmics","26","false","","TheraTears ® Eye Nutrition Caplet 90/Bottle 	90/bt"
"OTC000410","Pain Relief Cream 4oz","4oz","","","Pain Relief","24","false","","Pain Relief Cream 4oz 	4oz"
"OTC00042A","Cough Drops Cherry Flavor 30/Bag","30/bag","","Halls ®","Cold, Cough & Allergy","7","false","","Cough Drops Cherry Flavor 30/Bag 	30/bag 	Halls ®"
"OTC00043A","Cough Drops Honey Lemon Flavor 30/Bag","30/bag","","Halls","Cold, Cough & Allergy","7","false","","Cough Drops Honey Lemon Flavor 30/Bag 	30/bag 	Halls"
"OTC000458","Melatonin 3 mg + Vitaimn B-6 Time Release Tablet 100/Bottle","100/bt","","","Supplements","18","false","","Melatonin 3 mg + Vitaimn B-6 Time Release Tablet 100/Bottle 	100/bt"
"OTC000477","Florastor Probiotic Capsule 250mg 100UD/Box","100UD/bx","","","Probiotics and Digestive Aids","20","false","","Florastor Probiotic Capsule 250mg 100UD/Box 	100UD/bx"
"OTC000703","Muscle Rub Ultra Strength Cream 3-oz.","3oz","","Bengay","Pain Relief","24","false","","Muscle Rub Ultra Strength Cream 3-oz. 	3oz 	Bengay"
"OTC000748","Vein Defense Healing Cream 4oz","4 oz","","","Miscellaneous","25","false","","Vein Defense Healing Cream 4oz 	4 oz"
"OTC000877","Cold/Flu Daytime Softgel 8/Box","8/bx","","DayQuil","Cold, Cough & Allergy","7","false","","Cold/Flu Daytime Softgel 8/Box 	8/bx 	DayQuil"
"OTC000900","Meclizine HCL 25 mg Tablet 8/Box","8/bx","","Bonine ®","Anti-Nausea","4","false","","Meclizine HCL 25 mg Tablet 8/Box 	8/bx 	Bonine ®"
"OTC000901","Vitamin D-3 2000 IU Softgel 100/Bottle","100/bt","","","Vitamins & Minerals","16","false","","Vitamin D-3 2000 IU Softgel 100/Bottle 	100/bt"
"OTC000907","Cold/Flu Nighttime Softgel 8/Box","8/bx","","NyQuil ®","Cold, Cough & Allergy","7","false","","Cold/Flu Nighttime Softgel 8/Box 	8/bx 	NyQuil ®"
"OTC001010","Digestive Advanced ® Lactose Defense Capsule 32/Box","32/bx","","","Probiotics and Digestive Aids","20","false","","Digestive Advanced ® Lactose Defense Capsule 32/Box 	32/bx"
"OTC001112","Geritol ® Liquid 12-oz.","12 oz","","","Vitamins & Minerals","14","false","","Geritol ® Liquid 12-oz. 	12 oz"
"OTC001164","Digestive Advanced ® Bowel Capsule 32/Box","32/bx","","","Probiotics and Digestive Aids","20","false","","Digestive Advanced ® Bowel Capsule 32/Box 	32/bx"
"OTC001167","SPF 30 Sunscreen Lotion 8-oz.","8 oz","","","Sunscreen","30","false","","SPF 30 Sunscreen Lotion 8-oz. 	8 oz"
"OTC001174","SPF 50 Sunscreen Lotion 8-oz.","8 oz","","","Sunscreen","30","false","","SPF 50 Sunscreen Lotion 8-oz. 	8 oz"
"OTC001228","Aloe Vera Gel 16-oz.","16oz","","","Pain Relief","24","false","","Aloe Vera Gel 16-oz. 	16oz"
"OTC001235","Aloe Vera Gel With Lidocaine 8-oz","8oz","","","Pain Relief","24","false","","Aloe Vera Gel With Lidocaine 8-oz 	8oz"
"OTC001256","Cold & Hot Patch Medicated Small 5/Box","5/bx","","Icy Hot ® Patch","Pain Relief Patches","12","false","","Cold & Hot Patch Medicated Small 5/Box 	5/bx 	Icy Hot ® Patch"
"OTC001461","Digestive Advanced ® Constipation Capsule 30/Box","30/bx","","","Probiotics and Digestive Aids","20","false","","Digestive Advanced ® Constipation Capsule 30/Box 	30/bx"
"OTC001488","Antacid & Pain Relief Effervescent Tablet","36/bx","","Alka-Seltzer ®","Antacids/Anti-Gas","3","false","","Antacid & Pain Relief Effervescent Tablet 	36/bx 	Alka-Seltzer ®"
"OTC001530","Azo Urinary Pain Relief Tablet 30/Box","30/bx","","","Supplements","17","false","","Azo Urinary Pain Relief Tablet 30/Box 	30/bx"
"OTC001540","Fish Oil Omega-3 1600 mg/5 ml Liquid 200 ml","200 ml","","","Supplements","17","false","","Fish Oil Omega-3 1600 mg/5 ml Liquid 200 ml 	200 ml"
"OTC001669","Digestive Advanced ® Daily Capsule 30/Box","30/bx","","","Probiotics and Digestive Aids","20","false","","Digestive Advanced ® Daily Capsule 30/Box 	30/bx"
"OTC001766","Multi-Vitamin Adult Raspberry Flavor Gummy 60/Bottle","60/bt","","","Vitamins & Minerals","14","false","","Multi-Vitamin Adult Raspberry Flavor Gummy 60/Bottle 	60/bt"
"OTC001904","Petroleum Jelly 4-oz. Jar","4 oz","","Vaseline ®","Skin Protectants","25","false","","Petroleum Jelly 4-oz. Jar 	4 oz 	Vaseline ®"
"OTC00228","TheraTears Lubricant Opthalmic Gel Unit Dose 28/Box","28/bx","","","Ophthalmics","26","false","","TheraTears Lubricant Opthalmic Gel Unit Dose 28/Box 	28/bx"
"OTC002515","Neo-Synephrine ® 0.25% Mild Nasal Spray 15 ml","15 ml","","","Cold, Cough & Allergy","9","false","","Neo-Synephrine ® 0.25% Mild Nasal Spray 15 ml 	15 ml"
"OTC002904","Shampoo + Conditioner Dandruff","14.2 oz","","","Oral Care","30","false","","Shampoo + Conditioner Dandruff 	14.2 oz"
"OTC003013Z","Medi-Lyte Electrolyte Replenisher 2 x 250 Unit Dose Tablet, 250 Unit Dose/Box","250UD/bx","","","Unit Dose Medications","32","false","","Medi-Lyte Electrolyte Replenisher 2 x 250 Unit Dose Tablet, 250 Unit Dose/Box 	250UD/bx"
"OTC003436","Bite Relief Medicated Ointment","1.75oz","","","Pain Relief","24","false","","Bite Relief Medicated Ointment 	1.75oz"
"OTC003489","LiceMD ® Head Lice Treatment 4-oz.","4 oz","","","Lice Treatment","29","false","","LiceMD ® Head Lice Treatment 4-oz. 	4 oz"
"OTC003680","Medicated Lip Treatment 2 x 0.35 oz","2/bx","","Carmex ®","Lip Protectant","25","false","","Medicated Lip Treatment 2 x 0.35 oz 	2/bx 	Carmex ®"
"OTC0039850","Meclizine 12.5 mg Anti-Nausea Tablet 100/Bottle","100/bt","","Bonine","Anti-Nausea","4","false","","Meclizine 12.5 mg Anti-Nausea Tablet 100/Bottle 	100/bt 	Bonine"
"OTC0039905","Meclizine 25 mg Anti-Nausea Chewables 100/Bottle","100/bt","","Bonine","Anti-Nausea","4","false","","Meclizine 25 mg Anti-Nausea Chewables 100/Bottle 	100/bt 	Bonine"
"OTC004064","Waxed Dental Floss Mint Flavor 100 Yards","100 yd 2/pk","","","Oral Care","30","false","","Waxed Dental Floss Mint Flavor 100 Yards 	100 yd 2/pk"
"OTC004311","Toothbrush Soft 2/Pack","2/pk","","","Oral Care","30","false","","Toothbrush Soft 2/Pack 	2/pk"
"OTC004328","Toothbrush Medium 2/Pack","2/pk","","","Oral Care","30","false","","Toothbrush Medium 2/Pack 	2/pk"
"OTC0044091","Vitamin B-6 100 mg Tablet 100/Bottle","100/bt","","","Vitamins & Minerals","15","false","","Vitamin B-6 100 mg Tablet 100/Bottle 	100/bt"
"OTC004458","Flossers Mint Flavor 90/Bag","90/bg","","","Oral Care","30","false","","Flossers Mint Flavor 90/Bag 	90/bg"
"OTC004557","SPF 50 Sunscreen Sport Stick 0.5-oz.","0.5 oz","","","Sunscreen","30","false","","SPF 50 Sunscreen Sport Stick 0.5-oz. 	0.5 oz"
"OTC0047982","Vitamin E 200 IU Softgel 100/Bottle","100/bt","","","Vitamins & Minerals","16","false","","Vitamin E 200 IU Softgel 100/Bottle 	100/bt"
"OTC005015","Neo-Synephrine ® 0.5% Regular Nasal Spray 15 ml","15 ml","","","Cold, Cough & Allergy","9","false","","Neo-Synephrine ® 0.5% Regular Nasal Spray 15 ml 	15 ml"
"OTC005035","Calcium Chews Chocolate Flavor 60/Bottle","60/bt","","","Calcium","19","false","","Calcium Chews Chocolate Flavor 60/Bottle 	60/bt"
"OTC005140","Tolnaftate 1% Cream 1.25oz. Tube","1.25 oz","","Tinactin","Anti-Fungals","23","false","","Tolnaftate 1% Cream 1.25oz. Tube 	1.25 oz 	Tinactin"
"OTC005603","Acetaminophen 160 mg/5 ml Infant Suspension 30 ml","30 ml","","Tylenol ® Infant Drops","Acetaminophen","10","false","","Acetaminophen 160 mg/5 ml Infant Suspension 30 ml 	30 ml 	Tylenol ® Infant Drops"
"OTC005662","Night Time Cold and Flu Softgels 24/Box","24/bx","","Vicks ® NyQuil ® Cold & Flu","Cold, Cough & Allergy","9","false","","Night Time Cold and Flu Softgels 24/Box 	24/bx 	Vicks ® NyQuil ® Cold & Flu"
"OTC005820","Aspercreme With Lidocaine 4% Cream 2.7-oz.","2.7oz","","","Pain Relief","24","false","","Aspercreme With Lidocaine 4% Cream 2.7-oz. 	2.7oz"
"OTC005964","Melatonin 10 mg + Vitamin B-6 Time Release Tablet 60/Bottle","60/bt","","","Supplements","18","false","","Melatonin 10 mg + Vitamin B-6 Time Release Tablet 60/Bottle 	60/bt"
"OTC00601","Phos-NaK Powder 1.5 gm Packets 100/Box","100/bx","","","Unit Dose Medications","32","false","","Phos-NaK Powder 1.5 gm Packets 100/Box 	100/bx"
"OTC006135","Famotidine 20 mg Tablet 50/Bottle","50/bt","","Maximum Strength Pepcid","Antacids/Anti-Gas","3","false","","Famotidine 20 mg Tablet 50/Bottle 	50/bt 	Maximum Strength Pepcid"
"OTC006162","Calcium Carbonate Antacid 1177 mg Soft Chew 36/Bag","36/bag","","Tums Chewy Delights ®","Antacids/Anti-Gas","3","false","","Calcium Carbonate Antacid 1177 mg Soft Chew 36/Bag 	36/bag 	Tums Chewy Delights ®"
"OTC006396","Medicated Chest Rub 3.53-oz.","3.53 oz","","Vicks ® Vap-O-Rub","Cold, Cough & Allergy","8","false","","Medicated Chest Rub 3.53-oz. 	3.53 oz 	Vicks ® Vap-O-Rub"
"OTC006643","Epsom Salt","16 oz","","","Other","12","false","","Epsom Salt 	16 oz"
"OTC006902","Lip Balm Tropical 45 SPF 0.15 oz","0.15 oz","","","Lip Protectant","25","false","","Lip Balm Tropical 45 SPF 0.15 oz 	0.15 oz"
"OTC007313Z","Back Pain-Off 2 x Magnesium Salicylate 290mg, Acetaminophen 250mg, Caffeine 50mg Unit Dose Tablet, 250 Unit Dose/Box","250UD/bx","","","Unit Dose Medications","32","false","","Back Pain-Off 2 x Magnesium Salicylate 290mg, Acetaminophen 250mg, Caffeine 50mg Unit Dose Tablet, 250 Unit Dose/Box 250UD/bx"
"OTC007435","Lip Balm Moisture 15 SPF 0.15 oz","0.15 oz","","Chapstick ®","Lip Protectant","25","false","","Lip Balm Moisture 15 SPF 0.15 oz 	0.15 oz 	Chapstick ®"
"OTC007992","Oatmeal Soothing Bath Treatment 8 Single Use Packages","1 bx","","Aveeno ® Soothing Bath Treatment","Anti-Itch","23","false","","Oatmeal Soothing Bath Treatment 8 Single Use Packages 	1 bx 	Aveeno ® Soothing Bath Treatment"
"OTC008100","Miconazole 3-Day Vaginal Supplement Cream","3/bx","","Monistat ® 3","Anti-Fungals","23","false","","Miconazole 3-Day Vaginal Supplement Cream 	3/bx 	Monistat ® 3"
"OTC0081002","Mucinex ® 600 mg Tablet 100/Box","100/bx","","","Cold, Cough & Allergy","8","false","","Mucinex ® 600 mg Tablet 100/Box 	100/bx"
"OTC008400","Mucinex ® 600 mg Tablet 40/Box","40/bx","","","Cold, Cough & Allergy","8","false","","Mucinex ® 600 mg Tablet 40/Box 	40/bx"
"OTC008515","Alcon ® Naphcon A® Eye Allergy Relief 15 ml","15 ml","","","Ophthalmics","26","false","","Alcon ® Naphcon A® Eye Allergy Relief 15 ml 	15 ml"
"OTC009185","Aluminum Hydroxide Antacid SF Gel 16oz","16 oz","","Amphojel","Antacids/Anti-Gas","3","false","","Aluminum Hydroxide Antacid SF Gel 16oz 	16 oz 	Amphojel"
"OTC009660","Feosol ® Carbonyl Iron 45 mg Caplet 60/Bottle","60/bt","","","Iron","19","false","","Feosol ® Carbonyl Iron 45 mg Caplet 60/Bottle 	60/bt"
"OTC010002","Benzoin Compund Tincture","2 oz","","","Anti-Infective","22","false","","Benzoin Compund Tincture 	2 oz"
"OTC010015","Neo-Synephrine ® 1% Extra Strength Nasal Spray 15 ml","15 ml","","","Cold, Cough & Allergy","9","false","","Neo-Synephrine ® 1% Extra Strength Nasal Spray 15 ml 	15 ml"
"OTC010162","Complete Lice Treatment 3 Pack Kit","3 pk","","","Lice Treatment","29","false","","Complete Lice Treatment 3 Pack Kit 	3 pk"
"OTC011060","Salonpas Camphor/Menthol/Methylsalic Patch 60/Box","60/bx","","","Pain Relief Patches","12","false","","Salonpas Camphor/Menthol/Methylsalic Patch 60/Box 	60/bx"
"OTC011703","Lansoprazole 15 mg Delayed Release Caplet 42/Box","42/bx","","Prevacid ®","Antacids/Anti-Gas","3","false","","Lansoprazole 15 mg Delayed Release Caplet 42/Box 	42/bx 	Prevacid ®"
"OTC011883","Tums Ultra Assorted Fruit 72ct","72/bt OTC080905 OTC001488 OTC091503 OTC55010 OTC700286 Provide fast and effective relief for heartburn, ulcers, gas and more. Description","","Pkg. Compare To Acid Gone Antacid Chewable Tablets 100/Bottle 100/bt Tums® Acid Gone Antacid Liquid 12-oz. 12 oz Gaviscon® Aluminum Hydroxide Antacid SF Gel 16oz 16 oz Amphojel OTC080905 OTC001488 OTC091503 OTC55010 OTC700286","Antacids/Anti-Gas","3","false","","Tums Ultra Assorted Fruit 72ct 	72/bt OTC080905 OTC001488 OTC091503 OTC55010 OTC700286 Provide fast and effective relief for heartburn, ulcers, gas and more. Description 	Pkg. 	Compare To Acid Gone Antacid Chewable Tablets 100/Bottle 	100/bt 	Tums® Acid Gone Antacid Liquid 12-oz. 	12 oz 	Gaviscon® Aluminum Hydroxide Antacid SF Gel 16oz 	16 oz 	Amphojel OTC080905 OTC001488 OTC091503 OTC55010 OTC700286"
"OTC012104","Actidose-Aqua 25 gm Suspension Bottle 120 ml","120 ml","","","Activated Charcoal","29","false","","Actidose-Aqua 25 gm Suspension Bottle 120 ml 	120 ml"
"OTC012125","Actidose-Aqua 15 gm Suspension Tube 72 ml","72 ml","","","Activated Charcoal","29","false","","Actidose-Aqua 15 gm Suspension Tube 72 ml 	72 ml"
"OTC012176","Actidose-Aqua 50 gm Suspension Tube 240 ml","240 ml","","","Activated Charcoal","29","false","","Actidose-Aqua 50 gm Suspension Tube 240 ml 	240 ml"
"OTC012225","Activated Charcoal Pleet 25 gm","25 gm","","","Activated Charcoal","29","false","","Activated Charcoal Pleet 25 gm 	25 gm"
"OTC01224","Chlorpheniramine-M 4 mg Tablet 24/Box","24/bx","","Chlor-Trimeton ®","Cold, Cough & Allergy","7","false","","Chlorpheniramine-M 4 mg Tablet 24/Box 	24/bx 	Chlor-Trimeton ®"
"OTC012326","Garlic 1000 mg Softgel 100/Bottle","100/bt","","","Supplements","17","false","","Garlic 1000 mg Softgel 100/Bottle 	100/bt"
"OTC012413","Cold & Hot Patch Medicated Large 5/Box","5/bx","","Icy Hot Patch","Pain Relief Patches","12","false","","Cold & Hot Patch Medicated Large 5/Box 	5/bx 	Icy Hot Patch"
"OTC012950","Floranex™ Probiotic Tablet 50/Bottle","50/bt","","","Probiotics and Digestive Aids","20","false","","Floranex™ Probiotic Tablet 50/Bottle 	50/bt"
"OTC014283","Calamine Lotion 6-oz. Bottle","6 oz","","","Skin Protectants","25","false","","Calamine Lotion 6-oz. Bottle 	6 oz"
"OTC014654","Mucinex ® Adult Congestion & Cough Liquid 6-oz.","6 oz","","","Cold, Cough & Allergy","8","false","","Mucinex ® Adult Congestion & Cough Liquid 6-oz. 	6 oz"
"OTC015002","Cold Multi-Symptom Day/Night Caplet 20/Box","20/bx","","DayQuil ®","Cold, Cough & Allergy","7","false","","Cold Multi-Symptom Day/Night Caplet 20/Box 	20/bx 	DayQuil ®"
"OTC015201","Garlic Oil 500 mg Softgel 100/Bottle","100/bt 18","","MEDLINE","Supplements","17","false","","Garlic Oil 500 mg Softgel 100/Bottle 	100/bt 18 	MEDLINE"
"OTC015336","Senna Syrup 8-oz. Bottle","8 oz","","Senokot ®","Senna","6","false","","Senna Syrup 8-oz. Bottle 	8 oz 	Senokot ®"
"OTC015489","Advil ® 2 x 200 mg Tablet in Unit Dose Packets 50/Box; 24 Box/Case","24bx/cs","","","Unit Dose Medications","32","false","","Advil ® 2 x 200 mg Tablet in Unit Dose Packets 50/Box; 24 Box/Case 	24bx/cs"
"OTC015651","Mucinex ® Adult Cold, Flu, & Sore Throat Liquid 6-oz.","6 oz","","","Cold, Cough & Allergy","8","false","","Mucinex ® Adult Cold, Flu, & Sore Throat Liquid 6-oz. 	6 oz"
"OTC016155","Triple Antibiotic and Pain Relief Ointment","1oz","","Neosporin®","Pain Relief","24","false","","Triple Antibiotic and Pain Relief Ointment 	1oz 	Neosporin®"
"OTC016280","Benefiber ® Sugar Free Unflavored Sticks 28ct","28/bx","","","Fiber","5","false","","Benefiber ® Sugar Free Unflavored Sticks 28ct 	28/bx"
"OTC016288","Plan B One-Step ® 1.5 mg Tablet 1/Box","1/bx","","","Emergency Contraception","30","false","","Plan B One-Step ® 1.5 mg Tablet 1/Box 	1/bx"
"OTC017518","Eye Wash Solution 1-oz.","1 oz","","","Ophthalmics","26","false","","Eye Wash Solution 1-oz. 	1 oz"
"OTC017824","Tums Ex-Assorted Berries 3-roll/24 tablets","1pk","","","Antacids/Anti-Gas","3","false","","Tums Ex-Assorted Berries 3-roll/24 tablets 	1pk"
"OTC017990","Centrum ® Silver Adults 50 Plus Tablet 220/Bottle","220/bt","","","Vitamins & Minerals","14","false","","Centrum ® Silver Adults 50 Plus Tablet 220/Bottle 	220/bt"
"OTC018105","Artificial Tears Lubricating Opthalmic Drops 15 ml","15 ml","","Visine Tears ® Eye Drops","Ophthalmics","26","false","","Artificial Tears Lubricating Opthalmic Drops 15 ml 	15 ml 	Visine Tears ® Eye Drops"
"OTC018447H","Diphenhydramine 1 x 25 mg Tablet Unit Dose Caplet 200/Box","200UD/bx Benadryl ®","","","Unit Dose Medications","32","false","","Diphenhydramine 1 x 25 mg Tablet Unit Dose Caplet 200/Box 	200UD/bx Benadryl ®"
"OTC018516","Mineral Oil Light 16-oz.","16 oz","","","Miscellaneous Laxatives","6","false","","Mineral Oil Light 16-oz. 	16 oz"
"OTC018669","Mucinex ® Adult DM Liquid 6-oz.","6 oz","","","Cold, Cough & Allergy","8","false","","Mucinex ® Adult DM Liquid 6-oz. 	6 oz"
"OTC019697","Mucinex ® Adult Congestion & Cough Liquid 9-oz.","9 oz","","","Cold, Cough & Allergy","8","false","","Mucinex ® Adult Congestion & Cough Liquid 9-oz. 	9 oz"
"OTC01984","Aleve ® 1 x 220 mg Tablet in Unit Dose Packets 50/Box; 36 Box/Case","36bx/cs","","","Unit Dose Medications","32","false","","Aleve ® 1 x 220 mg Tablet in Unit Dose Packets 50/Box; 36 Box/Case 	36bx/cs"
"OTC019920CS","Ibuprofen 200 mg SG 20/Bottle 24/Case","20/bt 24/cs","","Advil","Ibuprofen","11","false","","Ibuprofen 200 mg SG 20/Bottle 24/Case 	20/bt 24/cs 	Advil"
"OTC020001","Abreva ® Cream Cold Sore/Fever Blister Treatment 2gm","2 gm","","","Lip Protectant","25","false","","Abreva ® Cream Cold Sore/Fever Blister Treatment 2gm 	2 gm"
"OTC020010","Flonase Allergy Relief Nasal Spray 120 Sprays","120 Spray","","","Nasal Care","27","false","","Flonase Allergy Relief Nasal Spray 120 Sprays 	120 Spray"
"OTC020020","Flonase Allergy Relief Nasal Spray 60 Sprays","60 Spray","","","Nasal Care","27","false","","Flonase Allergy Relief Nasal Spray 60 Sprays 	60 Spray"
"OTC020108","Insta-Char 50 gm Suspension 240 ml","240 ml","","","Activated Charcoal","29","false","","Insta-Char 50 gm Suspension 240 ml 	240 ml"
"OTC020208","Acetaminophen 500 mg/15 ml Liquid 8-oz.","8 oz","","Extra Strength Tylenol","Acetaminophen","10","false","","Acetaminophen 500 mg/15 ml Liquid 8-oz. 	8 oz 	Extra Strength Tylenol"
"OTC02066","Bayer ® Aspirin 2 x 325 mg Tablet in Unit Dose Packets 50/Box; 36 Box/Case","36bx/cs","","","Unit Dose Medications","32","false","","Bayer ® Aspirin 2 x 325 mg Tablet in Unit Dose Packets 50/Box; 36 Box/Case 	36bx/cs"
"OTC021006","Salonpas Camphor/Menthol/Methylsalic Patch 6/Box","6/bx","","","Pain Relief Patches","12","false","","Salonpas Camphor/Menthol/Methylsalic Patch 6/Box 	6/bx"
"OTC021771Z","Guaifenesin with Dextromethorphan 200/20MG UD","20 mg","","","Cold, Cough & Allergy","8","false","","Guaifenesin with Dextromethorphan 200/20MG UD 	20 mg"
"OTC022013Z","Diotame 2 x Bismuth Subsalicylate 262mg Unit Dose Chew Tablets, 250 Unit Dose/Box","250UD/bx","","","Unit Dose Medications","32","false","","Diotame 2 x Bismuth Subsalicylate 262mg Unit Dose Chew Tablets, 250 Unit Dose/Box 	250UD/bx"
"OTC022063","Clotrimazole Vaginal Cream 45 gm","45 gm","","Gyne-Lotrimin ® Vaginal Cream","Anti-Fungals","23","false","","Clotrimazole Vaginal Cream 45 gm 	45 gm 	Gyne-Lotrimin ® Vaginal Cream"
"OTC022101","Acetaminophen 500 mg Caplet 100/Bottle","100/bt","","Extra Strength Tylenol","Acetaminophen","10","false","","Acetaminophen 500 mg Caplet 100/Bottle 	100/bt 	Extra Strength Tylenol"
"OTC022301","Glucosamine 500 mg with Chondroitin 400 mg Caplet 60/Bottle","60/bt","","","Supplements","18","false","","Glucosamine 500 mg with Chondroitin 400 mg Caplet 60/Bottle 	60/bt"
"OTC022401","Acetaminophen-PM 500 mg Caplet 100/Bottle","100/bt Tylenol PM","","","Other","12","false","","Acetaminophen-PM 500 mg Caplet 100/Bottle 	100/bt Tylenol PM"
"OTC022510","Simethicone 80 mg Chewable Tablet Unit Dose 100/Box","100UD/bx","","Gas-X","Antacids/Anti-Gas","3","false","","Simethicone 80 mg Chewable Tablet Unit Dose 100/Box 	100UD/bx 	Gas-X"
"OTC022640","Melatonin 3 mg Tablet 200/Bottle","200/bt","","","Supplements","18","false","","Melatonin 3 mg Tablet 200/Bottle 	200/bt"
"OTC022813","Pain-Off(R) 2 x Acetaminophen 250mg, Aspirin 250mg, Caffeine 65mg Unit Dose Tablet, 250 Unit Dose/Box","250UD/bx","","Excedrin ®","Unit Dose Medications","32","false","","Pain-Off(R) 2 x Acetaminophen 250mg, Aspirin 250mg, Caffeine 65mg Unit Dose Tablet, 250 Unit Dose/Box 250UD/bx Excedrin ®"
"OTC02303","Oral Pain Relief Benzocaine 20% Gel","0.33 oz","","Orajel ®","Oral Care","30","false","","Oral Pain Relief Benzocaine 20% Gel 	0.33 oz 	Orajel ®"
"OTC024402","Medi-First Antiseptic Spray","2oz","","","Pain Relief","24","false","","Medi-First Antiseptic Spray 	2oz"
"OTC024601","Tums Smoothies Assorted Fruit 12ct","12/bt","","","Antacids/Anti-Gas","3","false","","Tums Smoothies Assorted Fruit 12ct 	12/bt"
"OTC02479","Zeasorb ® AF Powder Jock Itch 2-oz.","2 oz","","","Anti-Fungals","23","false","","Zeasorb ® AF Powder Jock Itch 2-oz. 	2 oz"
"OTC025237","Miconazole Nitrate 2% Cream 45 gm","1.59 oz","","Monistat ® 7","Anti-Fungals","23","false","","Miconazole Nitrate 2% Cream 45 gm 	1.59 oz 	Monistat ® 7"
"OTC026646","Fish Oil 1200 mg Burpless Softgel 120/Bottle","120/bt","","","Supplements","17","false","","Fish Oil 1200 mg Burpless Softgel 120/Bottle 	120/bt"
"OTC027760","Vitamin E 1000 IU Softgel 100/Bottle","100/bt","","","Vitamins & Minerals","16","false","","Vitamin E 1000 IU Softgel 100/Bottle 	100/bt"
"OTC027953","Hemorrhoidal Suppository 12/Box","12/bx","","Preparation-H ®","Other","12","false","","Hemorrhoidal Suppository 12/Box 	12/bx 	Preparation-H ®"
"OTC027962","Hemorrhoidal Suppository 24/Box","24/bx","","Preparation-H OTC058404","Other","12","false","","Hemorrhoidal Suppository 24/Box 	24/bx 	Preparation-H OTC058404"
"OTC030170","OCuSOFT® Foaming Eye Lid Cleanser 7.2-oz.","7.2 oz","","","Ophthalmics","26","false","","OCuSOFT® Foaming Eye Lid Cleanser 7.2-oz. 	7.2 oz"
"OTC030601","Polyethylene Glycol Powder 4.1-oz.","4.1 oz","","Miralax ®","Polyethylene Glycol","6","false","","Polyethylene Glycol Powder 4.1-oz. 	4.1 oz 	Miralax ®"
"OTC030602","Polyethylene Glycol Powder 8.3-oz.","8.3 oz","","Miralax","Polyethylene Glycol","6","false","","Polyethylene Glycol Powder 8.3-oz. 	8.3 oz 	Miralax"
"OTC030603","Polyethylene Glycol Powder 17.9-oz.","17.9 oz","","Miralax","Polyethylene Glycol","6","false","","Polyethylene Glycol Powder 17.9-oz. 	17.9 oz 	Miralax"
"OTC030898","Witch Hazel Hemorrhoidal Pads","100/jar Tucks ®","","","Pain Relief","24","false","","Witch Hazel Hemorrhoidal Pads 	100/jar Tucks ®"
"OTC032302","Boudreaux’s Butt Paste ® Maximum Strength 2-oz.","2 oz","","","Skin Protectants","25","false","","Boudreaux’s Butt Paste ® Maximum Strength 2-oz. 	2 oz"
"OTC032564","Medi-Acid Reducer Ranitidine 150mg Tablet Blisterpack, 24/Box","24/bx","","Zantac ® 150","Antacids/Anti-Gas","3","false","","Medi-Acid Reducer Ranitidine 150mg Tablet Blisterpack, 24/Box 	24/bx 	Zantac ® 150"
"OTC033506","Clotrimazole 1% Cream 0.5-oz. Tube","0.5 oz","","Lotrimin ® AF","Anti-Fungals","23","false","","Clotrimazole 1% Cream 0.5-oz. Tube 	0.5 oz 	Lotrimin ® AF"
"OTC033511","Black Cohosh 540 mg Capsule 100/Bottle","100/bt","","","Supplements","17","false","","Black Cohosh 540 mg Capsule 100/Bottle 	100/bt"
"OTC034405","Nicotine 2 mg Mint Lozenge 72/Pack","72/pk","","","Smoking Cessation","29","false","","Nicotine 2 mg Mint Lozenge 72/Pack 	72/pk"
"OTC034806","Barrier Spray Zinc Oxide 10% 6-oz.","6 oz","","","Skin Protectants","25","false","","Barrier Spray Zinc Oxide 10% 6-oz. 	6 oz"
"OTC035740","Antacid/Antigas Regular Strength Original Liquid 12-oz.","12 oz","","Mylanta","Antacids/Anti-Gas","3","false","","Antacid/Antigas Regular Strength Original Liquid 12-oz. 	12 oz 	Mylanta"
"OTC036311","0869-2452-10 OTC030602 OTC240205 ANTI-DIARRHEA/ANTI-NAUSEA/LAXATIVES 8","MEDLINE Treat these common ailments with dependable remedies.","","","Miscellaneous Laxatives","6","false","","0869-2452-10 OTC030602 OTC240205 ANTI-DIARRHEA/ANTI-NAUSEA/LAXATIVES 8 	MEDLINE Treat these common ailments with dependable remedies."
"OTC036374","Culturelle ® Immunity Probiotic Capsule 30/Box","30/bx","","","Probiotics and Digestive Aids","20","false","","Culturelle ® Immunity Probiotic Capsule 30/Box 	30/bx"
"OTC037706","Sore Throat Spray Menthol 6-oz.","6 oz","","Cepacol","Cold, Cough & Allergy","9","false","","Sore Throat Spray Menthol 6-oz. 	6 oz 	Cepacol"
"OTC037926","Diphenhydramine 12.5 mg/5 ml Cherry Flavor 4-oz.","4 oz","","Children's Benadryl ®","Cold, Cough & Allergy","7","false","","Diphenhydramine 12.5 mg/5 ml Cherry Flavor 4-oz. 	4 oz 	Children's Benadryl ®"
"OTC038196","Loperamide HCL 2 mg Caplet 96/Bottle","96/bt","","Imodium AD","Anti-Diarrheals","4","false","","Loperamide HCL 2 mg Caplet 96/Bottle 	96/bt 	Imodium AD"
"OTC039004","Antibacterial Wound Wash Benzalkonium Chloride 0.13%, 4oz","4 oz","","","Miscellaneous","25","false","","Antibacterial Wound Wash Benzalkonium Chloride 0.13%, 4oz 4 oz"
"OTC039640","Milk Of Magnesia 12-oz. Bottle","12 oz","","Phillips’® Milk of Magnesia","Antacids/Anti-Gas","3","false","","Milk Of Magnesia 12-oz. Bottle 	12 oz 	Phillips’® Milk of Magnesia"
"OTC040101","Docusate Sodium 100 mg Softgel 100/Bottle","100/bt","","Colace","Docusate Sodium","5","false","","Docusate Sodium 100 mg Softgel 100/Bottle 	100/bt 	Colace"
"OTC040110","Docusate Sodium 100 mg Softgel 1000/Bottle","1000/bt","","Colace","Docusate Sodium","5","false","","Docusate Sodium 100 mg Softgel 1000/Bottle 	1000/bt 	Colace"
"OTC040330","Refresh Plus Opthalmic Drop 30 x 0.4 ml Unit Dose","30UD/bx","","","Ophthalmics","26","false","","Refresh Plus Opthalmic Drop 30 x 0.4 ml Unit Dose 	30UD/bx"
"OTC040501","Poly-Vi-Sol ® with Iron Drops 50 ml","50 ml","","","Vitamins & Minerals","15","false","","Poly-Vi-Sol ® with Iron Drops 50 ml 	50 ml"
"OTC040828","Cinnamon 500 mg Caplet 100/Bottle","100/bt","","","Supplements","17","false","","Cinnamon 500 mg Caplet 100/Bottle 	100/bt"
"OTC041663","GenTeal Tears Moderate Opthalmic Drops 36 x 0.9 ml","36UD/bx","","","Ophthalmics","26","false","","GenTeal Tears Moderate Opthalmic Drops 36 x 0.9 ml 	36UD/bx"
"OTC041881","GenTeal ® Tears Mild Opthalmic Drops 15 ml","15 ml","","","Ophthalmics","26","false","","GenTeal ® Tears Mild Opthalmic Drops 15 ml 	15 ml"
"OTC042016","Mag-Tab® Slow Release 84 mg Caplet 60/Bottle","60/bt","","","Magnesium","20","false","","Mag-Tab® Slow Release 84 mg Caplet 60/Bottle 	60/bt"
"OTC042101","Docusate Sodium 100 mg Tablet 100/Bottle","100/bt","","Colace ®","Docusate Sodium","5","false","","Docusate Sodium 100 mg Tablet 100/Bottle 	100/bt 	Colace ®"
"OTC042501","Docusate Sodium 250 mg Softgel 100/Bottle","100/bt","","Colace","Docusate Sodium","5","false","","Docusate Sodium 250 mg Softgel 100/Bottle 	100/bt 	Colace"
"OTC042513Z","Decorel Forte Plus Severe Cold & Cough Relief 2 x 250 Unit Dose Tablet, 250 Unit Dose/Box","250UD/bx","","","Unit Dose Medications","32","false","","Decorel Forte Plus Severe Cold & Cough Relief 2 x 250 Unit Dose Tablet, 250 Unit Dose/Box 	250UD/bx"
"OTC042553","Fexofenadine HCL 60 mg 12-Hour Tablet 12/Box","12/bx","","Allegra","Cold, Cough & Allergy","8","false","","Fexofenadine HCL 60 mg 12-Hour Tablet 12/Box 	12/bx 	Allegra"
"OTC042636","GenTeal Tears Moderate Opthalmic Drops 15 ml","15 ml","","","Ophthalmics","26","false","","GenTeal Tears Moderate Opthalmic Drops 15 ml 	15 ml"
"OTC04286","Menthol 2.5% Vanishing Scent Gel 3-oz. Tube","3oz","","Bengay Vanishing Scent","Pain Relief","24","false","","Menthol 2.5% Vanishing Scent Gel 3-oz. Tube 	3oz 	Bengay Vanishing Scent"
"OTC042947","GenTeal Tears Severe Opthalmic Gel 10 gm","10 gm","","","Ophthalmics","26","false","","GenTeal Tears Severe Opthalmic Gel 10 gm 	10 gm"
"OTC043130","Milk Of Magnesia 400 mg/5 ml Unit Dose 100 x 30 ml","100UD/bx","","","Unit Dose Medications","32","false","","Milk Of Magnesia 400 mg/5 ml Unit Dose 100 x 30 ml 	100UD/bx"
"OTC043805","Hydrocortisone 1%, Cream 1-lb.","1 lb","","Cortaid ®","Anti-Itch","23","false","","Hydrocortisone 1%, Cream 1-lb. 	1 lb 	Cortaid ®"
"OTC044909","Fiber Laxative 625 mg Caplet 90/Bottle","90/bt","","FiberCon ®","Fiber","5","false","","Fiber Laxative 625 mg Caplet 90/Bottle 	90/bt 	FiberCon ®"
"OTC045510","Senna S Tablet 1000/Bottle","1000/bt","","Senokot-S","Senna with Docusate","6","false","","Senna S Tablet 1000/Bottle 	1000/bt 	Senokot-S"
"OTC045940","Night Time Cold and Flu Liquid 12oz Cherry Flavor","12 oz","","Vicks ® NyQuil ® Cold & Flu","Cold, Cough & Allergy","9","false","","Night Time Cold and Flu Liquid 12oz Cherry Flavor 	12 oz 	Vicks ® NyQuil ® Cold & Flu"
"OTC047915Z","Medi-Meclizine 1 x 25mg Meclizine Unit Dose Tablet, 500 Unit Dose/Box","500UD/bx","","","Unit Dose Medications","32","false","","Medi-Meclizine 1 x 25mg Meclizine Unit Dose Tablet, 500 Unit Dose/Box 	500UD/bx"
"OTC050072","Lanacane ® Anti-Itch Maximum Strength Cream 1-oz.","1 oz","","","Anti-Itch","23","false","","Lanacane ® Anti-Itch Maximum Strength Cream 1-oz. 	1 oz"
"OTC050650","Refresh ® Classic Opthalmic Drop 50 x 0.4 ml Unit Dose","50UD/bx","","","Ophthalmics","26","false","","Refresh ® Classic Opthalmic Drop 50 x 0.4 ml Unit Dose 	50UD/bx"
"OTC051281","Folic Acid 1000 mcg Tablet 100/Bottle","100/bt","","","Supplements","18","false","","Folic Acid 1000 mcg Tablet 100/Bottle 	100/bt"
"OTC051651","Anti-Itch Spray Itch-X® 2-oz.","2 oz","","","Anti-Itch","23","false","","Anti-Itch Spray Itch-X® 2-oz. 	2 oz"
"OTC052060","Vitamin B-6 50 mg Tablet 100/Bottle","100/bt Vitamin B-12 500 mcg Tablet 100/Bottle","","100/bt Vitamin B-50 Complex Tablet 60/Bottle 60/bt Vitamin B-6 100 mg Tablet 100/Bottle 100/bt 100/bt 100/bt OTC222515 OTC18992 OTC2380","Vitamins & Minerals","15","false","","Vitamin B-6 50 mg Tablet 100/Bottle 	100/bt Vitamin B-12 500 mcg Tablet 100/Bottle 	100/bt Vitamin B-50 Complex Tablet 60/Bottle 	60/bt Vitamin B-6 100 mg Tablet 100/Bottle 	100/bt 100/bt 100/bt OTC222515 OTC18992 OTC2380"
"OTC052210","Aspirin 81 mg Enteric Coated Tablet Unit Dose 100/Box","100/bx","","Bayer ® Low Dose","Aspirin","11","false","","Aspirin 81 mg Enteric Coated Tablet Unit Dose 100/Box 	100/bx 	Bayer ® Low Dose"
"OTC052403","Terbinafine HCL 1% Cream 1-oz. Tube","1 oz","","Lamisil AT®","Anti-Fungals","23","false","","Terbinafine HCL 1% Cream 1-oz. Tube 	1 oz 	Lamisil AT®"
"OTC052504","Sensodyne Ex Whitening Toothpaste 4.0oz","4 oz","","","Oral Care","30","false","","Sensodyne Ex Whitening Toothpaste 4.0oz 	4 oz"
"OTC052507","Sensodyne ® Ex Whitening Toothpaste 2.7oz","2.7 oz","","","Oral Care","30","false","","Sensodyne ® Ex Whitening Toothpaste 2.7oz 	2.7 oz"
"OTC052560","Vitamin C 250 mg Chewable Tablet 100/Bottle","100/bt","","","Vitamins & Minerals","16","false","","Vitamin C 250 mg Chewable Tablet 100/Bottle 	100/bt"
"OTC053501","Benadryl ® 12.5 mg/5 ml Alcohol Sugar and Dye Free Solution 4-oz.","4 oz","","","Cold, Cough & Allergy","7","false","","Benadryl ® 12.5 mg/5 ml Alcohol Sugar and Dye Free Solution 4-oz. 	4 oz"
"OTC054662","Ibuprofen 100 mg Chewable Tablet Orange Flavor 24/Bottle","24/bt","","Motrin ® Junior Strength","Ibuprofen","11","false","","Ibuprofen 100 mg Chewable Tablet Orange Flavor 24/Bottle 	24/bt 	Motrin ® Junior Strength"
"OTC055009","Men-Phor™ Lotion 7.5-oz. Bottle","7.5 oz","","","Anti-Fungals","23","false","","Men-Phor™ Lotion 7.5-oz. Bottle 	7.5 oz"
"OTC05606","Vapor Cream Greaseless 1-oz.","1 oz","","Vicks ®","Cold, Cough & Allergy","9","false","","Vapor Cream Greaseless 1-oz. 	1 oz 	Vicks ®"
"OTC056406A","Mucinex ® DM Extended Release Tablet 40/Box","40/bx","","","Cold, Cough & Allergy","8","false","","Mucinex ® DM Extended Release Tablet 40/Box 	40/bx"
"OTC057501","Multi-Vitamin Prenatal Tablet 100/Bottle","100/bt","","","Vitamins & Minerals","14","false","","Multi-Vitamin Prenatal Tablet 100/Bottle 	100/bt"
"OTC058404","Aspercreme ® 4% Lidocaine Pain Relieving Patch 5/Box","5/bx","","","Pain Relief Patches","12","false","","Aspercreme ® 4% Lidocaine Pain Relieving Patch 5/Box 	5/bx"
"OTC060001","Hydrocerin Cream 16-oz. Jar","16 oz","","","Moisturizer","25","false","","Hydrocerin Cream 16-oz. Jar 	16 oz"
"OTC062008","Hydrocerin Lotion 8-oz. Bottle","8 oz","","","Moisturizer","25","false","","Hydrocerin Lotion 8-oz. Bottle 	8 oz"
"OTC06300","Beano ® Tablet 100/Bottle","100/bt","","","Antacids/Anti-Gas","3","false","","Beano ® Tablet 100/Bottle 	100/bt"
"OTC063012","Dimenhydrinate 50 mg Tablet 12/Box","12/bx","","Dramamine ®","Anti-Nausea","4","false","","Dimenhydrinate 50 mg Tablet 12/Box 	12/bx 	Dramamine ®"
"OTC063800","Guaifenesin 100 mg+DM 10mg Syrup Unit Dose 100 x 5ml","100UD/bx Robitussin DM ®","","","Unit Dose Medications","32","false","","Guaifenesin 100 mg+DM 10mg Syrup Unit Dose 100 x 5ml 	100UD/bx Robitussin DM ®"
"OTC064526","Loperamide Suspension 1 mg/7.5 ml 4-oz.","4 oz Immodium AD Oral Suspension","","","Anti-Diarrheals","4","false","","Loperamide Suspension 1 mg/7.5 ml 4-oz. 	4 oz Immodium AD Oral Suspension"
"OTC065640","DayTime Cold & Flu Multi-Symptom Relief Liquid","12 oz","","DayQuil ® Cold & Flu","Cold, Cough & Allergy","7","false","","DayTime Cold & Flu Multi-Symptom Relief Liquid 	12 oz 	DayQuil ® Cold & Flu"
"OTC066738","Magnesium Citrate Lemon Solution 10-oz.","10 oz","","","Magnesium Citrate","5","false","","Magnesium Citrate Lemon Solution 10-oz. 	10 oz"
"OTC067509","Salonpas Menthol/Methylsalic Patch 9/Box","59/bx","","","Pain Relief Patches","12","false","","Salonpas Menthol/Methylsalic Patch 9/Box 	59/bx"
"OTC067816","Hemorrhoidal Ointment 2-oz. Tube","2oz","","Preparation H ® Hemorrhoidal Ointment","Pain Relief","24","false","","Hemorrhoidal Ointment 2-oz. Tube 	2oz 	Preparation H ® Hemorrhoidal Ointment"
"OTC068712","Natrapel Insect Repellent Pump Spray","3.4 oz","","","Insect Repellent","30","false","","Natrapel Insect Repellent Pump Spray 	3.4 oz"
"OTC070001","Salonpas ® Hot Capsaicin Patch 50/Box","50/bx","","","Pain Relief Patches","12","false","","Salonpas ® Hot Capsaicin Patch 50/Box 	50/bx"
"OTC070107","Anecream™ 4% with Tegaderm Kit 5 gm","5gm","","","Pain Relief","24","false","","Anecream™ 4% with Tegaderm Kit 5 gm 	5gm"
"OTC070217","Guaifenesin Extended-Release 600mg Tablets","40/bx","","Mucinex ®","Cold, Cough & Allergy","8","false","","Guaifenesin Extended-Release 600mg Tablets 	40/bx 	Mucinex ®"
"OTC070301","Ferrous Sulfate 325 mg Tablet 100/Bottle","100/bt","","","Iron","19","false","","Ferrous Sulfate 325 mg Tablet 100/Bottle 	100/bt"
"OTC070310","Ferrous Sulfate 325 mg Tablet 1000/Bottle","1000/bt","","","Iron","19","false","","Ferrous Sulfate 325 mg Tablet 1000/Bottle 	1000/bt"
"OTC070883","Ben’s ® 30% Insect Repellent Pump Spray 3.4-oz.","3.4 oz","","","Insect Repellent","30","false","","Ben’s ® 30% Insect Repellent Pump Spray 3.4-oz. 	3.4 oz"
"OTC071185","Fexofenadine 180 mg Tablet 15/Box","15/bx","","Allegra®","Cold, Cough & Allergy","7","false","","Fexofenadine 180 mg Tablet 15/Box 	15/bx 	Allegra®"
"OTC071710","Ketotifen Opthalmic Solution 5 ml","5 ml","","","Ophthalmics","26","false","","Ketotifen Opthalmic Solution 5 ml 	5 ml"
"OTC071903","Ben’s ® 30% Insect Repellent Pump Spray 1.25-oz.","1.25 oz","","","Insect Repellent","30","false","","Ben’s ® 30% Insect Repellent Pump Spray 1.25-oz. 	1.25 oz"
"OTC072001","Vitamin B Complex Tablet 100/Bottle","100/bt","","","Vitamins & Minerals","15","false","","Vitamin B Complex Tablet 100/Bottle 	100/bt"
"OTC072115","OTC000458","OTC61463 20","","MEDLINE","Supplements","18","false","","OTC000458 	OTC61463 20 	MEDLINE"
"OTC073015","Calcium Carbonate 600 mg Tablet 150/Bottle","150/bt","","","Calcium","19","false","","Calcium Carbonate 600 mg Tablet 150/Bottle 	150/bt"
"OTC073030","Acetaminophen 650 mg Suppository 12/Box","12/bx","","","Acetaminophen","10","false","","Acetaminophen 650 mg Suppository 12/Box 	12/bx"
"OTC073101","Oyster Shell Calcium 250 mg with Vitamin D 125 IU Tablet 100/Bottle","100/bt","","","Calcium","19","false","","Oyster Shell Calcium 250 mg with Vitamin D 125 IU Tablet 100/Bottle 	100/bt"
"OTC073206","Calcium 600 mg with Vitamin D-3 400 IU Tablet 60/Bottle","60/bt","","","Calcium","19","false","","Calcium 600 mg with Vitamin D-3 400 IU Tablet 60/Bottle 	60/bt"
"OTC073230","Acetaminophen 120 mg Suppository 12/Box","12/bx","","","Acetaminophen","10","false","","Acetaminophen 120 mg Suppository 12/Box 	12/bx"
"OTC073401","Calcium Citrate 315 mg with Vitamin D-3 250 IU Tablet 100/Bottle","100/bt","","","Calcium","19","false","","Calcium Citrate 315 mg with Vitamin D-3 250 IU Tablet 100/Bottle 	100/bt"
"OTC073706","Cranberry 425 mg Caplet 60/Bottle","60/bt","","","Supplements","17","false","","Cranberry 425 mg Caplet 60/Bottle 	60/bt"
"OTC074092","Meta Wafer Cinnamon 2 Wafer/Package; 12 Package/Box","12/bx","","","Fiber","5","false","","Meta Wafer Cinnamon 2 Wafer/Package; 12 Package/Box 	12/bx"
"OTC074101","Multi-Vitamin+Iron Tablet 100/Bottle","100/bt","","","Vitamins & Minerals","14","false","","Multi-Vitamin+Iron Tablet 100/Bottle 	100/bt"
"OTC074110","Multi-Vitamin+Iron Tablet 1000/Bottle","1000/bt","","","Vitamins & Minerals","14","false","","Multi-Vitamin+Iron Tablet 1000/Bottle 	1000/bt"
"OTC074201","Multi-Vitamin+Mineral Tablet 100/Bottle","100/bt","","","Vitamins & Minerals","14","false","","Multi-Vitamin+Mineral Tablet 100/Bottle 	100/bt"
"OTC074301","Multi-Vitamin Tablet 100/Bottle","100/bt","","","Vitamins & Minerals","14","false","","Multi-Vitamin Tablet 100/Bottle 	100/bt"
"OTC074310","Multi-Vitamin Tablet 1000/Bottle","1000/bt","","","Vitamins & Minerals","14","false","","Multi-Vitamin Tablet 1000/Bottle 	1000/bt"
"OTC074706","Calcium 600 mg with Vitamin D 200 IU Tablet 60/Bottle","60/bt","","","Calcium","19","false","","Calcium 600 mg with Vitamin D 200 IU Tablet 60/Bottle 	60/bt"
"OTC077024","Ranitidine 150 mg Tablet 24/Bottle","24/bt","","Zantac ® 150","Antacids/Anti-Gas","3","false","","Ranitidine 150 mg Tablet 24/Bottle 	24/bt 	Zantac ® 150"
"OTC077702","Tinactin ® Powder Spray 4.6-oz.","4.6 oz","","","Anti-Fungals","23","false","","Tinactin ® Powder Spray 4.6-oz. 	4.6 oz"
"OTC078430","Fexofenadine HCL 180 mg Tablet 30/Bottle","30/bt","","Allegra Treat these common ailments with dependable remedies. OTC740164","Cold, Cough & Allergy","7","false","","Fexofenadine HCL 180 mg Tablet 30/Bottle 	30/bt 	Allegra Treat these common ailments with dependable remedies. OTC740164"
"OTC078539","Fiber Gummies 120/Bottle","120/bt","","","Vitamins & Minerals","14","false","","Fiber Gummies 120/Bottle 	120/bt"
"OTC078803","Loratadine 10 mg Tablet 30/Bottle","30/bt","","Claritin ®","Cold, Cough & Allergy","8","false","","Loratadine 10 mg Tablet 30/Bottle 	30/bt 	Claritin ®"
"OTC078809","Loratadine 10 mg Tablet 90/Bottle","90/bt","","Claritin","Cold, Cough & Allergy","8","false","","Loratadine 10 mg Tablet 90/Bottle 	90/bt 	Claritin"
"OTC080905","Esompreazole Magnesium 20mg Delayed-Release Capsule 14/Bottle","14/bt","","Nexium ® 24 HR","Antacids/Anti-Gas","3","false","","Esompreazole Magnesium 20mg Delayed-Release Capsule 14/Bottle 	14/bt 	Nexium ® 24 HR"
"OTC082808","Oyster Shell Calcium 500 mg with Vitamin D 200 IU Tablet 120/Bottle","120/bt","","","Calcium","19","false","","Oyster Shell Calcium 500 mg with Vitamin D 200 IU Tablet 120/Bottle 	120/bt"
"OTC082906","Calcium 500 mg with Vitamin D-3 400 IU Chewtable Tablet 60/Bottle","60/bt","","","Calcium","19","false","","Calcium 500 mg with Vitamin D-3 400 IU Chewtable Tablet 60/Bottle 	60/bt"
"OTC083006","Salonpas 4% Lidocaine Pain Relieving Patch 6/Box","6/bx","","","Pain Relief Patches","12","false","","Salonpas 4% Lidocaine Pain Relieving Patch 6/Box 	6/bx"
"OTC085140","Antacid/Antigas Regular Strength Mint Liquid 12-oz.","12 oz","","Maalox ® Advanced","Antacids/Anti-Gas","3","false","","Antacid/Antigas Regular Strength Mint Liquid 12-oz. 	12 oz 	Maalox ® Advanced"
"OTC086601","Acidophilus Caplet 100/Bottle","100/bt","","","Probiotics and Digestive Aids","20","false","","Acidophilus Caplet 100/Bottle 	100/bt"
"OTC086905","Probiotic-Saccharomyces Boulardii 250 mg Capsule 50/Bottle","50/bt","","","Probiotics and Digestive Aids","20","false","","Probiotic-Saccharomyces Boulardii 250 mg Capsule 50/Bottle 	50/bt"
"OTC087305","Nicotine 4 mg Mint Lozenge 72/Pack","72/pk","","","Smoking Cessation","29","false","","Nicotine 4 mg Mint Lozenge 72/Pack 	72/pk"
"OTC087513","Multi-Vitamin+Mineral Caplet 130/Bottle","130/bt","","","Vitamins & Minerals","14","false","","Multi-Vitamin+Mineral Caplet 130/Bottle 	130/bt"
"OTC08812","Diphenhydramine 2% Cream 1.25-oz. Tube","1.25oz","","Benadryl ® Cream","Anti-Itch","23","false","","Diphenhydramine 2% Cream 1.25-oz. Tube 	1.25oz 	Benadryl ® Cream"
"OTC088406","Melatonin 1 mg Tablet 60/Bottle","60/bt","","","Supplements","18","false","","Melatonin 1 mg Tablet 60/Bottle 	60/bt"
"OTC089665","Opthalmic Solution Lubricant Single Use 30/Box","30/bx","","Systane ® Lubricant Eye Drops","Ophthalmics","26","false","","Opthalmic Solution Lubricant Single Use 30/Box 	30/bx 	Systane ® Lubricant Eye Drops"
"OTC090746","Turmeric 500mg Caplet 60/BT","60/bt","","","Probiotics and Digestive Aids","20","false","","Turmeric 500mg Caplet 60/BT 	60/bt"
"OTC091160","Glucosamine 500 mg with Chondroitin Caplet 60/Bottle","60/bt","","","Supplements","18","false","","Glucosamine 500 mg with Chondroitin Caplet 60/Bottle 	60/bt"
"OTC091301","Vitamin B-12 500 mcg Tablet 100/Bottle","100/bt","","","Vitamins & Minerals","15","false","","Vitamin B-12 500 mcg Tablet 100/Bottle 	100/bt"
"OTC091401","Vitamin B-12 1000 mcg Tablet 100/Bottle","100/bt","","","Vitamins & Minerals","15","false","","Vitamin B-12 1000 mcg Tablet 100/Bottle 	100/bt"
"OTC091503","Omeprazole 20 mg Delayed Release Tablet 42/Box","42/bx","","Prilosec ® OTC","Antacids/Anti-Gas","3","false","","Omeprazole 20 mg Delayed Release Tablet 42/Box 	42/bx 	Prilosec ® OTC"
"OTC091901","Vitamin D3 1000 IU Tablet 100/Bottle","100/bt","","","Vitamins & Minerals","16","false","","Vitamin D3 1000 IU Tablet 100/Bottle 	100/bt"
"OTC093616","Docusate Sodium 50 mg/5 ml Liquid 16-oz.","16 oz","","Colace Liquid","Docusate Sodium","5","false","","Docusate Sodium 50 mg/5 ml Liquid 16-oz. 	16 oz 	Colace Liquid"
"OTC095501","Vitamin C 500 mg Tablet 100/Bottle","100/bt","","","Vitamins & Minerals","16","false","","Vitamin C 500 mg Tablet 100/Bottle 	100/bt"
"OTC098512","Aspirin 81 mg Enteric Coated Tablet 120/Bottle","120/bt","","Bayer Low Dose","Aspirin","11","false","","Aspirin 81 mg Enteric Coated Tablet 120/Bottle 	120/bt 	Bayer Low Dose"
"OTC099992","Lice-B-Gone™ Shampoo 1 Gallon/Bottle 4 Bottle/Case","4 bt/cs","","","Lice Treatment","29","false","","Lice-B-Gone™ Shampoo 1 Gallon/Bottle 4 Bottle/Case 	4 bt/cs"
"OTC100010","Airborne ® Effervescent Tablet Orange Flavor 10 Tablets","10/bx","","","Vitamins & Minerals","14","false","","Airborne ® Effervescent Tablet Orange Flavor 10 Tablets 	10/bx"
"OTC100112","Phenylephrine HCL 10 mg Tablet 36/Box","36/bx","","Sudafed PE®","Cold, Cough & Allergy","9","false","","Phenylephrine HCL 10 mg Tablet 36/Box 	36/bx 	Sudafed PE®"
"OTC100115","Muscle Rub Cream","1.25oz","","Bengay ®","Pain Relief","24","false","","Muscle Rub Cream 	1.25oz 	Bengay ®"
"OTC10013","Ibuprofen 2 x 200 mg Unit Dose Tablet 250 Unit Dose/Box","250UD/bx","","Advil ®","Ibuprofen","11","false","","Ibuprofen 2 x 200 mg Unit Dose Tablet 250 Unit Dose/Box 	250UD/bx 	Advil ®"
"OTC100335","Senna Tablet 1000/Bottle","1000/bt","","Senokot","Senna","6","false","","Senna Tablet 1000/Bottle 	1000/bt 	Senokot"
"OTC100942","Airborne ® Effervescent Tablet Berry Flavor 10 Tablets","10/bx","","","Vitamins & Minerals","14","false","","Airborne ® Effervescent Tablet Berry Flavor 10 Tablets 	10/bx"
"OTC10101","Acetaminophen 325 mg Tablet 100/Bottle","100/bt","","Tylenol","Acetaminophen","10","true","","Acetaminophen 325 mg Tablet 100/Bottle 	100/bt 	Tylenol"
"OTC10110","Acetaminophen 325 mg Tablet 1000/Bottle","1000/bt","","Tylenol","Acetaminophen","10","true","","Acetaminophen 325 mg Tablet 1000/Bottle 	1000/bt 	Tylenol"
"OTC10112BX","Bisacodyl 10 mg Suppository 12/Box","12/bx","","Dulcolax Suppositories","Bisacodyl","4","false","","Bisacodyl 10 mg Suppository 12/Box 	12/bx 	Dulcolax Suppositories"
"OTC10199BX","Bisacodyl 10 mg Suppository 100/Box","100/bx","","Dulcolax Suppositories","Bisacodyl","4","false","","Bisacodyl 10 mg Suppository 100/Box 	100/bx 	Dulcolax Suppositories"
"OTC102008","Simethicone 125 mg Chewable Tablet 60/Bottle","60/bt","","Gas-X Extra Strength ®","Antacids/Anti-Gas","3","false","","Simethicone 125 mg Chewable Tablet 60/Bottle 	60/bt 	Gas-X Extra Strength ®"
"OTC10444","Eldertonic ® Elixir 16-oz.","16 oz","","","Vitamins & Minerals","14","false","","Eldertonic ® Elixir 16-oz. 	16 oz"
"OTC104465","Megared Omega-3 500 mg Softgel 45/Box","45/bx","","","Supplements","18","false","","Megared Omega-3 500 mg Softgel 45/Box 	45/bx"
"OTC106084","Refresh Tears ® 0.5% Opthalmic Drop 2 x 15 ml","2/bx","","","Ophthalmics","26","false","","Refresh Tears ® 0.5% Opthalmic Drop 2 x 15 ml 	2/bx"
"OTC109170","Fluticasone Propionate Nasal Spray 60 Sprays","60 Spray","","Flonase","Nasal Care","27","false","","Fluticasone Propionate Nasal Spray 60 Sprays 	60 Spray 	Flonase"
"OTC11008","Mineral Oil Laxative 16-oz. Liquid Bottle","16 oz","","Roberts ®","Miscellaneous Laxatives","6","false","","Mineral Oil Laxative 16-oz. Liquid Bottle 	16 oz 	Roberts ®"
"OTC114492","Levocetirizine 5 mg Tablet 35/Bottle","35/bt","","Xyzal ®","Cold, Cough & Allergy","8","false","","Levocetirizine 5 mg Tablet 35/Bottle 	35/bt 	Xyzal ®"
"OTC115359","Multi-Vitamin+Mineral AF Liquid 8oz","8 oz","","","Vitamins & Minerals","14","false","","Multi-Vitamin+Mineral AF Liquid 8oz 	8 oz"
"OTC116706","Afrin ® Original Nasal Spray 15 ml","15 ml","","","Cold, Cough & Allergy","7","false","","Afrin ® Original Nasal Spray 15 ml 	15 ml"
"OTC11780","Siltussin SA 100 mg Alcohol & Sugar Free Syrup 16-oz.","16 oz","","Robitussin ®","Cold, Cough & Allergy","9","false","","Siltussin SA 100 mg Alcohol & Sugar Free Syrup 16-oz. 	16 oz 	Robitussin ®"
"OTC118356","Move Free Advanced with MSM & Vitamin D Tablet 80/Bottle","80/bt","","","Supplements","18","false","","Move Free Advanced with MSM & Vitamin D Tablet 80/Bottle 	80/bt"
"OTC118417","Move Free Ultra with UCII Tablet 30/Bottle","30/bt","","","Supplements","18","false","","Move Free Ultra with UCII Tablet 30/Bottle 	30/bt"
"OTC118684","Move Free Advanced with MSM Tablet 120/Bottle","120/bt","","","Supplements","18","false","","Move Free Advanced with MSM Tablet 120/Bottle 	120/bt"
"OTC118738","Move Free Advanced Tablet 80/Bottle","80/bt","","","Supplements","18","false","","Move Free Advanced Tablet 80/Bottle 	80/bt"
"OTC122810","Beta Carotene 25,000 IU Softgel 100/Bottle","100/bt","","","Supplements","18","false","","Beta Carotene 25,000 IU Softgel 100/Bottle 	100/bt"
"OTC133245","Multi-Vitamin+Mineral+Lutein Opthalmic Tablet 60/Bottle","60/bt","","","Vitamins & Minerals","14","false","","Multi-Vitamin+Mineral+Lutein Opthalmic Tablet 60/Bottle 	60/bt"
"OTC138882","Calcium 600 mg with Vitamin D 800 mg Tablet 300/Bottle","300/bt","","","Calcium","19","false","","Calcium 600 mg with Vitamin D 800 mg Tablet 300/Bottle 	300/bt"
"OTC13PJH","Petroleum Jelly 13-oz. Tube","13 oz","","Vaseline","Skin Protectants","25","false","","Petroleum Jelly 13-oz. Tube 	13 oz 	Vaseline"
"OTC142115BW","Ear Wash Basin","1 ea","","","Ear Care","27","false","","Ear Wash Basin 	1 ea"
"OTC142115EW","Elephant Ear Washer Kit","1 kt","","","Ear Care","27","false","","Elephant Ear Washer Kit 	1 kt"
"OTC142115HAW","Elephant Ear Washer Hose Adapter 10/Pack","1 pk","","","Ear Care","27","false","","Elephant Ear Washer Hose Adapter 10/Pack 	1 pk"
"OTC142115RW","Rhino Ear Washer Kit","1 kt","","","Ear Care","27","false","","Rhino Ear Washer Kit 	1 kt"
"OTC142115SSW","Elephant Ear Washer Splash Shield 10/Pack","1 pk","","","Ear Care","27","false","","Elephant Ear Washer Splash Shield 10/Pack 	1 pk"
"OTC142115TW","Elephant + Rhino Ear Washer Tips 20/Pack","1 pk","","","Ear Care","27","false","","Elephant + Rhino Ear Washer Tips 20/Pack 	1 pk"
"OTC142115WBW","Elephant + Rhino Ear Washer Wall Bracket","1 ea","","","Ear Care","27","false","","Elephant + Rhino Ear Washer Wall Bracket 	1 ea"
"OTC144891","Geritol ® Liquid 4-oz.","4 oz","","","Vitamins & Minerals","14","false","","Geritol ® Liquid 4-oz. 	4 oz"
"OTC14513","Acetaminophen 2 x 325 mg Tablet in Unit Dose Packets 250/Box","250UD/bx","","Tylenol","Acetaminophen","10","false","","Acetaminophen 2 x 325 mg Tablet in Unit Dose Packets 250/Box 	250UD/bx 	Tylenol"
"OTC14733","Nicotine 2 mg Mint Gum 110/Box","110/bx","","","Smoking Cessation","29","false","","Nicotine 2 mg Mint Gum 110/Box 	110/bx"
"OTC14734","Nicotine 4 mg Mint Gum 110/Box","110/bx","","","Smoking Cessation","29","false","","Nicotine 4 mg Mint Gum 110/Box 	110/bx"
"OTC148800","Guaifenesin 100 mg/5 ml Syrup Unit Dose 100 x 10 ml","100UD/bx Robitussin ®","","","Unit Dose Medications","32","false","","Guaifenesin 100 mg/5 ml Syrup Unit Dose 100 x 10 ml 	100UD/bx Robitussin ®"
"OTC159703","Culturelle ® Kids Chewable Tablet 30/Box","30/bx","","","Probiotics and Digestive Aids","20","false","","Culturelle ® Kids Chewable Tablet 30/Box 	30/bx"
"OTC16001","Rena-Vite Tablet 100/Bottle","100/bt","","","Vitamins & Minerals","15","false","","Rena-Vite Tablet 100/Bottle 	100/bt"
"OTC161051","Glucose 4GM Chew Tablet Orange","50/bt","","","Supplements","18","false","","Glucose 4GM Chew Tablet Orange 	50/bt"
"OTC161208","Ammonium Lactate 12% Lotion 8-oz. Bottle","1 bt","","","Moisturizer","25","false","","Ammonium Lactate 12% Lotion 8-oz. Bottle 	1 bt"
"OTC17165","Delsym ® Liquid Grape Flavor 5-oz.","5 oz","","","Cold, Cough & Allergy","7","false","","Delsym ® Liquid Grape Flavor 5-oz. 	5 oz"
"OTC172001","Sodium Bicarbonate 5 gr (325 mg) Tablet 100/Bottle","100/bt","","","Antacids/Anti-Gas","3","false","","Sodium Bicarbonate 5 gr (325 mg) Tablet 100/Bottle 	100/bt"
"OTC174400","Guaifenesin 100 mg/5 ml Syrup Unit Dose 100 x 5 ml","100UD/bx Robitussin","","","Unit Dose Medications","32","false","","Guaifenesin 100 mg/5 ml Syrup Unit Dose 100 x 5 ml 	100UD/bx Robitussin"
"OTC174415","Guaifenesin 100 mg/5 ml Syrup Unit Dose 100 x 15 ml","100UD/bx Robitussin","","","Unit Dose Medications","32","false","","Guaifenesin 100 mg/5 ml Syrup Unit Dose 100 x 15 ml 	100UD/bx Robitussin"
"OTC17513","Acetaminophen 2 x 500 mg Tablet in Unit Dose Packets 250/Box","250UD/bx","","Extra Strength Tylenol","Acetaminophen","10","false","","Acetaminophen 2 x 500 mg Tablet in Unit Dose Packets 250/Box 	250UD/bx 	Extra Strength Tylenol"
"OTC175652","Delsym ® Adult Liquid Orange Flavor 5-oz.","5 oz","","","Cold, Cough & Allergy","7","false","","Delsym ® Adult Liquid Orange Flavor 5-oz. 	5 oz"
"OTC176001N","Sodium Chloride 1 g Tablet 100/Bottle","100/bt","","","Supplements","18","false","","Sodium Chloride 1 g Tablet 100/Bottle 	100/bt"
"OTC176030","Mag-Al 200 mg/200 mg/5 ml Liquid Unit Dose 100 x 30 ml","100UD/bx","","","Unit Dose Medications","32","false","","Mag-Al 200 mg/200 mg/5 ml Liquid Unit Dose 100 x 30 ml 	100UD/bx"
"OTC176130Z","Mag-Al Plus Simethicon Liquid Unit Dose 10 x 30 ml","10UD/bx","","","Unit Dose Medications","32","false","","Mag-Al Plus Simethicon Liquid Unit Dose 10 x 30 ml 	10UD/bx"
"OTC176230","Mag-Al Plus XS Simeth Liquid Unit Dose 100 x 30 ml","100UD/bx","","","Unit Dose Medications","32","false","","Mag-Al Plus XS Simeth Liquid Unit Dose 100 x 30 ml 	100UD/bx"
"OTC177121","Sore Throat Spray Cherry Flavor 6-oz.","6o z","","Cepacol","Cold, Cough & Allergy","9","false","","Sore Throat Spray Cherry Flavor 6-oz. 	6o z 	Cepacol"
"OTC18016","Acetaminophen 160 mg/5 ml Liquid 16-oz.","16 oz","","Tylenol Liquid","Acetaminophen","10","false","","Acetaminophen 160 mg/5 ml Liquid 16-oz. 	16 oz 	Tylenol Liquid"
"OTC18201","Ferrous Fumarate 324 mg Tablet 100/Box","100/bx","","","Iron","19","false","","Ferrous Fumarate 324 mg Tablet 100/Box 	100/bx"
"OTC18501","Poly-Iron 150 mg Capsule 100/Bottle","100/bt","","","Iron","19","false","","Poly-Iron 150 mg Capsule 100/Bottle 	100/bt"
"OTC18992","Preservision Areds-2 Vitamin Softgel 120/Bottle","120/bt","","","Vitamins & Minerals","15","false","","Preservision Areds-2 Vitamin Softgel 120/Bottle 	120/bt"
"OTC190015","Sting Relief Swabs 10/Box","10/bx","","","Anti-Itch","23","false","","Sting Relief Swabs 10/Box 	10/bx"
"OTC191201","Mucinex ® Adult Cold, Flu, & Sore Throat Caplet 20/Box","20/bx","","","Cold, Cough & Allergy","8","false","","Mucinex ® Adult Cold, Flu, & Sore Throat Caplet 20/Box 	20/bx"
"OTC193205","Mucinex ® Adult Congestion & Cough Caplet 20/Box","20/bx","","","Cold, Cough & Allergy","8","false","","Mucinex ® Adult Congestion & Cough Caplet 20/Box 	20/bx"
"OTC193573","Aspirin 2 x 325 mg Tablet Unit Dose Packet 100/Box","100/bx","","Bayer ®","Aspirin","11","false","","Aspirin 2 x 325 mg Tablet Unit Dose Packet 100/Box 	100/bx 	Bayer ®"
"OTC193807","Coenzyme Q10 100 mg Softgel 30/Bottle","30/bt","","","Supplements","17","false","","Coenzyme Q10 100 mg Softgel 30/Bottle 	30/bt"
"OTC19818Z","OTC00550","OTC050650 OTC040330 28","","MEDLINE Otics and Nasal","Ophthalmics","26","false","","OTC00550 	OTC050650 OTC040330 28 	MEDLINE Otics and Nasal"
"OTC198261","Acetaminophen 325 mg Unit Dose Tablet 100/Box","100/bx","","Tylenol ®","Acetaminophen","10","false","","Acetaminophen 325 mg Unit Dose Tablet 100/Box 	100/bx 	Tylenol ®"
"OTC198500","Acetaminophen 160 mg/5 ml Sugar & Alcohol Free Child Liquid 4-oz. 4 oz","Children’s Tylenol","","","Acetaminophen","10","false","","Acetaminophen 160 mg/5 ml Sugar & Alcohol Free Child Liquid 4-oz. 4 oz 	Children’s Tylenol"
"OTC198861","Acetaminophen 500 mg Unit Dose Tablet 100/Box","100/bx","","Extra Strength Tylenol ®","Acetaminophen","10","false","","Acetaminophen 500 mg Unit Dose Tablet 100/Box 	100/bx 	Extra Strength Tylenol ®"
"OTC199553","Shampoo Anti-Dandruff 7-oz.","7 oz","","","Shampoo","25","false","","Shampoo Anti-Dandruff 7-oz. 	7 oz"
"OTC2000594","Dental Water Jet Tips 5/Pack","5/pk","","","Oral Care","30","false","","Dental Water Jet Tips 5/Pack 	5/pk"
"OTC20033","Loperamide HCL 2 mg Tablet in Unit Dose Packets 100/Box 100UD/bx","Imodium AD","","","Anti-Diarrheals","4","false","","Loperamide HCL 2 mg Tablet in Unit Dose Packets 100/Box 100UD/bx 	Imodium AD"
"OTC20101","Acetaminophen 500 mg Tablet 100/Bottle","100/bt","","Extra Strength Tylenol","Acetaminophen","10","true","","Acetaminophen 500 mg Tablet 100/Bottle 	100/bt 	Extra Strength Tylenol"
"OTC20110","Acetaminophen 500 mg Tablet 1000/Bottle","1000/bt","","Extra Strength Tylenol","Acetaminophen","10","true","","Acetaminophen 500 mg Tablet 1000/Bottle 	1000/bt 	Extra Strength Tylenol"
"OTC201207","Mucinex ® Sinusmax-Congestion Caplet 20/Box","20/bx","","","Cold, Cough & Allergy","8","false","","Mucinex ® Sinusmax-Congestion Caplet 20/Box 	20/bx"
"OTC201302","Chromium Picolinate 1000 mcg Tablet 100/Bottle","100/bt","","","Supplements","17","false","","Chromium Picolinate 1000 mcg Tablet 100/Bottle 	100/bt"
"OTC203346","Airborne ® Chewable Tablet Citrus Flavor 32/Box","32/bx","","","Vitamins & Minerals","14","false","","Airborne ® Chewable Tablet Citrus Flavor 32/Box 	32/bx"
"OTC203559","Arnicare ® Pain Relief Gel 2.6-oz.","2.6oz","","","Pain Relief","24","false","","Arnicare ® Pain Relief Gel 2.6-oz. 	2.6oz"
"OTC20738","Loratadine 5 mg/5 ml Syrup 4-oz. Bottle","4 oz","","Claritin ® Liquid","Cold, Cough & Allergy","8","false","","Loratadine 5 mg/5 ml Syrup 4-oz. Bottle 	4 oz 	Claritin ® Liquid"
"OTC210246","Vitamin C 500 mg Chewable Tablet 110/Bottle","110/bt","","","Vitamins & Minerals","16","false","","Vitamin C 500 mg Chewable Tablet 110/Bottle 	110/bt"
"OTC211402","Acetaminophen 80 mg Infant Suppository 6/Box","6/bx","","","Acetaminophen","10","false","","Acetaminophen 80 mg Infant Suppository 6/Box 	6/bx"
"OTC211540","Selenium 200 mcg Caplet 60/Bottle","60/bt","","","Vitamins & Minerals","15","false","","Selenium 200 mcg Caplet 60/Bottle 	60/bt"
"OTC211602","FeverAll ® Acetaminophen 325 mg Suppository 6/Box","6/bx","","","Acetaminophen","10","false","","FeverAll ® Acetaminophen 325 mg Suppository 6/Box 	6/bx"
"OTC213761","Ferrous Gluconate 324 mg Tablet 100/Box","100/bx","","","Iron","19","false","","Ferrous Gluconate 324 mg Tablet 100/Box 	100/bx"
"OTC214640","Vitamin A 10,000 IU Softgel 110/Bottle","110/bt","","","Vitamins & Minerals","15","false","","Vitamin A 10,000 IU Softgel 110/Bottle 	110/bt"
"OTC2147","Anema-Vite ® Caplet 100/Bottle","100/bt","","","Vitamins & Minerals","14","false","","Anema-Vite ® Caplet 100/Bottle 	100/bt"
"OTC214954","Fish Oil 1000 mg Softgel 60/Bottle","60/bt","","","Supplements","17","false","","Fish Oil 1000 mg Softgel 60/Bottle 	60/bt"
"OTC216743","Alpha Lipoic Acid 50 mg Tablet 90/Bottle","90/bt","","","Supplements","17","false","","Alpha Lipoic Acid 50 mg Tablet 90/Bottle 	90/bt"
"OTC219491","Melatonin 10 mg Capsule 60/Bottle","60/bt","","","Supplements","18","false","","Melatonin 10 mg Capsule 60/Bottle 	60/bt"
"OTC22110","Acetaminophen 500 mg Caplet 1000/Bottle","1000/bt","","Extra Strength Tylenol","Acetaminophen","10","true","","Acetaminophen 500 mg Caplet 1000/Bottle 	1000/bt 	Extra Strength Tylenol"
"OTC222515","Vitamin B-50 Complex Tablet 60/Bottle","60/bt","","","Vitamins & Minerals","15","false","","Vitamin B-50 Complex Tablet 60/Bottle 	60/bt"
"OTC223802","Multi-Vitamin+Mineral Tablet 130/Bottle","130/bt","","","Vitamins & Minerals","14","false","","Multi-Vitamin+Mineral Tablet 130/Bottle 	130/bt"
"OTC224076","Flaxseed Oil 1000 mg Softgel 100/Bottle","100/bt","","","Supplements","17","false","","Flaxseed Oil 1000 mg Softgel 100/Bottle 	100/bt"
"OTC225646","Glucosamine 500 mg Caplet 60/Bottle","60/bt","","","Supplements","18","false","","Glucosamine 500 mg Caplet 60/Bottle 	60/bt"
"OTC226681","Vitamin B Complex + Vitamin C 300 mg Tablet 100/Bottle","100/bt","","","Vitamins & Minerals","15","false","","Vitamin B Complex + Vitamin C 300 mg Tablet 100/Bottle 	100/bt"
"OTC227688","Multi-Vitamin+Mineral Senior Tablet 100/Bottle","100/bt","","","Vitamins & Minerals","14","false","","Multi-Vitamin+Mineral Senior Tablet 100/Bottle 	100/bt"
"OTC2380","Niacin 500 mg Tablet 100/Bottle","100/bt","","","Vitamins & Minerals","15","false","","Niacin 500 mg Tablet 100/Bottle 	100/bt"
"OTC240205","Miralax ® Laxative Powder 8.3-oz.","8.3 oz","","","Polyethylene Glycol","6","false","","Miralax ® Laxative Powder 8.3-oz. 	8.3 oz"
"OTC240908","Vitamin D-3 50,000 IU Tablet 30/Bottle","30/bt","","","Vitamins & Minerals","16","false","","Vitamin D-3 50,000 IU Tablet 30/Bottle 	30/bt"
"OTC245852","Multi-Vitamin+Lutein Opthalmic Tablet 36/Bottle","36/bt","","","Vitamins & Minerals","14","false","","Multi-Vitamin+Lutein Opthalmic Tablet 36/Bottle 	36/bt"
"OTC25004","Tera Gel Shampoo 4-oz. Bottle","4 oz","","","Shampoo","25","false","","Tera Gel Shampoo 4-oz. Bottle 	4 oz"
"OTC252525","Capsaicin 0.025% Cream 60 gm Tube","60gm","","","Pain Relief","24","false","","Capsaicin 0.025% Cream 60 gm Tube 	60gm"
"OTC261669","Mucinex ® Sinusmax-Congestion Liquid 6-oz.","6 oz","","","Cold, Cough & Allergy","8","false","","Mucinex ® Sinusmax-Congestion Liquid 6-oz. 	6 oz"
"OTC26214","Acetaminophen 120 mg Suppository 100 Count","100/pkg","","FeverAll ®","Acetaminophen","10","false","","Acetaminophen 120 mg Suppository 100 Count 	100/pkg 	FeverAll ®"
"OTC262160N","Children's Chewable Multi-Vitamin 100/Bottle","100/bt","","","Vitamins & Minerals","14","false","","Children's Chewable Multi-Vitamin 100/Bottle 	100/bt"
"OTC263202","Fiber Therapy Powder Orange Flavor 16-oz.","16 oz","","Metamucil ®","Fiber","5","false","","Fiber Therapy Powder Orange Flavor 16-oz. 	16 oz 	Metamucil ®"
"OTC265252","Fexofenadine 180 mg Tablet 30/Box","30/bx","","Allegra","Cold, Cough & Allergy","7","false","","Fexofenadine 180 mg Tablet 30/Box 	30/bx 	Allegra"
"OTC266714","Soothing Lip Ointment 20 x 0.5 gm","20/bx","","","Lip Protectant","25","false","","Soothing Lip Ointment 20 x 0.5 gm 	20/bx"
"OTC270738","Lutein 20 mg Softgel 60/Bottle","60/bt","","","Supplements","18","false","","Lutein 20 mg Softgel 60/Bottle 	60/bt"
"OTC271537","Multi-Vitamin+Mineral Senior Tablet 60/Bottle","60/bt","","","Vitamins & Minerals","14","false","","Multi-Vitamin+Mineral Senior Tablet 60/Bottle 	60/bt"
"OTC272752","Multi-Vitamin with Zinc Tablet 60/Bottle","60/bt","","","Zinc","20","false","","Multi-Vitamin with Zinc Tablet 60/Bottle 	60/bt"
"OTC272886","Vitamin D-3 5000IU Tablet 110/Bottle","110/bt","","","Vitamins & Minerals","16","false","","Vitamin D-3 5000IU Tablet 110/Bottle 	110/bt"
"OTC272916","Glucosamine 500 mg Chondritin with MSM Tablet 120/Bottle","120/bt","","","Supplements","18","false","","Glucosamine 500 mg Chondritin with MSM Tablet 120/Bottle 	120/bt"
"OTC273432","Iron 45 mg Slow Release Tablet 60/Bottle","60/bt","","","Iron","19","false","","Iron 45 mg Slow Release Tablet 60/Bottle 	60/bt"
"OTC27501","Guaifenesin 400 mg Tablet 100/Bottle","100/bt","","","Cold, Cough & Allergy","8","false","","Guaifenesin 400 mg Tablet 100/Bottle 	100/bt"
"OTC276969","ImmuBlast™ Chewable Tablet 32/Bottle","32/bt","","","Vitamins & Minerals","14","false","","ImmuBlast™ Chewable Tablet 32/Bottle 	32/bt"
"OTC27716","Cetirizine 1 mg/ml Syrup 4-oz.","4 oz","","Zyrtec ®","Cold, Cough & Allergy","7","false","","Cetirizine 1 mg/ml Syrup 4-oz. 	4 oz 	Zyrtec ®"
"OTC277577","Biotin 10000 mcg Tablet 120/Bottle","120/bt","","","Supplements","17","false","","Biotin 10000 mcg Tablet 120/Bottle 	120/bt"
"OTC279557","Krill Oil 350 mg Soft Gel 60/Bottle","60/bt","","","Supplements","18","false","","Krill Oil 350 mg Soft Gel 60/Bottle 	60/bt"
"OTC2933","Culturelle ® Probiotic Capsule 30/Box","30/bx","","","Probiotics and Digestive Aids","20","false","","Culturelle ® Probiotic Capsule 30/Box 	30/bx"
"OTC301002","Vitamin D-3 2000 IU Tablet 250/Bottle","250/bt","","","Vitamins & Minerals","16","false","","Vitamin D-3 2000 IU Tablet 250/Bottle 	250/bt"
"OTC310564","Calcium Carbonate 2 x 420 mg Chewable Tablet Unit Dose 100/Box","100UD/bx","","","Calcium","19","false","","Calcium Carbonate 2 x 420 mg Chewable Tablet Unit Dose 100/Box 	100UD/bx"
"OTC319760","Folic Acid 400 mcg Tablet 100/Bottle","100/bt","","","Supplements","18","false","","Folic Acid 400 mcg Tablet 100/Bottle 	100/bt"
"OTC3200","DRUG BUSTER 64-oz. Bottle 4/Case","4/cs","","","Drug Disposal","33","true","","DRUG BUSTER 64-oz. Bottle 4/Case 	4/cs"
"OTC3200H","DRUG BUSTER 64-oz. Bottle","1 bt","","","Drug Disposal","33","true","","DRUG BUSTER 64-oz. Bottle 	1 bt"
"OTC3204","DRUG BUSTER 4-oz. 96/Case","96/cs","","","Drug Disposal","33","true","","DRUG BUSTER 4-oz. 96/Case 	96/cs"
"OTC3204H","DRUG BUSTER 4-oz.","1 ea","","","Drug Disposal","33","true","","DRUG BUSTER 4-oz. 	1 ea"
"OTC3210","DRUG BUSTER 16-oz. Bottle 12/Case","12/cs","","","Drug Disposal","33","true","","DRUG BUSTER 16-oz. Bottle 12/Case 	12/cs"
"OTC3210H","DRUG BUSTER 16-oz. Bottle","1 bt","","","Drug Disposal","33","true","","DRUG BUSTER 16-oz. Bottle 	1 bt"
"OTC3220","DRUG BUSTER Funnel 12/Box","12/cs","","","Drug Disposal","33","true","","DRUG BUSTER Funnel 12/Box 	12/cs"
"OTC3220H","OTC3204H","OTC3230H","","OTC3200H *Helps contain the active ingredients of the medication to defer it from leaching into soil and water supplies. DRUG BUSTER DRUG DISPOSAL SYSTEM","Drug Disposal","33","false","","OTC3204H 	OTC3230H 	OTC3200H *Helps contain the active ingredients of the medication to defer it from leaching into soil and water supplies. DRUG BUSTER DRUG DISPOSAL SYSTEM"
"OTC3230","DRUG BUSTER 1-gallon Bottle 4/Case","4/cs","","","Drug Disposal","33","true","","DRUG BUSTER 1-gallon Bottle 4/Case 	4/cs"
"OTC3230H","DRUG BUSTER 1-gallon Bottle","1/bt","","","Drug Disposal","33","true","","DRUG BUSTER 1-gallon Bottle 	1/bt"
"OTC325100","Iron 27 mg Tablet 100/Bottle","100/bt","","","Iron","19","false","","Iron 27 mg Tablet 100/Bottle 	100/bt"
"OTC33267","Zeasorb Powder 2.5-oz.","2.5 oz OTC033506 CUR015431 OTC005140","","","Anti-Fungals","23","false","","Zeasorb Powder 2.5-oz. 	2.5 oz OTC033506 CUR015431 OTC005140"
"OTC33350N","Acetaminophen 650 mg Caplet 50/Bottle","50/bt","","Tylenol ® 8 Hour Arthritis Pain Relief","Acetaminophen","10","true","","Acetaminophen 650 mg Caplet 50/Bottle 	50/bt 	Tylenol ® 8 Hour Arthritis Pain Relief"
"OTC344B4","Nicotine 2 mg Sugar Free Mint Lozenge 24/Box","24/bx","","","Smoking Cessation","29","false","","Nicotine 2 mg Sugar Free Mint Lozenge 24/Box 	24/bx"
"OTC345101","Chlorophyll 3 mg Tablet 100/Bottle","100/bt","","","Supplements","17","false","","Chlorophyll 3 mg Tablet 100/Bottle 	100/bt"
"OTC386575","Nasal Spray Saline 1.5-oz.","1.5 oz","","Ocean Spray ®","Cold, Cough & Allergy","9","false","","Nasal Spray Saline 1.5-oz. 	1.5 oz 	Ocean Spray ®"
"OTC40116","Docusate Sodium 60 mg/15 ml Syrup 16-oz.","16 oz","","Colace Syrup","Docusate Sodium","5","false","","Docusate Sodium 60 mg/15 ml Syrup 16-oz. 	16 oz 	Colace Syrup"
"OTC402501","Vitamin C 500 mg Tablet 250/Bottle","250/bt","","","Vitamins & Minerals","16","false","","Vitamin C 500 mg Tablet 250/Bottle 	250/bt"
"OTC403309","Psyllium Powder Orange Flavor 13-oz.","13 oz","","Metamucil","Fiber","5","false","","Psyllium Powder Orange Flavor 13-oz. 	13 oz 	Metamucil"
"OTC405488","Psyllium Powder Sugar Free Orange Flavor 10-oz.","10oz","","Metamucil","Fiber","5","false","","Psyllium Powder Sugar Free Orange Flavor 10-oz. 	10oz 	Metamucil"
"OTC40714","Psyllium Powder Regular 13-oz.","13 oz","","Metamucil","Fiber","5","false","","Psyllium Powder Regular 13-oz. 	13 oz 	Metamucil"
"OTC407601","Niacin 100mg Tablet 100/Bottle","100/bt","","","Vitamins & Minerals","15","false","","Niacin 100mg Tablet 100/Bottle 	100/bt"
"OTC413102","Allegra® Allergy 60 mg 12-Hour Tablet 12/Box","12/bx","","","Cold, Cough & Allergy","7","false","","Allegra® Allergy 60 mg 12-Hour Tablet 12/Box 	12/bx"
"OTC41665","Systane Ultra ® Opthamic Drop 10 ml","10 ml","","","Ophthalmics","26","false","","Systane Ultra ® Opthamic Drop 10 ml 	10 ml"
"OTC42067","Azo Cranberry 450 mg Tablet 50/Bottle","50/bt","","","Supplements","17","false","","Azo Cranberry 450 mg Tablet 50/Bottle 	50/bt"
"OTC42401","Docusate Calcium 240 mg Softgel 100/Bottle","100/bt","","Surfak ® OTCS0801C2","Docusate Calcium","4","false","","Docusate Calcium 240 mg Softgel 100/Bottle 	100/bt 	Surfak ® OTCS0801C2"
"OTC42915","Systane ® Ophthalmic Drop 15 ml","15 ml","","","Ophthalmics","26","false","","Systane ® Ophthalmic Drop 15 ml 	15 ml"
"OTC432601","Coricidin ® HBP Cough & Cold Tablet 16/Box","16/bx","","","Cold, Cough & Allergy","7","false","","Coricidin ® HBP Cough & Cold Tablet 16/Box 	16/bx"
"OTC434462","Centrum ® Multivitamin/Mineral Liquid 8-oz.","8 oz","","","Vitamins & Minerals","14","false","","Centrum ® Multivitamin/Mineral Liquid 8-oz. 	8 oz"
"OTC44003","Aspirin 81 mg Enteric Coated Tablet Easy-Open Cap 300/Bottle","300/bt","","Bayer Low Dose","Aspirin","11","false","","Aspirin 81 mg Enteric Coated Tablet Easy-Open Cap 300/Bottle 	300/bt 	Bayer Low Dose"
"OTC44101","Bisacodyl 5 mg Tablets 100/Bottle","100/bt","","Dulcolax","Bisacodyl","4","false","","Bisacodyl 5 mg Tablets 100/Bottle 	100/bt 	Dulcolax"
"OTC441912","Saw Palmetto 450 mg Capsule 100/Bottle","100/bt","","","Supplements","18","false","","Saw Palmetto 450 mg Capsule 100/Bottle 	100/bt"
"OTC450626","Calcium Citrate 200 mg Tablet 100/Bottle","100/bt","","","Calcium","19","false","","Calcium Citrate 200 mg Tablet 100/Bottle 	100/bt"
"OTC45501","Senna S Tablet 100/Bottle","100/bt","","Senokot-S","Senna with Docusate","6","false","","Senna S Tablet 100/Bottle 	100/bt 	Senokot-S"
"OTC45660","Nicotine 2 mg Mint Gum 20/Box","20/bx","","","Smoking Cessation","29","false","","Nicotine 2 mg Mint Gum 20/Box 	20/bx"
"OTC472215","Senna Syrup 176 mg/5 ml Unit Dose 40 x 15 ml","40UD/bx","","","Unit Dose Medications","32","false","","Senna Syrup 176 mg/5 ml Unit Dose 40 x 15 ml 	40UD/bx"
"OTC476605","Calcium Carbonate 1250 mg/5 ml Suspension Unit Dose 40 x 5 ml","40UD/bx","","","Unit Dose Medications","32","false","","Calcium Carbonate 1250 mg/5 ml Suspension Unit Dose 40 x 5 ml 	40UD/bx"
"OTC478701","Vitamin B Complex Softgel 100/Bottle","100/bt","","","Vitamins & Minerals","15","false","","Vitamin B Complex Softgel 100/Bottle 	100/bt"
"OTC50002","Hydrophor Ointment 100 gm Jar","100 gm","","","Skin Protectants","25","false","","Hydrophor Ointment 100 gm Jar 	100 gm"
"OTC500201","Florastor Probiotic Capsule 250 mg 50/Bottle","50/bt","","","Probiotics and Digestive Aids","20","false","","Florastor Probiotic Capsule 250 mg 50/Bottle 	50/bt"
"OTC500520","Florajen ® 3 Probiotic Capsule 60/Bottle","60/bt","","","Probiotics and Digestive Aids","20","false","","Florajen ® 3 Probiotic Capsule 60/Bottle 	60/bt"
"OTC500669","Mucinex ® Adult Night Cold & Flu Liquid 6-oz.","6 oz","","","Cold, Cough & Allergy","8","false","","Mucinex ® Adult Night Cold & Flu Liquid 6-oz. 	6 oz"
"OTC501501","Biotin 500 mcg Tablet 60/Bottle","60/bt","","","Supplements","17","false","","Biotin 500 mcg Tablet 60/Bottle 	60/bt"
"OTC501546","Coenzyme Q10 30 mg Softgel 30/Bottle","30/bt","","","Supplements","17","false","","Coenzyme Q10 30 mg Softgel 30/Bottle 	30/bt"
"OTC502198","Sore Throat Lozenges 18/Box","18/bx","","Cepacol ®","Cold, Cough & Allergy","9","false","","Sore Throat Lozenges 18/Box 	18/bx 	Cepacol ®"
"OTC505004","Vitamin B Complex with Vitamin C Tablet 100/Bottle","100/bt","","","Vitamins & Minerals","15","false","","Vitamin B Complex with Vitamin C Tablet 100/Bottle 	100/bt"
"OTC513559","Acetaminophen Aspirin Caffeine Tablet 100/Bottle","100/bt Excedrin ®","","","Other","12","false","","Acetaminophen Aspirin Caffeine Tablet 100/Bottle 	100/bt Excedrin ®"
"OTC523059","Naproxen Sodium 220 mg Tablet 100/Bottle","100/bt","","Aleve ® OTC94110 OTC098512 OTC44003","Naproxen Sodium","11","true","","Naproxen Sodium 220 mg Tablet 100/Bottle 	100/bt 	Aleve ® OTC94110 OTC098512 OTC44003"
"OTC523304","Carbamide Peroxide 6.5% Drop 15 ml/Bottle","1 bt","","Debrox ®","Ear Care","27","false","","Carbamide Peroxide 6.5% Drop 15 ml/Bottle 	1 bt 	Debrox ®"
"OTC524160","Align ® Probiotic 4 mg Capsule 28/Box","28/bx","","","Probiotics and Digestive Aids","20","false","","Align ® Probiotic 4 mg Capsule 28/Box 	28/bx"
"OTC526701","Magonate Liquid 12-oz.","12 oz","","","Magnesium","20","false","","Magonate Liquid 12-oz. 	12 oz"
"OTC527528","Cranberry 405 mg Capsule 60/Bottle","60/bt","","","Supplements","17","false","","Cranberry 405 mg Capsule 60/Bottle 	60/bt"
"OTC530920","Ibuprofen 100 mg/5 ml Suspension 4-oz.","4 oz","","Children's Motrin ®","Ibuprofen","11","false","","Ibuprofen 100 mg/5 ml Suspension 4-oz. 	4 oz 	Children's Motrin ®"
"OTC53260","Nicotine 4 mg Mint Gum 20/Box","20/bx","","","Smoking Cessation","29","false","","Nicotine 4 mg Mint Gum 20/Box 	20/bx"
"OTC533260","Zinc Sulfate 220 mg Tablet 100/Bottle","100/bt","","","Zinc","20","false","","Zinc Sulfate 220 mg Tablet 100/Bottle 	100/bt"
"OTC53373NL","SPF 30 Sunscreen 1/8-oz. Packet 600/Case","600UD/cs","","","Sunscreen","30","false","","SPF 30 Sunscreen 1/8-oz. Packet 600/Case 	600UD/cs"
"OTC536560N","Acid Gone Antacid Chewable Tablets 100/Bottle","100/bt","","Tums ®","Antacids/Anti-Gas","3","false","","Acid Gone Antacid Chewable Tablets 100/Bottle 	100/bt 	Tums ®"
"OTC537668","Preservision Areds+Lutein Vitamin Softgel 50/Bottle","50/bt","","","Vitamins & Minerals","15","false","","Preservision Areds+Lutein Vitamin Softgel 50/Bottle 	50/bt"
"OTC54225","Cough Drops Sugar Free Black Cherry Flavor 25/Bag","25/bag","","Halls","Cold, Cough & Allergy","7","false","","Cough Drops Sugar Free Black Cherry Flavor 25/Bag 	25/bag 	Halls"
"OTC543360","Biotin 300 mcg Tablet 100/Bottle","100/bt","","","Supplements","17","false","","Biotin 300 mcg Tablet 100/Bottle 	100/bt"
"OTC54410","Sodium Bicarbonate 10 gr (650 mg) Tablet 1000/Bottle","1000/bt","","","Antacids/Anti-Gas","3","false","","Sodium Bicarbonate 10 gr (650 mg) Tablet 1000/Bottle 	1000/bt"
"OTC55010","Simethicone 125 mg Softgel 10/Box","10/bx","","Gas-X Extra Strength","Antacids/Anti-Gas","3","false","","Simethicone 125 mg Softgel 10/Box 	10/bx 	Gas-X Extra Strength"
"OTC552987","Famotidine 10 mg Tablet 30/Box","30/bx","","Pepcid ®","Antacids/Anti-Gas","3","false","","Famotidine 10 mg Tablet 30/Box 	30/bx 	Pepcid ®"
"OTC555124","Diphenhydramine 25 mg Tablet 24/Box","24/bx","","Benadryl ®","Cold, Cough & Allergy","7","false","","Diphenhydramine 25 mg Tablet 24/Box 	24/bx 	Benadryl ®"
"OTC557252","Simethicone 180 mg Softgel 60/Bottle","60/bt","","Gas-X Ultra ®","Antacids/Anti-Gas","3","false","","Simethicone 180 mg Softgel 60/Bottle 	60/bt 	Gas-X Ultra ®"
"OTC560413","Fish Oil 500 mg Softgel 130/Bottle","130/bt","","","Supplements","17","false","","Fish Oil 500 mg Softgel 130/Bottle 	130/bt"
"OTC561017","Multi-Vitamin Children's Chewable Tablet 100/Bottle","100/bt","","","Vitamins & Minerals","14","false","","Multi-Vitamin Children's Chewable Tablet 100/Bottle 	100/bt"
"OTC561646","Coenzyme Q10 50 mg Softgel 30/Bottle","30/bt","","","Supplements","17","false","","Coenzyme Q10 50 mg Softgel 30/Bottle 	30/bt"
"OTC571135","Oxymetazolone HCL Nasal Spray 0.05% 15 ml","15 ml","","","Nasal Care","27","false","","Oxymetazolone HCL Nasal Spray 0.05% 15 ml 	15 ml"
"OTC579146","Acetaminophen 80 mg Child Grape Chewable Tablet 30/Bottle","30/bt","","","Acetaminophen","10","false","","Acetaminophen 80 mg Child Grape Chewable Tablet 30/Bottle 	30/bt"
"OTC58003","Nasacort 24 Hour Allergy Nasal Spray 60 Sprays","60 Spray","","","Nasal Care","27","false","","Nasacort 24 Hour Allergy Nasal Spray 60 Sprays 	60 Spray"
"OTC58005","Nasacort 24 Hour Allergy Nasal Spray 120 Sprays","120 Spray","","","Nasal Care","27","false","","Nasacort 24 Hour Allergy Nasal Spray 120 Sprays 	120 Spray"
"OTC583442","Omeprazole 20 mg Delayed Release Tablet Blisterpack 42/Box","42/bx","","Prilosec OTC","Antacids/Anti-Gas","3","false","","Omeprazole 20 mg Delayed Release Tablet Blisterpack 42/Box 	42/bx 	Prilosec OTC"
"OTC585246","Cetirizine 10 mg Tablet 30/Bottle","30/bt","","Zyrtec","Cold, Cough & Allergy","7","false","","Cetirizine 10 mg Tablet 30/Bottle 	30/bt 	Zyrtec"
"OTC589430","Simethicone 40 mg/0.6 ml Oral Suspension 30 ml","30 ml","","","Antacids/Anti-Gas","3","false","","Simethicone 40 mg/0.6 ml Oral Suspension 30 ml 	30 ml"
"OTC589488","OTC589588","OTC589688","","OTC034405 OTC003489","Smoking Cessation","29","false","","OTC589588 	OTC589688	OTC034405 OTC003489"
"OTC589588","Nicotine Patch 14 mg 14/Box","14/bx","","","Smoking Cessation","29","false","","Nicotine Patch 14 mg 14/Box 	14/bx"
"OTC589688","Nicotine Patch 21 mg 14/Box","14/bx","","","Smoking Cessation","29","false","","Nicotine Patch 21 mg 14/Box 	14/bx"
"OTC6003912","Asper-Flex Pain Relief Cream","3oz","","","Pain Relief","24","false","","Asper-Flex Pain Relief Cream 	3oz"
"OTC600448","Denture Brush With Easy Grip Handle","1 ea","","","Oral Care","30","false","","Denture Brush With Easy Grip Handle 	1 ea"
"OTC601003","Glucosamine 750 mg with Chondroitin 600 mg Tablet 40/Bottle","40/bt","","","Supplements","18","false","","Glucosamine 750 mg with Chondroitin 600 mg Tablet 40/Bottle 	40/bt"
"OTC60101","Thera-Vit Tablet 100/Bottle","100/bt","","","Vitamins & Minerals","15","false","","Thera-Vit Tablet 100/Bottle 	100/bt"
"OTC601119","Glucosamine 750 mg with Chondroitin 600 mg Tablet 100/Bottle","100/bt","","","Supplements","18","false","","Glucosamine 750 mg with Chondroitin 600 mg Tablet 100/Bottle 	100/bt"
"OTC6020650","Ferrous Sulfate 220 mg/5 ml Elixir 16-oz.","16 oz","","","Iron","19","false","","Ferrous Sulfate 220 mg/5 ml Elixir 16-oz. 	16 oz"
"OTC609401","Theraflu ® PowerPods Day Time Severe Cold, Berry","8/bx Over The Counter Products from GlaxoSmithKline Consumer Healthcare OTC020001 MDS096166","","","Cold, Cough & Allergy","9","false","","Theraflu ® PowerPods Day Time Severe Cold, Berry 	8/bx Over The Counter Products from GlaxoSmithKline Consumer Healthcare OTC020001 MDS096166"
"OTC609501","Theraflu ® PowerPods Night Time Severe Cold, Honey Lemon, 8ct","8/bx","","","Cold, Cough & Allergy","9","false","","Theraflu ® PowerPods Night Time Severe Cold, Honey Lemon, 8ct 	8/bx"
"OTC610300","After Bite Liquid","0.5oz","","","Pain Relief","24","false","","After Bite Liquid 	0.5oz"
"OTC6131","Oral Care 360 Mouth Rinse Liquid 4-oz. 12/Case","12/cs","","","Oral Care","30","false","","Oral Care 360 Mouth Rinse Liquid 4-oz. 12/Case 	12/cs"
"OTC61463","Glucose Gel 15GM","6/bx","","","Supplements","18","false","","Glucose Gel 15GM 	6/bx"
"OTC616701","Fluticasone 50MCG Nasal Spray 120 Sprays","120 Spray","","Flonase","Nasal Care","27","false","","Fluticasone 50MCG Nasal Spray 120 Sprays 	120 Spray 	Flonase"
"OTC62912","Antacid/Anti-Gas Liquid 12-oz.","12 oz","","Mylanta®","Antacids/Anti-Gas","3","false","","Antacid/Anti-Gas Liquid 12-oz. 	12 oz 	Mylanta®"
"OTC630920","Guaifenesin/DM/Phenylephrine Sugar Free Solution 4-oz.","4 oz","","","Cold, Cough & Allergy","8","false","","Guaifenesin/DM/Phenylephrine Sugar Free Solution 4-oz. 	4 oz"
"OTC635060","Magnesium with Calcium 70 mg/117 mg Enteric Coated Tablet 60/Bottle","60/bt","","","Magnesium","20","false","","Magnesium with Calcium 70 mg/117 mg Enteric Coated Tablet 60/Bottle 	60/bt"
"OTC640761","Bisacodyl 5 mg Enteric Coated Tablet 100 Unit Dose","100/pkg","","Dulcolax ®","Bisacodyl","4","false","","Bisacodyl 5 mg Enteric Coated Tablet 100 Unit Dose 	100/pkg 	Dulcolax ®"
"OTC6414","No Alcohol Mouth Rinse 4-oz. Bottle 12/Case","12/cs","","","Oral Care","30","false","","No Alcohol Mouth Rinse 4-oz. Bottle 12/Case 	12/cs"
"OTC64916H","Milk Of Magnesia 16-oz. Bottle","16 oz","","Phillips’ Milk of Magnesia","Antacids/Anti-Gas","3","false","","Milk Of Magnesia 16-oz. Bottle 	16 oz 	Phillips’ Milk of Magnesia"
"OTC66016","Guaifenesin 100 mg with DM 10 mg Syrup Sugar & Alcohol Free 16-oz.","16 oz","","Robitussin ® DM","Cold, Cough & Allergy","8","false","","Guaifenesin 100 mg with DM 10 mg Syrup Sugar & Alcohol Free 16-oz. 	16 oz 	Robitussin ® DM"
"OTC6605","Oncology Mouth Rinse Liquid 16-oz. 12/Case","12/cs","","","Oral Care","30","false","","Oncology Mouth Rinse Liquid 16-oz. 12/Case 	12/cs"
"OTC6629","Oncology Mouth Rinse Liquid 4-oz. 12/Case","12/cs","","","Oral Care","30","false","","Oncology Mouth Rinse Liquid 4-oz. 12/Case 	12/cs"
"OTC6817N","Cetirizine 10 mg Tablet 90/Bottle","90/bt","","Zyrtec","Cold, Cough & Allergy","7","true","","Cetirizine 10 mg Tablet 90/Bottle 	90/bt 	Zyrtec"
"OTC689536","Nasal Spray Saline 3-oz.","3 oz","","Ocean Spray","Cold, Cough & Allergy","9","false","","Nasal Spray Saline 3-oz. 	3 oz 	Ocean Spray"
"OTC69025","Advil ® 2 x 200 mg Liquigels in Unit Dose Packets 50/Box; 24 Box/Case","24bx/cs","","","Unit Dose Medications","32","false","","Advil ® 2 x 200 mg Liquigels in Unit Dose Packets 50/Box; 24 Box/Case 	24bx/cs"
"OTC700286","Bismatrol Chewable Tablets 30/Box","30/bx","","Pepto Bismol ®","Antacids/Anti-Gas","3","false","","Bismatrol Chewable Tablets 30/Box 	30/bx 	Pepto Bismol ®"
"OTC700628","Ibuprofen 200 mg Tablet 500/Bottle","500/bt","","Advil","Ibuprofen","11","false","","Ibuprofen 200 mg Tablet 500/Bottle 	500/bt 	Advil"
"OTC700763","Lactase Enzyme 9000 FCC Caplet 32/Box","32/bx","","","Probiotics and Digestive Aids","20","false","","Lactase Enzyme 9000 FCC Caplet 32/Box 	32/bx"
"OTC700798","Anti-Nausea Liquid Cherry Flavor 4-oz.","4 oz","","Emetrol ®","Anti-Nausea","4","false","","Anti-Nausea Liquid Cherry Flavor 4-oz. 	4 oz 	Emetrol ®"
"OTC701109","Fish Oil 1000 mg with Vitamin E 1 IU Softgel 90/Bottle","90/bt","","","Supplements","17","false","","Fish Oil 1000 mg with Vitamin E 1 IU Softgel 90/Bottle 	90/bt"
"OTC708262","Menthol 2% Gel Pain Reliever 8oz","8oz","","","Pain Relief","24","false","","Menthol 2% Gel Pain Reliever 8oz 	8oz"
"OTC708293","Menthol 2% Gel Pain Reliever 16oz","16oz","","","Pain Relief","24","false","","Menthol 2% Gel Pain Reliever 16oz 	16oz"
"OTC709011","Acidophilus with Pectin Capsule 100/Bottle","100/bt","","","Probiotics and Digestive Aids","20","false","","Acidophilus with Pectin Capsule 100/Bottle 	100/bt"
"OTC710167","Cepacol ® Extra Strength Throat Lozenge Cherry Flavor 16/Box","16/bx","","","Cold, Cough & Allergy","7","false","","Cepacol ® Extra Strength Throat Lozenge Cherry Flavor 16/Box 	16/bx"
"OTC72201","Ferrous Gluconate 240 mg Tablet 100/Bottle","100/bt","","","Iron","19","false","","Ferrous Gluconate 240 mg Tablet 100/Bottle 	100/bt"
"OTC730165","Cepacol ® Extra Strength Throat Lozenge Honey Lemon Flavor 16/Box","16/bx","","","Cold, Cough & Allergy","7","false","","Cepacol ® Extra Strength Throat Lozenge Honey Lemon Flavor 16/Box 	16/bx"
"OTC740164","Cepacol ® Extra Strength Throat & Cough Lozenge Berry Flavor 16/Box","16/bx","","","Cold, Cough & Allergy","7","false","","Cepacol ® Extra Strength Throat & Cough Lozenge Berry Flavor 16/Box 	16/bx"
"OTC741013","Oyster Shell Calcium 500 mg Tablet 100/Bottle","100/bt","","","Calcium","19","false","","Oyster Shell Calcium 500 mg Tablet 100/Bottle 	100/bt"
"OTC749104","Bodiheat 12-Hour Not for Skin Heat Pad 10/Pack","10/Pk","","","Pain Relief Patches","12","false","","Bodiheat 12-Hour Not for Skin Heat Pad 10/Pack 	10/Pk"
"OTC749845","Bodiheat ® 12-Hour Not for Skin Heat Pad 4/Box","4/bx","","","Pain Relief Patches","12","false","","Bodiheat ® 12-Hour Not for Skin Heat Pad 4/Box 	4/bx"
"OTC749883","Bodiheat 12-Hour Not for Skin Heat Pad 8/Box","8/bx","","","Pain Relief Patches","12","false","","Bodiheat 12-Hour Not for Skin Heat Pad 8/Box 	8/bx"
"OTC751420","Capzasin-HP ® 0.1% Cream 1.5-oz.","1.5oz","","","Pain Relief","24","false","","Capzasin-HP ® 0.1% Cream 1.5-oz. 	1.5oz"
"OTC753016","Vitamin E 1000 IU Softgel 100/Bottle","100/bt","","","Vitamins & Minerals","16","false","","Vitamin E 1000 IU Softgel 100/Bottle 	100/bt"
"OTC760031","Bodiheat ® 8-Hour Direct to Skin Heat Pad 4/Box","4/bx","","","Pain Relief Patches","12","false","","Bodiheat ® 8-Hour Direct to Skin Heat Pad 4/Box 	4/bx"
"OTC76503","Ranitidine 75 mg Tablet 30/Bottle","30/bt","","Zantac ® 75","Antacids/Anti-Gas","3","false","","Ranitidine 75 mg Tablet 30/Bottle 	30/bt 	Zantac ® 75"
"OTC765151","Acetaminophen-PM 500 mg Tablet 50/Bottle","50/bt","","Tylenol ® PM","Other","12","false","","Acetaminophen-PM 500 mg Tablet 50/Bottle 	50/bt 	Tylenol ® PM"
"OTC772714","Acid Gone Antacid Liquid 12-oz.","12 oz","","Gaviscon ®","Antacids/Anti-Gas","3","false","","Acid Gone Antacid Liquid 12-oz. 	12 oz 	Gaviscon ®"
"OTC773552","Multi-Vitamin Opthalmic Tablet 60/Bottle","60/bt","","","Vitamins & Minerals","14","false","","Multi-Vitamin Opthalmic Tablet 60/Bottle 	60/bt"
"OTC777012","Polysaccharide Iron 150 mg Capsule 100/Bottle","100/bt","","","Iron","19","false","","Polysaccharide Iron 150 mg Capsule 100/Bottle 	100/bt"
"OTC78101","Diphenhydramine Tablet 25 mg 100/Bottle","100/bt","","Benadryl","Cold, Cough & Allergy","7","true","","Diphenhydramine Tablet 25 mg 100/Bottle 	100/bt 	Benadryl"
"OTC786034","Melatonin 5 mg Tablet 30/Bottle","30/bt","","","Supplements","18","false","","Melatonin 5 mg Tablet 30/Bottle 	30/bt"
"OTC786094","Melatonin 5 mg Tablet 90/Bottle","90/bt","","","Supplements","18","false","","Melatonin 5 mg Tablet 90/Bottle 	90/bt"
"OTC788069","Melatonin 3 mg Tablet 60/Bottle","60/bt","","","Supplements","18","false","","Melatonin 3 mg Tablet 60/Bottle 	60/bt"
"OTC78916","Diphenhydramine Liquid 12.5 mg/5 ml 16-oz.","16 oz","","Benadryl ® Liquid","Cold, Cough & Allergy","7","false","","Diphenhydramine Liquid 12.5 mg/5 ml 16-oz. 	16 oz 	Benadryl ® Liquid"
"OTC79101","Simethicone 80 mg Chewable Tablet 100/Bottle","100/bt","","Mylicon ®","Antacids/Anti-Gas","3","false","","Simethicone 80 mg Chewable Tablet 100/Bottle 	100/bt 	Mylicon ®"
"OTC791706","Theraflu ® Day Time Severe Cold & Cough, Berry, 6ct","6/bx","","","Cold, Cough & Allergy","9","false","","Theraflu ® Day Time Severe Cold & Cough, Berry, 6ct 	6/bx"
"OTC791806","Theraflu ® Night Time Severe Cold & Flu, Honey, 6ct","6/bx","","","Cold, Cough & Allergy","9","false","","Theraflu ® Night Time Severe Cold & Flu, Honey, 6ct 	6/bx"
"OTC79316","Guaifenesin 100 mg Syrup Sugar & Alcohol Free 16-oz.","16 oz","","Robitussin ®","Cold, Cough & Allergy","8","false","","Guaifenesin 100 mg Syrup Sugar & Alcohol Free 16-oz. 	16 oz 	Robitussin ®"
"OTC801007","Multi-Vitamin & Mineral Tablet 130/Bottle","130/bt","","","Vitamins & Minerals","14","false","","Multi-Vitamin & Mineral Tablet 130/Bottle 	130/bt"
"OTC801401","Coricidin ® HBP Maximum Strength Flu Tablet 20/Bottle","20/bt","","","Cold, Cough & Allergy","7","false","","Coricidin ® HBP Maximum Strength Flu Tablet 20/Bottle 	20/bt"
"OTC804083","Multi-Vitamin+Lutein Tablet 100/Bottle","100/bt","","","Vitamins & Minerals","14","false","","Multi-Vitamin+Lutein Tablet 100/Bottle 	100/bt"
"OTC805005","Antioxidant Tablet 60/Bottle","60/bt","","","Supplements","17","false","","Antioxidant Tablet 60/Bottle 	60/bt"
"OTC80766","Miralax ® Powder 17 mg Packet 360/Case","360 pkts","","","Polyethylene Glycol","6","false","","Miralax ® Powder 17 mg Packet 360/Case 	360 pkts"
"OTC81008","Lubriskin Lotion 8-oz. Bottle","8 oz","","","Moisturizer","25","false","","Lubriskin Lotion 8-oz. Bottle 	8 oz"
"OTC81013Z","Cramp Tabs 2 x Acetaminophen 325mg, Pamabrom 25mg Unit Dose Tablet, 250 Unit Dose/Box","250UD/bx","","","Unit Dose Medications","32","false","","Cramp Tabs 2 x Acetaminophen 325mg, Pamabrom 25mg Unit Dose Tablet, 250 Unit Dose/Box 250UD/bx"
"OTC81550Z","Cough Drops Cherry Medi-First 50/Bag","50/bag","","Halls","Cold, Cough & Allergy","7","false","","Cough Drops Cherry Medi-First 50/Bag 	50/bag 	Halls"
"OTC82071","Miralax ® Laxative Powder 17.9-oz.","17.9 oz","","","Polyethylene Glycol","6","false","","Miralax ® Laxative Powder 17.9-oz. 	17.9 oz"
"OTC842161","Vitamin C 500 mg/5 ml Liquid 16-oz.","16 oz","","","Vitamins & Minerals","16","false","","Vitamin C 500 mg/5 ml Liquid 16-oz. 	16 oz"
"OTC84501","Cranberry 450 mg Tablet 100/Bottle","100/bt","","","Supplements","17","false","","Cranberry 450 mg Tablet 100/Bottle 	100/bt"
"OTC851019","Vitamin B-1 100 mg Tablet 100/Bottle","100/bt","","","Vitamins & Minerals","15","false","","Vitamin B-1 100 mg Tablet 100/Bottle 	100/bt"
"OTC8646","Omeprazole Magnesium 20.6 mg Delayed Release Capsule 42/Box","42/bx","","Prilosec OTC","Antacids/Anti-Gas","3","false","","Omeprazole Magnesium 20.6 mg Delayed Release Capsule 42/Box 	42/bx 	Prilosec OTC"
"OTC86630","Equate Lice Shampoo 6-oz.","6 oz","","","Lice Treatment","29","false","","Equate Lice Shampoo 6-oz. 	6 oz"
"OTC873601","Acetaminophen 500 mg Rapid Release Gelcap 100/Bottle","100/bt","","Extra Strength Tylenol ® Rapid Release","Acetaminophen","10","false","","Acetaminophen 500 mg Rapid Release Gelcap 100/Bottle 	100/bt 	Extra Strength Tylenol ® Rapid Release"
"OTC881409","LiceMD ® Complete Kit","1 ea","","","Lice Treatment","29","false","","LiceMD ® Complete Kit 	1 ea"
"OTC90101","Aspirin 325 mg Tablet 100/Bottle","100/bt","","Bayer","Aspirin","11","false","","Aspirin 325 mg Tablet 100/Bottle 	100/bt 	Bayer"
"OTC90110","Aspirin 325 mg Tablet 1000/Bottle","1000/bt","","Bayer","Aspirin","11","false","","Aspirin 325 mg Tablet 1000/Bottle 	1000/bt 	Bayer"
"OTC901168","Cooling Headache Pads 3/Box","3/bx","","","Pain Relief Patches","12","false","","Cooling Headache Pads 3/Box 	3/bx"
"OTC905017","Vitamin B-1 100 mg Tablet 100/Bottle","100/bt","","","Vitamins & Minerals","15","false","","Vitamin B-1 100 mg Tablet 100/Bottle 	100/bt"
"OTC911016","Vitamin B-12 100 mcg Tablet 100/Bottle","100/bt","","","Vitamins & Minerals","15","false","","Vitamin B-12 100 mcg Tablet 100/Bottle 	100/bt"
"OTC917018","Vitamin C 250 mg Tablet 100/Bottle","100/bt","","","Vitamins & Minerals","16","false","","Vitamin C 250 mg Tablet 100/Bottle 	100/bt"
"OTC92101","Aspirin 325 mg Enteric Coated Tablet 100/Bottle","100/bt","","Ecotrin ®","Aspirin","11","false","","Aspirin 325 mg Enteric Coated Tablet 100/Bottle 	100/bt 	Ecotrin ®"
"OTC92110","Aspirin 325 mg Enteric Coated Tablet 1000/Bottle","1000/bt","","Ecotrin","Aspirin","11","false","","Aspirin 325 mg Enteric Coated Tablet 1000/Bottle 	1000/bt 	Ecotrin"
"OTC922017","Vitamin D-3 400 IU Tablet 100/Bottle","100/bt","","","Vitamins & Minerals","16","false","","Vitamin D-3 400 IU Tablet 100/Bottle 	100/bt"
"OTC922809","Suave ® Shampoo Waterfall Mist 12-oz.","12 oz","","","Shampoo","25","false","","Suave ® Shampoo Waterfall Mist 12-oz. 	12 oz"
"OTC922908","Suave ® Conditioner Waterfall Mist 12-oz.","12 oz","","","Shampoo","25","false","","Suave ® Conditioner Waterfall Mist 12-oz. 	12 oz"
"OTC93101","Aspirin 325 mg Buffered Tablet 100/Bottle","100/bt","","Bufferin ®","Aspirin","11","false","","Aspirin 325 mg Buffered Tablet 100/Bottle 	100/bt 	Bufferin ®"
"OTC94110","Ibuprofen 200 mg Tablet 1000/Bottle","1000/bt","","Advil","Ibuprofen","11","false","","Ibuprofen 200 mg Tablet 1000/Bottle 	1000/bt 	Advil"
"OTC955102","Vitamin C 500 mg Tablet 1000/Bottle","000/bt","","","Vitamins & Minerals","16","false","","Vitamin C 500 mg Tablet 1000/Bottle 	000/bt"
"OTC957","Fast Freeze Pain Relief Gel 32-oz. Bottle","32oz","","BioFreeze","Pain Relief","24","false","","Fast Freeze Pain Relief Gel 32-oz. Bottle 	32oz 	BioFreeze"
"OTC958","Fast Freeze Pain Relief Gel 16-oz. Bottle","16oz","","BioFreeze","Pain Relief","24","false","","Fast Freeze Pain Relief Gel 16-oz. Bottle 	16oz 	BioFreeze"
"OTC960","Fast Freeze Pain Relieving Spray","4oz","","","Pain Relief","24","false","","Fast Freeze Pain Relieving Spray 	4oz"
"OTC961","Fast Freeze Pain Relief Gel 4-oz. Tube","4oz","","BioFreeze","Pain Relief","24","false","","Fast Freeze Pain Relief Gel 4-oz. Tube 	4oz 	BioFreeze"
"OTC963","Fast Freeze Pain Relieving Roll-On","3oz","","","Pain Relief","24","false","","Fast Freeze Pain Relieving Roll-On 	3oz"
"OTC964","Fast Freeze ® Pain Relief Gel 1 Gallon Bottle","1gal","","BioFreeze ®","Pain Relief","24","false","","Fast Freeze ® Pain Relief Gel 1 Gallon Bottle 	1gal 	BioFreeze ®"
"OTC978003","Bengay Ultra Strength Pain Relieving Patch 5/Box","5/bx","","","Pain Relief Patches","12","false","","Bengay Ultra Strength Pain Relieving Patch 5/Box 	5/bx"
"OTC978027","Bengay ® Ultra Strength Large Pain Relieving Patch 4/Box","4/bx","","","Pain Relief Patches","12","false","","Bengay ® Ultra Strength Large Pain Relieving Patch 4/Box 	4/bx"
"OTC9848A","Wellpatch ® Heat Patch 4/Box","4/bx","","","Pain Relief Patches","12","false","","Wellpatch ® Heat Patch 4/Box 	4/bx"
"OTC9L75504","Guaifenesin 100 mg with DM 10 mg Syrup Sugar Alcohol & Dye Free 4-oz.","4 oz","","Robitussin DM","Cold, Cough & Allergy","8","false","","Guaifenesin 100 mg with DM 10 mg Syrup Sugar Alcohol & Dye Free 4-oz. 	4 oz 	Robitussin DM"
"OTCBUDL","Verruca Freeze Buds Large 30/Pack","1 pk","","","Verruca Freeze","34","false","","Verruca Freeze Buds Large 30/Pack 	1 pk"
"OTCBUDM","Verruca Freeze Buds Medium 30/Pack","1 pk","","","Verruca Freeze","34","false","","Verruca Freeze Buds Medium 30/Pack 	1 pk"
"OTCBUDP","Verruca Freeze Buds Multi-Pack 30/Pack","1 pk","","","Verruca Freeze","34","false","","Verruca Freeze Buds Multi-Pack 30/Pack 	1 pk"
"OTCBUDS","Verruca Freeze Buds Small 30/Pack","1 pk","","","Verruca Freeze","34","false","","Verruca Freeze Buds Small 30/Pack 	1 pk"
"OTCCD1100","CryoDose 162 ml Replacement Canister","1 bx","","","Cryodose","34","false","","CryoDose 162 ml Replacement Canister 	1 bx"
"OTCCD1101","CryoDose 162 ml Kit with 6 Cones and 40 Buds","1 bx","","","Cryodose","34","false","","CryoDose 162 ml Kit with 6 Cones and 40 Buds 	1 bx"
"OTCCD1103","CryoDose 162 ml Kit with 80 Buds","1 bx","","","Cryodose","34","false","","CryoDose 162 ml Kit with 80 Buds 	1 bx"
"OTCCD1500","CryoDose 236 ml Replacement Canister","1 bx","","","Cryodose","34","false","","CryoDose 236 ml Replacement Canister 	1 bx"
"OTCCD1501","CryoDose 236 ml Kit with 6 Cones and 40 Buds","1 bx","","","Cryodose","34","false","","CryoDose 236 ml Kit with 6 Cones and 40 Buds 	1 bx"
"OTCCD1802","CryoDose TA–Mist 115mL","1 ea","","","Cryodose Topical Anesthetic","34","false","","CryoDose TA–Mist 115mL 	1 ea"
"OTCCD1802CS","CryoDose TA–Mist 115mL, 12/Case","1/cs","","","Cryodose Topical Anesthetic","34","false","","CryoDose TA–Mist 115mL, 12/Case 	1/cs"
"OTCCD1803","CryoDose TA–Medium Stream 115mL","1 ea","","","Cryodose Topical Anesthetic","34","false","","CryoDose TA–Medium Stream 115mL 	1 ea"
"OTCCD1803CS","CryoDose TA–Medium Stream 115mL, 12/Case","12/cs","","","Cryodose Topical Anesthetic","34","false","","CryoDose TA–Medium Stream 115mL, 12/Case 	12/cs"
"OTCCD2001","CryoDose Buds 20 Arrow 20 Round","1 ea","","","Cryodose","34","false","","CryoDose Buds 20 Arrow 20 Round 	1 ea"
"OTCCD2002","CryoDose Arrow Buds 30/Bag","1 ea","","","Cryodose","34","false","","CryoDose Arrow Buds 30/Bag 	1 ea"
"OTCCD2003","CryoDose Round Buds 30/Bag","1 ea","","","Cryodose","34","false","","CryoDose Round Buds 30/Bag 	1 ea"
"OTCCD3001","CryoDose Dosing Cones Set of 6","1 ea","","","Cryodose","34","false","","CryoDose Dosing Cones Set of 6 	1 ea"
"OTCM00007H","Senna Tablet 100/Bottle","100/bt","","Senokot","Senna","6","true","","Senna Tablet 100/Bottle 	100/bt 	Senokot"
"OTCM00011H","Senna S Tablet 60/Bottle","60/bt","","Senokot ® -S","Senna with Docusate","6","true","","Senna S Tablet 60/Bottle 	60/bt 	Senokot ® -S"
"OTCNAS05","NasalCEASE Stop Bleeding First Aid 5/Box","5/bx","","","Nasal Care","27","false","","NasalCEASE Stop Bleeding First Aid 5/Box 	5/bx"
"OTCPILLMNDRH","Pill Minder 7 Day Clear Container","1/ea","","","Pill Management","28","true","","Pill Minder 7 Day Clear Container 	1/ea"
"OTCS0120C2","Lactase Enzyme 3000 FCC Caplet 60/Bottle","60/bt","","","Probiotics and Digestive Aids","20","false","","Lactase Enzyme 3000 FCC Caplet 60/Bottle 	60/bt"
"OTCS0296C2","Zinc Gluconate 50 mg Tablet 100/Bottle","100/bt","","","Zinc","20","false","","Zinc Gluconate 50 mg Tablet 100/Bottle 	100/bt"
"OTCS0378C2","Pink Bismuth Liquid","8 oz","","Pepto Bismol ®","Antacids/Anti-Gas","3","false","","Pink Bismuth Liquid 	8 oz 	Pepto Bismol ®"
"OTCS0393C2","12-Hour Nasal Decongestant Spray 30 ml","30 ml","","Afrin ® OTC616701","Cold, Cough & Allergy","8","false","","12-Hour Nasal Decongestant Spray 30 ml 	30 ml 	Afrin ® OTC616701"
"OTCS0451C2","Antacid/Antigas Maximum Strength Liquid 12-oz.","12 oz","","Mylanta Maximum Strength","Antacids/Anti-Gas","3","false","","Antacid/Antigas Maximum Strength Liquid 12-oz. 	12 oz 	Mylanta Maximum Strength"
"OTCS0661C2","Aspirin 81 mg Chewables Orange Flavor 36/Bottle","36/bt","","St Joseph ®","Aspirin","11","false","","Aspirin 81 mg Chewables Orange Flavor 36/Bottle 	36/bt 	St Joseph ®"
"OTCS0670C2","Fiber 500 mg Caplet 90/Bottle","90/bt","","FiberCon","Fiber","5","false","","Fiber 500 mg Caplet 90/Bottle 	90/bt 	FiberCon"
"OTCS0673C2","Antacid Calcium Carbonate 500 mg Tablet 150/Bottle","150/bt","","Tums","Antacids/Anti-Gas","3","false","","Antacid Calcium Carbonate 500 mg Tablet 150/Bottle 	150/bt 	Tums"
"OTCS0674C2","Antacid Calcium Carbonate 750 mg Tablet 96/Bottle","96/bt","","Tums Extra Strength ®","Antacids/Anti-Gas","3","false","","Antacid Calcium Carbonate 750 mg Tablet 96/Bottle 	96/bt 	Tums Extra Strength ®"
"OTCS0801C2","Loperamide HCL 2 mg Caplet 12/Box","12/bx","","Imodium AD ®","Anti-Diarrheals","4","true","","Loperamide HCL 2 mg Caplet 12/Box 	12/bx 	Imodium AD ®"
"OTCS0813C2","Vitamin E 400 IU Softgel 100/Bottle","100/bt","","","Vitamins & Minerals","16","false","","Vitamin E 400 IU Softgel 100/Bottle 	100/bt"
"OTCS0883C2","Ibuprofen 200 mg Tablet 100/Bottle","100/bt","","Advil","Ibuprofen","11","true","","Ibuprofen 200 mg Tablet 100/Bottle 	100/bt 	Advil"
"OTCS0970C2","Magnesium Citrate Low Sodium Cherry Solution 10-oz.","10 oz OTC016280","","","Magnesium Citrate","5","false","","Magnesium Citrate Low Sodium Cherry Solution 10-oz. 	10 oz OTC016280"
"OTCS16C","Sorbitol 70% Solution 16-oz.","16 oz OTCM00007H","","","Miscellaneous Laxatives","6","false","","Sorbitol 70% Solution 16-oz. 	16 oz OTCM00007H"
"OTCTCONES","Verruca Freeze Cryocones 5/Set","1 set","","","Verruca Freeze","34","false","","Verruca Freeze Cryocones 5/Set 	1 set"
"OTCVFC65H","Verruca Freeze 65 Freeze Canister","1 ea","","","Verruca Freeze","34","false","","Verruca Freeze 65 Freeze Canister 	1 ea"
"OTCVFK50H","Verruca Freeze 50 Freeze Start Kit","1 ea","","","Verruca Freeze","34","false","","Verruca Freeze 50 Freeze Start Kit 	1 ea"
"OTCVFL100","Verruca Freeze 100 Freeze Replacement Canister","1 ea","","","Verruca Freeze","34","false","","Verruca Freeze 100 Freeze Replacement Canister 	1 ea"
"OTCVFL300","Verruca Freeze 300 Freeze 3 Pack Can Kit","1 kt","","","Verruca Freeze","34","false","","Verruca Freeze 300 Freeze 3 Pack Can Kit 	1 kt"
"OTCVFL300R","Verruca Freeze 300 Freeze 3 Pack Replacement Canister","1 pk","","","Verruca Freeze","34","false","","Verruca Freeze 300 Freeze 3 Pack Replacement Canister 	1 pk"
"OTICS","AND NASAL","","","","Nasal Care","27","false","","AND NASAL"
"PMU1006060","Cryosurgical Nitrospray 16-oz. 5 Tip","1 ea OTCCD170100 OTCCD1802 OTCCD3001 CRYOSURGERY/TOPICAL ANESTHETIC Some products may not be available for sale in Mexico or Canada. We reserve the right to correct any errors that may occur within this brochure. © 2018 Medline Industries, Inc. All rights reserved. Medline is a registered trademark of Medline Industries, Inc. Advil is a registered trademark of Wyeth LLC. Aleve and Phillip’s Milk of Magnesia are registered trademarks of Bayer HealthCare LLC. Align and Metamucil are registered trademarks of The Procter & Gamble Company. Alteril is a registered trademark of Biotab Nutraceuticals, Inc. Bayer is a registered trademark of Bayer Aktiengesellschaft. Beano is a registered trademark of Prism CH Holdings Inc. Bengay is a registered trademark of Pfizer Inc. Bio-K+ is a registered trademark of Bio-K Plus International Inc. Blue Stop is a registered trademark of Clavel Corporation. Bleedarrest is a registered trademark of Hemostasis, LLC. Boudreaux’s Butt Paste is a registered trademark of C.B. Fleet Company, Inc. Celox is a registered trademark of MedTrade Products Ltd. CetaKlenz is a trademark of Geritrex Corporation. Coricidin HBP is a registered trademark of MSD Consumer Care, Inc. CryoDose is a trademark of Nuance Medical LLC. Culturelle is a registered trademark of DSM IP Assets B.V. CURAD and Medline are registered trademarks of Medline Industries, Inc. Decubi-Vite is a registered trademark of QCE, Inc. Delsym is a registered trademark of Reckitt Benckiser LLC. Drug Buster is a registered trademark of Earth Ecocentric LLC. Eldertonic is a registered trademark of Merz, Inc. Emetrol is a registered trademark of Wellspring Pharmaceutical Corporation. Excedrin, Systane and Systane Ultra are registered trademarks of Novartis AG Corporation. Fast Freeze is a registered trademark of DJO, LLC. Florajen 3 is a registered trademark of American Lifeline, Inc. Florastor is a registered trademark of Biorganon SA Corporation. Geri Silk is a registered trademark of Geritrex Corporation. Histofreezer is a registered trademark of OraSure Technologies, Inc. Liquifilm, Refresh, Refresh Celluvisc, Refresh Optiv and Refresh Tears are registered trademarks of Allergan, Inc. Medcenter is a registered trademark of Cooper and Company, Inc. Medsaway is a registered trademark of Verde Environmental Technologies Inc. Miralax is a registered trademark of MSD Consumer Care, Inc. Mucinex is a registered trademark of Reckitt Benckiser LLC. Naphcon-A is a registered trademark of Alcon Research, Ltd. Neo-Synephrine is a registered trademark of Foundation Consumer Healthcare, LLC. Ocusoft is a registered trademark of OCusoft, Inc. Corporation. Oscal is a registered trademark of Aventisub II Inc. Phisoderm is a registered trademark of The Mentholatum Company Corporation. Prilosec is a registered trademark of AstraZeneca AB Corporation. Salonpas is a registered trademark of Hisamitsu Pharmaceutical Co., Inc. Tears Naturale is a registered trademark of Alcon Laboratories, Inc. TheraTears is a registered trademark of Advanced Vision Research, Inc. Vitadrops is a registered trademark of Hyper Network Solutions LLC. Wellpatch is a registered trademark of The Mentholatum Company Corporation. Zeasorb is a registered trademark of Stiefel Laboratories, Inc. MKT1881703 / LIT320 / 5M / SG / 43 Medline Industries, Inc. Three Lakes Drive, Northfield, IL 60093 Medline United States","","","Nitrospray","34","false","","Cryosurgical Nitrospray 16-oz. 5 Tip 	1 ea OTCCD170100 OTCCD1802 OTCCD3001 CRYOSURGERY/TOPICAL ANESTHETIC Some products may not be available for sale in Mexico or Canada. We reserve the right to correct any errors that may occur within this brochure. © 2018 Medline Industries, Inc. All rights reserved. Medline is a registered trademark of Medline Industries, Inc. Advil is a registered trademark of Wyeth LLC. Aleve and Phillip’s Milk of Magnesia are registered trademarks of Bayer HealthCare LLC. Align and Metamucil are registered trademarks of The Procter & Gamble Company. Alteril is a registered trademark of Biotab Nutraceuticals, Inc. Bayer is a registered trademark of Bayer Aktiengesellschaft. Beano is a registered trademark of Prism CH Holdings Inc. Bengay is a registered trademark of Pfizer Inc. Bio-K+ is a registered trademark of Bio-K Plus International Inc. Blue Stop is a registered trademark of Clavel Corporation. Bleedarrest is a registered trademark of Hemostasis, LLC. Boudreaux’s Butt Paste is a registered trademark of C.B. Fleet Company, Inc. Celox is a registered trademark of MedTrade Products Ltd. CetaKlenz is a trademark of Geritrex Corporation. Coricidin HBP is a registered trademark of MSD Consumer Care, Inc. CryoDose is a trademark of Nuance Medical LLC. Culturelle is a registered trademark of DSM IP Assets B.V. CURAD and Medline are registered trademarks of Medline Industries, Inc. Decubi-Vite is a registered trademark of QCE, Inc. Delsym is a registered trademark of Reckitt Benckiser LLC. Drug Buster is a registered trademark of Earth Ecocentric LLC. Eldertonic is a registered trademark of Merz, Inc. Emetrol is a registered trademark of Wellspring Pharmaceutical Corporation. Excedrin, Systane and Systane Ultra are registered trademarks of Novartis AG Corporation. Fast Freeze is a registered trademark of DJO, LLC. Florajen 3 is a registered trademark of American Lifeline, Inc. Florastor is a registered trademark of Biorganon SA Corporation. Geri Silk is a registered trademark of Geritrex Corporation. Histofreezer is a registered trademark of OraSure Technologies, Inc. Liquifilm, Refresh, Refresh Celluvisc, Refresh Optiv and Refresh Tears are registered trademarks of Allergan, Inc. Medcenter is a registered trademark of Cooper and Company, Inc. Medsaway is a registered trademark of Verde Environmental Technologies Inc. Miralax is a registered trademark of MSD Consumer Care, Inc. Mucinex is a registered trademark of Reckitt Benckiser LLC. Naphcon-A is a registered trademark of Alcon Research, Ltd. Neo-Synephrine is a registered trademark of Foundation Consumer Healthcare, LLC. Ocusoft is a registered trademark of OCusoft, Inc. Corporation. Oscal is a registered trademark of Aventisub II Inc. Phisoderm is a registered trademark of The Mentholatum Company Corporation. Prilosec is a registered trademark of AstraZeneca AB Corporation. Salonpas is a registered trademark of Hisamitsu Pharmaceutical Co., Inc. Tears Naturale is a registered trademark of Alcon Laboratories, Inc. TheraTears is a registered trademark of Advanced Vision Research, Inc. Vitadrops is a registered trademark of Hyper Network Solutions LLC. Wellpatch is a registered trademark of The Mentholatum Company Corporation. Zeasorb is a registered trademark of Stiefel Laboratories, Inc. MKT1881703 / LIT320 / 5M / SG / 43 Medline Industries, Inc. Three Lakes Drive, Northfield, IL 60093 Medline United States"
"PMU9034000","Cryomega","1 ea","","","Cryomega","34","false","","Cryomega 	1 ea"
"PMU9034002","Cryomega Twin Pack","1 pk","","","Cryomega","34","false","","Cryomega Twin Pack 	1 pk"