sku,description,pkg,price,compareTo,section,page,medlineBrand,sourceCatalog,rawLine
"0054-3117-63","Calcium Carbonate 1250 mg/5 ml Suspension 500 ml","500 ml","","","Calcium","19","false","medline-otc-2020","Calcium Carbonate 1250 mg/5 ml Suspension 500 ml 	500 ml"
"0187-0746-33","Insta-Glucose Tri-Pack Gel","3/bx","","","Supplements","18","false","medline-otc-2020","Insta-Glucose Tri-Pack Gel 	3/bx"
"0283-0679-02","HurriCaine ® Spray 2-oz. Bottle","2oz","","","Pain Relief","24","false","medline-otc-2020","HurriCaine ® Spray 2-oz. Bottle 	2oz"
"0501-3203-02","Benadryl ® Multi-Symptom Spray 2-oz.","2 oz","","","Cold, Cough & Allergy","7","false","medline-otc-2020","Benadryl ® Multi-Symptom Spray 2-oz. 	2 oz"
"0521-2326-00","Vaseline Jar Gel 3.75-oz.","3.75 oz","","","Skin Protectants","25","false","medline-otc-2020","Vaseline Jar Gel 3.75-oz. 	3.75 oz"
"0536-4078-10","Niacin 500 mg Tablet 1000/Bottle","1000/bt","","","Vitamins & Minerals","15","false","medline-otc-2020","Niacin 500 mg Tablet 1000/Bottle 	1000/bt"
"0536-4406-01","Vitamin B-6 25 mg Tablet 100/Bottle","100/bt","","","Vitamins & Minerals","15","false","medline-otc-2020","Vitamin B-6 25 mg Tablet 100/Bottle 	100/bt"
"0536-5150-26","Tolnaftate 1 % Powder 45 gm","1.59 oz","","Tinactin ®","Anti-Fungals","23","false","medline-otc-2020","Tolnaftate 1 % Powder 45 gm 	1.59 oz 	Tinactin ®"
"0713-0280-31","Bacitracin Ointment 500 Units/gm 1-oz.","1 oz","","","Anti-Infective","22","false","medline-otc-2020","Bacitracin Ointment 500 Units/gm 1-oz. 	1 oz"
"0743-0042-11","RID ® Spray Lice/Scabies Control 5-oz.","5 oz","","","Lice Treatment","29","false","medline-otc-2020","RID ® Spray Lice/Scabies Control 5-oz. 	5 oz"
"0869-2452-10","Castor Oil 2-oz.","2 oz","","","Miscellaneous Laxatives","6","false","medline-otc-2020","Castor Oil 2-oz. 	2 oz"
"0904-5309-09","Ibuprofen Child Berry Flavor Suspension 8-oz.","8 oz","","Children's Motrin","Ibuprofen","11","false","medline-otc-2020","Ibuprofen Child Berry Flavor Suspension 8-oz. 	8 oz 	Children's Motrin"
"0904-5986-60","Vitamin D-3 5000 IU Capsule 100/Bottle","100/bt","","","Vitamins & Minerals","16","false","medline-otc-2020","Vitamin D-3 5000 IU Capsule 100/Bottle 	100/bt"
"1011","Abreva Cold Sore Treatment 2 g FDA-approved medicated cream with 10% docosanol helps shorten healing time.","1 Ct","$38.00","","Medications Over the Counter","19","false","memorial-hermann-2026","Abreva Cold Sore Treatment 2 g FDA-approved medicated cream with 10% docosanol helps shorten healing time. 1 Ct 1011 $38.00"
"1012","Medline Cetirizine Allergy Relief Tablets 10 mg 24-hour relief. Compare to the active ingredient in Zyrtec.","90 Ct","$9.00","","Medications Over the Counter","16","true","memorial-hermann-2026","Medline Cetirizine Allergy Relief Tablets 10 mg 24-hour relief. Compare to the active ingredient in Zyrtec. 90 Ct 1012 $9.00"
"1013","GeriCare Loratadine 24-Hr Non-Drowsy Allergy Relief Tablets 10 mg Compare to the active ingredient in Claritin.","30 Ct","$7.00","","Medications Over the Counter","16","false","memorial-hermann-2026","GeriCare Loratadine 24-Hr Non-Drowsy Allergy Relief Tablets 10 mg Compare to the active ingredient in Claritin. 30 Ct 1013 $7.00"
"1015","Fexofenadine 24-Hour Allergy Relief Tablets 180 mg Non-drowsy. Compare to the active ingredient in Allegra Allergy.","30 Ct","$15.00","","Medications Over the Counter","16","false","memorial-hermann-2026","Fexofenadine 24-Hour Allergy Relief Tablets 180 mg Non-drowsy. Compare to the active ingredient in Allegra Allergy. 30 Ct 1015 $15.00"
"1018","GoodSense Cold Max Day/Night Cold Relief Caplets Multi-symptom relief. 12 daytime caplets/8 nighttime caplets.","20 Ct","$7.00","","Medications Over the Counter","18","false","memorial-hermann-2026","GoodSense Cold Max Day/Night Cold Relief Caplets Multi-symptom relief. 12 daytime caplets/8 nighttime caplets. 20 Ct 1018 $7.00"
"1020","GoodSense Cough Drops 5.8 mg menthol. Cherry flavor. Compare to the active ingredient in Halls.","30 Ct","$5.00","","Medications Over the Counter","18","false","memorial-hermann-2026","GoodSense Cough Drops 5.8 mg menthol. Cherry flavor. Compare to the active ingredient in Halls. 30 Ct 1020 $5.00"
"1024","Fluticasone Propionate Nasal Spray 50 mcg Non-drowsy 24-hour relief. Compare to the active ingredient in Flonase. 120 metered doses.","1 Ct","$15.50","","Medications Over the Counter","17","false","memorial-hermann-2026","Fluticasone Propionate Nasal Spray 50 mcg Non-drowsy 24-hour relief. Compare to the active ingredient in Flonase. 120 metered doses. 1 Ct 1024 $15.50"
"1026","Cough, Cold & Flu CareAll Medicated Chest Rub 3.53 oz. Compare to the active ingredients in Vicks VapoRub.","1 Ct","$5.50","","Medications Over the Counter","18","false","memorial-hermann-2026","Cough, Cold & Flu CareAll Medicated Chest Rub 3.53 oz. Compare to the active ingredients in Vicks VapoRub. 1 Ct 1026 $5.50"
"1028","Guaifenesin Mucus Relief Tablets 400 mg Helps thin and loosen mucus and relieve chest congestion.","100 Ct","$7.50","","Medications Over the Counter","19","false","memorial-hermann-2026","Guaifenesin Mucus Relief Tablets 400 mg Helps thin and loosen mucus and relieve chest congestion. 100 Ct 1028 $7.50"
"1033","Reliable-1 Saline Nasal Spray 3 oz. Compare to the active ingredient in Ocean.","1 Ct","$8.50","","Medications Over the Counter","17","false","memorial-hermann-2026","Reliable-1 Saline Nasal Spray 3 oz. Compare to the active ingredient in Ocean. 1 Ct 1033 $8.50"
"1035","Dr. Sheffield’s Ear Wax Removal Drops 15 mL 6.5% carbamide peroxide solution. Compare to the active ingredient in Debrox.","1 Ct","$6.50","","Mobility","27","false","memorial-hermann-2026","Dr. Sheffield’s Ear Wax Removal Drops 15 mL 6.5% carbamide peroxide solution. Compare to the active ingredient in Debrox. 1 Ct 1035 $6.50"
"1041","Medline Accu-Therm Reusable Hot/Cold Gel Pack Microwave for hot therapy, freeze for cold therapy. Stays pliable and soft. 5” x 10”.","1 Ct","$3.00","","Oral Care","36","true","memorial-hermann-2026","Medline Accu-Therm Reusable Hot/Cold Gel Pack Microwave for hot therapy, freeze for cold therapy. Stays pliable and soft. 5” x 10”. 1 Ct 1041 $3.00"
"1043","CURAD Clear Waterproof Bandages Holds tight even when wet. 4-sided seal. 1” x 3”.","100 Ct","$5.00","","First Aid","9","false","memorial-hermann-2026","CURAD Clear Waterproof Bandages Holds tight even when wet. 4-sided seal. 1” x 3”. 100 Ct 1043 $5.00"
"1044","Medline Isopropyl Alcohol Prep Pads Medium pad saturated with 70% isopropyl alcohol. 1.125” x 2.375”.","200 Ct","$4.50","","First Aid","9","true","memorial-hermann-2026","Medline Isopropyl Alcohol Prep Pads Medium pad saturated with 70% isopropyl alcohol. 1.125” x 2.375”. 200 Ct 1044 $4.50"
"1048","Ben’s DEET Tick and Insect Repellent 3.4 oz. Water-based formula with 30% DEET for tick and mosquito protection.","1 Ct","$10.50","","Hearing Aids & Amplifiers","11","false","memorial-hermann-2026","Ben’s DEET Tick and Insect Repellent 3.4 oz. Water-based formula with 30% DEET for tick and mosquito protection. 1 Ct 1048 $10.50"
"1051","Medline Nonsterile Cotton Balls Highly absorbent, 100% bleached cotton 1-inch balls.","200 Ct","$4.50","","Mobility","26","true","memorial-hermann-2026","Medline Nonsterile Cotton Balls Highly absorbent, 100% bleached cotton 1-inch balls. 200 Ct 1051 $4.50"
"1059","CURAD Hydrocortisone 1% Anti-Itch Cream 1 oz. Helps reduce eczema, psoriasis and other skin condition symptoms.","1 Ct","$4.00","","Medications Over the Counter","17","false","memorial-hermann-2026","CURAD Hydrocortisone 1% Anti-Itch Cream 1 oz. Helps reduce eczema, psoriasis and other skin condition symptoms. 1 Ct 1059 $4.00"
"1063","CURAD QuickStop! Flex-Fabric Bandages Helps stop minor bleeding fast. 0.75” x 2.83”.","30 Ct","$7.00","","First Aid","9","false","memorial-hermann-2026","CURAD QuickStop! Flex-Fabric Bandages Helps stop minor bleeding fast. 0.75” x 2.83”. 30 Ct 1063 $7.00"
"1064","CURAD Soothe & Cool Hydrogel Bandages Cools on contact. Soothes, cushions and protects minor burns, blisters and abrasions. Assorted sizes.","8 Ct","$9.00","","First Aid","9","false","memorial-hermann-2026","CURAD Soothe & Cool Hydrogel Bandages Cools on contact. Soothes, cushions and protects minor burns, blisters and abrasions. Assorted sizes. 8 Ct 1064 $9.00"
"1068","Medline Sterile Cotton Gauze Bandage Gently stretches to conform to contours. 4.5” x 4.1 yd. roll.","1 Ct","$1.50","","Tapes","10","true","memorial-hermann-2026","Medline Sterile Cotton Gauze Bandage Gently stretches to conform to contours. 4.5” x 4.1 yd. roll. 1 Ct 1068 $1.50"
"1073","Medline 70% Isopropyl Alcohol 16 oz. Topical first aid essential.","1 Ct","$4.00","","First Aid","9","true","memorial-hermann-2026","Medline 70% Isopropyl Alcohol 16 oz. Topical first aid essential. 1 Ct 1073 $4.00"
"1076","CareAll Petroleum Jelly 13 oz. Moisturizes rough, dry, chapped skin.","1 Ct","$9.50","","Oral Care","31","false","memorial-hermann-2026","CareAll Petroleum Jelly 13 oz. Moisturizes rough, dry, chapped skin. 1 Ct 1076 $9.50"
"1077","ReadyPrep PVP Povidone Iodine Prep Solution 4 oz. Effective first aid antiseptic.","1 Ct","$3.50","","First Aid","9","false","memorial-hermann-2026","ReadyPrep PVP Povidone Iodine Prep Solution 4 oz. Effective first aid antiseptic. 1 Ct 1077 $3.50"
"1082","HealthSmart Jar Openers Set includes jar opener, bottle opener and nonslip silicone circle.","3 Ct","$6.00","","First Aid","8","false","memorial-hermann-2026","HealthSmart Jar Openers Set includes jar opener, bottle opener and nonslip silicone circle. 3 Ct 1082 $6.00"
"1089","Medline Oral Digital Thermometer Results in 30 seconds. One-piece, snap-on protective cover.","1 Ct","$4.00","","Hearing Aids & Amplifiers","13","true","memorial-hermann-2026","Medline Oral Digital Thermometer Results in 30 seconds. One-piece, snap-on protective cover. 1 Ct 1089 $4.00"
"1094","Medline Infrared No-Touch Forehead Thermometer Takes body and surface temps from 1-inch away.","1 Ct","$49.50","","Hearing Aids & Amplifiers","13","true","memorial-hermann-2026","Medline Infrared No-Touch Forehead Thermometer Takes body and surface temps from 1-inch away. 1 Ct 1094 $49.50"
"1099","Medline Digital Blood Pressure Monitor Stores 90 measurements for 2 users. Universal cuff (8.7”- 16.5” arm circumference) AC power adapter and batteries.","1 Ct","$50.00","","Hearing Aids & Amplifiers","12","true","memorial-hermann-2026","Medline Digital Blood Pressure Monitor Stores 90 measurements for 2 users. Universal cuff (8.7”- 16.5” arm circumference) AC power adapter and batteries. 1 Ct 1099 $50.00"
"1100","Medline Infrared Talking Ear/Forehead Thermometer Reading in just 1 second. Results in your choice of 6 languages.","1 Ct","$32.00","","Hearing Aids & Amplifiers","12","true","memorial-hermann-2026","Medline Infrared Talking Ear/Forehead Thermometer Reading in just 1 second. Results in your choice of 6 languages. 1 Ct 1100 $32.00"
"1103","Ear & Eye Care Medline FitRight Aloe Personal Wipes Gentle aloe-based formula. Standard weight. 8” x 10”. Scented.","100 Ct","$7.00","","Mobility","27","true","memorial-hermann-2026","Ear & Eye Care Medline FitRight Aloe Personal Wipes Gentle aloe-based formula. Standard weight. 8” x 10”. Scented. 100 Ct 1103 $7.00"
"1106","CURAD Vitamin A&D Ointment 2 oz. Skin protectant helps protect against wetness.","1 Ct","$4.00","","Oral Care","32","false","memorial-hermann-2026","CURAD Vitamin A&D Ointment 2 oz. Skin protectant helps protect against wetness. 1 Ct 1106 $4.00"
"1112","Medline FitRight OptiFit Ultra Disposable Briefs Cloth-like adult diaper with soft anti-leak guards. Ultra absorbency. L (44”-56” waist).","20 Ct","$20.00","","Protective Underwear","14","true","memorial-hermann-2026","Medline FitRight OptiFit Ultra Disposable Briefs Cloth-like adult diaper with soft anti-leak guards. Ultra absorbency. L (44”-56” waist). 20 Ct 1112 $20.00"
"1113","Medline FitRight OptiFit Ultra Disposable Briefs Cloth-like adult diaper with soft anti-leak guards. Ultra absorbency. M (32”-44” waist).","20 Ct","$20.00","","Protective Underwear","14","true","memorial-hermann-2026","Medline FitRight OptiFit Ultra Disposable Briefs Cloth-like adult diaper with soft anti-leak guards. Ultra absorbency. M (32”-44” waist). 20 Ct 1113 $20.00"
"1114","Medline FitRight OptiFit Ultra Disposable Briefs Cloth-like adult diaper with soft anti-leak guards. Ultra absorbency. XL (56”-64” waist).","20 Ct","$20.00","","Protective Underwear","14","true","memorial-hermann-2026","Medline FitRight OptiFit Ultra Disposable Briefs Cloth-like adult diaper with soft anti-leak guards. Ultra absorbency. XL (56”-64” waist). 20 Ct 1114 $20.00"
"1132","CURAD Mediplast Wart Remover Pad Helps remove warts, corns, calluses. 40% salicylic acid. 2” x 3”.","1 Ct","$2.50","","Pain & Fever Relief","20","false","memorial-hermann-2026","CURAD Mediplast Wart Remover Pad Helps remove warts, corns, calluses. 40% salicylic acid. 2” x 3”. 1 Ct 1132 $2.50"
"1143","Sheffield Antifungal Cream 1.25 oz. Compare to the active ingredient in Tinactin.","1 Ct","$5.50","","Medications Over the Counter","17","false","memorial-hermann-2026","Sheffield Antifungal Cream 1.25 oz. Compare to the active ingredient in Tinactin. 1 Ct 1143 $5.50"
"1151","Colgate 360 Sonic Replacement Brush Heads Deep reach design with soft bristles.","2 Ct","$13.00","","Oral Care","30","false","memorial-hermann-2026","Colgate 360 Sonic Replacement Brush Heads Deep reach design with soft bristles. 2 Ct 1151 $13.00"
"1154","Freshmint Waxed Dental Floss 100 yd. Mint flavor.","1 Ct","$4.00","","Oral Care","29","false","memorial-hermann-2026","Freshmint Waxed Dental Floss 100 yd. Mint flavor. 1 Ct 1154 $4.00"
"1155","Effervescent Denture Cleanser Tablets Compare to the active ingredient in Efferdent.","90 Ct","$9.00","","Oral Care","29","false","memorial-hermann-2026","Effervescent Denture Cleanser Tablets Compare to the active ingredient in Efferdent. 90 Ct 1155 $9.00"
"1158","GoodSense Medicated Lip Balm Treatment Palm-sized tin fits easily in your pocket. Pack of 2.","2 Ct","$5.50","","Pain & Fever Relief","20","false","memorial-hermann-2026","GoodSense Medicated Lip Balm Treatment Palm-sized tin fits easily in your pocket. Pack of 2. 2 Ct 1158 $5.50"
"1161","Pepsodent Complete Care Toothpaste 5.5 oz. Enamel strengthening, helps whiten teeth. Original flavor.","1 Ct","$5.00","","Oral Care","31","false","memorial-hermann-2026","Pepsodent Complete Care Toothpaste 5.5 oz. Enamel strengthening, helps whiten teeth. Original flavor. 1 Ct 1161 $5.00"
"1170","Medline Knee Support with Removable U-Buttress 4 spiral medial and lateral stays for added stability. Black. Size L (15”-16” knee circumference).","1 Ct","$16.00","","Oral Care","33","true","memorial-hermann-2026","Medline Knee Support with Removable U-Buttress 4 spiral medial and lateral stays for added stability. Black. Size L (15”-16” knee circumference). 1 Ct 1170 $16.00"
"1171","Medline Knee Support with Removable U-Buttress 4 spiral medial and lateral stays for added stability. Black. Size M (14”-15” knee circumference).","1 Ct","$16.00","","Oral Care","33","true","memorial-hermann-2026","Medline Knee Support with Removable U-Buttress 4 spiral medial and lateral stays for added stability. Black. Size M (14”-15” knee circumference). 1 Ct 1171 $16.00"
"1172","Medline Knee Support with Removable U-Buttress 4 spiral medial and lateral stays for added stability. Black. Size S (13”-14” knee circumference).","1 Ct","$16.00","","Oral Care","33","true","memorial-hermann-2026","Medline Knee Support with Removable U-Buttress 4 spiral medial and lateral stays for added stability. Black. Size S (13”-14” knee circumference). 1 Ct 1172 $16.00"
"1186","GoodSense Arthritis Pain Caplets 650 mg Compare to the active ingredient in Tylenol 8HR Arthritis Pain.","100 Ct","$12.00","","Pain & Fever Relief","20","false","memorial-hermann-2026","GoodSense Arthritis Pain Caplets 650 mg Compare to the active ingredient in Tylenol 8HR Arthritis Pain. 100 Ct 1186 $12.00"
"1187","Aspercreme Lidocaine Pain Relief Cream 2.7 oz. Numbs away pain. Non-greasy formula rubs in easily.","1 Ct","$14.00","","Pain & Fever Relief","22","false","memorial-hermann-2026","Aspercreme Lidocaine Pain Relief Cream 2.7 oz. Numbs away pain. Non-greasy formula rubs in easily. 1 Ct 1187 $14.00"
"1190","Medline Low-Dose Enteric Aspirin Tablets 81 mg Coated for easier swallowing. Compare to the active ingredient in Bayer Low Dose.","120 Ct","$6.00","","Pain & Fever Relief","21","true","memorial-hermann-2026","Medline Low-Dose Enteric Aspirin Tablets 81 mg Coated for easier swallowing. Compare to the active ingredient in Bayer Low Dose. 120 Ct 1190 $6.00"
"1191","Low-Dose Enteric-Coated Aspirin Tablets 81 mg Compare to the active ingredient in Bayer Low Dose Aspirin.","300 Ct","$9.00","","Pain & Fever Relief","21","false","memorial-hermann-2026","Low-Dose Enteric-Coated Aspirin Tablets 81 mg Compare to the active ingredient in Bayer Low Dose Aspirin. 300 Ct 1191 $9.00"
"1195","GoodSense Hemorrhoid Ointment 2 oz. Compare to the active ingredients in Preparation H Hemorrhoidal Ointment.","1 Ct","$6.00","","Pain & Fever Relief","21","false","memorial-hermann-2026","GoodSense Hemorrhoid Ointment 2 oz. Compare to the active ingredients in Preparation H Hemorrhoidal Ointment. 1 Ct 1195 $6.00"
"1203","Cooling Menthol Lavender Migraine Headache Pads Fast, cooling headache relief that lasts up to 12 hours. Single use. 4.3” x 2”.","4 Ct","$8.00","","Pain & Fever Relief","23","false","memorial-hermann-2026","Cooling Menthol Lavender Migraine Headache Pads Fast, cooling headache relief that lasts up to 12 hours. Single use. 4.3” x 2”. 4 Ct 1203 $8.00"
"1205","Medline Naproxen Sodium Tablets 220 mg Relief for up to 12 hours. Compare to the active ingredient in Aleve.","100 Ct","$9.50","","Pain & Fever Relief","23","true","memorial-hermann-2026","Medline Naproxen Sodium Tablets 220 mg Relief for up to 12 hours. Compare to the active ingredient in Aleve. 100 Ct 1205 $9.50"
"1207","Medline Extra Strength Pain Relief Tablets 250 mg acetaminophen, 250 mg aspirin plus 65 mg caffeine.","100 Ct","$6.50","","Pain & Fever Relief","21","true","memorial-hermann-2026","Medline Extra Strength Pain Relief Tablets 250 mg acetaminophen, 250 mg aspirin plus 65 mg caffeine. 100 Ct 1207 $6.50"
"1208","Salonpas Pain Relieving Patch 3 pain fighters work at site of pain. Single-use. Large 5.67” x 3.62”.","6 Ct","$8.00","","Pain & Fever Relief","23","false","memorial-hermann-2026","Salonpas Pain Relieving Patch 3 pain fighters work at site of pain. Single-use. Large 5.67” x 3.62”. 6 Ct 1208 $8.00"
"1216","GoodSense Effervescent Pain Relief Tablets Compare to the active ingredients in Alka-Seltzer.","36 Ct","$8.50","","Stomach Remedies","23","false","memorial-hermann-2026","GoodSense Effervescent Pain Relief Tablets Compare to the active ingredients in Alka-Seltzer. 36 Ct 1216 $8.50"
"1217","Geri-Lanta Antacid & Antigas Liquid 12 oz. Compare to the active ingredients in Regular Strength Mylanta.","1 Ct","$9.00","","Stomach Remedies","24","false","memorial-hermann-2026","Geri-Lanta Antacid & Antigas Liquid 12 oz. Compare to the active ingredients in Regular Strength Mylanta. 1 Ct 1217 $9.00"
"1221","Guardian PinkBismuth Stomach Relief Liquid 8 oz. Compare to the active ingredient in Pepto-Bismol.","1 Ct","$9.00","","Stomach Remedies","24","false","memorial-hermann-2026","Guardian PinkBismuth Stomach Relief Liquid 8 oz. Compare to the active ingredient in Pepto-Bismol. 1 Ct 1221 $9.00"
"1231","GeriCare Milk of Magnesia 12 oz. Compare to the active ingredient in Philips’ Milk of Magnesia.","1 Ct","$6.00","","Stomach Remedies","25","false","memorial-hermann-2026","GeriCare Milk of Magnesia 12 oz. Compare to the active ingredient in Philips’ Milk of Magnesia. 1 Ct 1231 $6.00"
"1234","Medline Senna Natural Laxative Tablets 8.6 mg Compare to the active ingredients in Senokot.","100 Ct","$5.00","","Stomach Remedies","25","true","memorial-hermann-2026","Medline Senna Natural Laxative Tablets 8.6 mg Compare to the active ingredients in Senokot. 100 Ct 1234 $5.00"
"1237","Medline Pure & Gentle Saline Enema Laxative 4.5 oz. Ready-to-use, soft squeeze bottle with lubricated comfort tip. Single use.","1 Ct","$3.00","","Stomach Remedies","25","true","memorial-hermann-2026","Medline Pure & Gentle Saline Enema Laxative 4.5 oz. Ready-to-use, soft squeeze bottle with lubricated comfort tip. Single use. 1 Ct 1237 $3.00"
"1240","Docusate Sodium Stool Softener Softgels 100 mg Compare to the active ingredients in Colace regular strength stool softener.","100 Ct","$6.00","","Stomach Remedies","24","false","memorial-hermann-2026","Docusate Sodium Stool Softener Softgels 100 mg Compare to the active ingredients in Colace regular strength stool softener. 100 Ct 1240 $6.00"
"1247","Medline Remedy Specialized Skin Cream 4 oz. All-over body cream with 1.5% dimethicone. Scented.","1 Ct","$8.00","","Oral Care","31","true","memorial-hermann-2026","Medline Remedy Specialized Skin Cream 4 oz. All-over body cream with 1.5% dimethicone. Scented. 1 Ct 1247 $8.00"
"1261","Sentry Senior Multivitamin & Mineral Tablets For active adults 50+. Compare to Centrum Silver.","100 Ct","$10.00","","Oral Care","39","false","memorial-hermann-2026","Sentry Senior Multivitamin & Mineral Tablets For active adults 50+. Compare to Centrum Silver. 100 Ct 1261 $10.00"
"1265","Letter Vitamins Vitamins & Supplements Medline Coenzyme Q10 Softgels 100 mg Contains soy.","30 Ct","$12.00","","Oral Care","37","true","memorial-hermann-2026","Letter Vitamins Vitamins & Supplements Medline Coenzyme Q10 Softgels 100 mg Contains soy. 30 Ct 1265 $12.00"
"1286","21st Century Vitamin A Softgels 10,000IU Gluten-free.","110 Ct","$9.50","","Oral Care","37","false","memorial-hermann-2026","21st Century Vitamin A Softgels 10,000IU Gluten-free. 110 Ct 1286 $9.50"
"1289","Plus Pharma Vitamin B12 Tablets 1,000 mcg Also with 23 mg calcium.","100 Ct","$15.00","","Oral Care","37","false","memorial-hermann-2026","Plus Pharma Vitamin B12 Tablets 1,000 mcg Also with 23 mg calcium. 100 Ct 1289 $15.00"
"1295","21st Century Vitamin D3 Tablets 50 mcg Gluten-free.","250 Ct","$9.00","","Oral Care","38","false","memorial-hermann-2026","21st Century Vitamin D3 Tablets 50 mcg Gluten-free. 250 Ct 1295 $9.00"
"1308","Theraworx Harmony Feminine Foam Wash 7.1 oz. No-rinse, pH balanced formula. Fragrance-free.","1 Ct","$20.00","","Oral Care","29","false","memorial-hermann-2026","Theraworx Harmony Feminine Foam Wash 7.1 oz. No-rinse, pH balanced formula. Fragrance-free. 1 Ct 1308 $20.00"
"1309","Theraworx Foot Cramp Relief Roll-On 2.5 oz. Fast-acting formula with convenient, no-touch application. No strong odor.","1 Ct","$23.00","","Pain & Fever Relief","22","false","memorial-hermann-2026","Theraworx Foot Cramp Relief Roll-On 2.5 oz. Fast-acting formula with convenient, no-touch application. No strong odor. 1 Ct 1309 $23.00"
"1312","Bausch + Lomb Therapearl Eye Mask Conformed to deliver soothing relief from Dry Eyes, Migraines, Sinuses, Puffy Eyes and more.","1 Ct","$15.00","","Oral Care","35","false","memorial-hermann-2026","Bausch + Lomb Therapearl Eye Mask Conformed to deliver soothing relief from Dry Eyes, Migraines, Sinuses, Puffy Eyes and more. 1 Ct 1312 $15.00"
"1317","CURAD Mediplast Wart Remover Pad Helps remove warts, corns, calluses. 40% salicylic acid. 2” x 3”.","25 Ct","$29.00","","Pain & Fever Relief","20","false","memorial-hermann-2026","CURAD Mediplast Wart Remover Pad Helps remove warts, corns, calluses. 40% salicylic acid. 2” x 3”. 25 Ct 1317 $29.00"
"1320","CURAD 4% Lidocaine Pain Patches Provides targeted, temporarily relief of pain in the back, neck, shoulders, knees and elbows","5 Ct","$4.50","","Pain & Fever Relief","23","false","memorial-hermann-2026","CURAD 4% Lidocaine Pain Patches Provides targeted, temporarily relief of pain in the back, neck, shoulders, knees and elbows 5 Ct 1320 $4.50"
"1321","CURAD IRONMAN Infrared Shoulder Support With hot and cold compress. Black. One size.","1 Ct","$36.00","","Oral Care","34","false","memorial-hermann-2026","CURAD IRONMAN Infrared Shoulder Support With hot and cold compress. Black. One size. 1 Ct 1321 $36.00"
"1322","CURAD IRONMAN Kinesiology Tape Black 2x10 Strips Made up of cotton with flexible, elastic threads that expand up to 160% of original length","20 Ct","$9.00","","Oral Care","36","false","memorial-hermann-2026","CURAD IRONMAN Kinesiology Tape Black 2x10 Strips Made up of cotton with flexible, elastic threads that expand up to 160% of original length 20 Ct 1322 $9.00"
"1325","Alka-Seltzer Original Effervescent Tablets 325 mg buffered aspirin.","36 Ct","$8.50","","Stomach Remedies","23","false","memorial-hermann-2026","Alka-Seltzer Original Effervescent Tablets 325 mg buffered aspirin. 36 Ct 1325 $8.50"
"1326","Alleve Naproxen Sodium Caplets 220 mg Pain reliever and fever reducer.","90 Ct","$17.50","","Pain & Fever Relief","23","false","memorial-hermann-2026","Alleve Naproxen Sodium Caplets 220 mg Pain reliever and fever reducer. 90 Ct 1326 $17.50"
"1338","Medline FitRight Unisex Bladder Pads Leak-Stop Guards. Moderate absorbency. 4.5” x 12.5”.","20 Ct","$6.00","","Incontinence","13","true","memorial-hermann-2026","Medline FitRight Unisex Bladder Pads Leak-Stop Guards. Moderate absorbency. 4.5” x 12.5”. 20 Ct 1338 $6.00"
"1339","Medline FitRight Unisex Bladder Pads Leak-Stop Guards. Maximum absorbency. 5” x 14.5”.","10 Ct","$6.00","","Incontinence","13","true","memorial-hermann-2026","Medline FitRight Unisex Bladder Pads Leak-Stop Guards. Maximum absorbency. 5” x 14.5”. 10 Ct 1339 $6.00"
"1349","Preparation H Hemorrhoidal Cream 0.9 oz. Multi-symptom pain relief formula.","1 Ct","$14.00","","Pain & Fever Relief","21","false","memorial-hermann-2026","Preparation H Hemorrhoidal Cream 0.9 oz. Multi-symptom pain relief formula. 1 Ct 1349 $14.00"
"1363","Beauty & Cosmetics Personal Care Essentials Aveeno Daily Moisturizing Body Wash 18 oz. Soap-free, dye-free and hypoallergenic.","1 Ct","$14.50","","Mobility","26","false","memorial-hermann-2026","Beauty & Cosmetics Personal Care Essentials Aveeno Daily Moisturizing Body Wash 18 oz. Soap-free, dye-free and hypoallergenic. 1 Ct 1363 $14.50"
"1377","DMI Neck & Shoulder Heating Pad Plush microfleece cover. 9 ft. cord. 25” x 26”.","1 Ct","$50.00","","Oral Care","36","false","memorial-hermann-2026","DMI Neck & Shoulder Heating Pad Plush microfleece cover. 9 ft. cord. 25” x 26”. 1 Ct 1377 $50.00"
"1385","HealthSmart Cordless Water Flosser Includes 4 tips.","1 Ct","$55.00","","Oral Care","31","false","memorial-hermann-2026","HealthSmart Cordless Water Flosser Includes 4 tips. 1 Ct 1385 $55.00"
"1387","HealthSmart Fingertip Pulse Oximeter Measures pulse rate and SpO2. Black display with red numbers.","1 Ct","$27.00","","Hearing Aids & Amplifiers","12","false","memorial-hermann-2026","HealthSmart Fingertip Pulse Oximeter Measures pulse rate and SpO2. Black display with red numbers. 1 Ct 1387 $27.00"
"1410","Biotene Alcohol-Free Dry Mouth Mouthwash 16 oz. Soothing moisturization without burning. Relief for up to 4 hours. Fresh mint.","1 Ct","$14.00","","Oral Care","30","false","memorial-hermann-2026","Biotene Alcohol-Free Dry Mouth Mouthwash 16 oz. Soothing moisturization without burning. Relief for up to 4 hours. Fresh mint. 1 Ct 1410 $14.00"
"1411","Medline FitRight ActivEdge Guards for Men Extra protection where a man needs it. Max absorbency. 5.9” x 12.6”.","52 Ct","$16.00","","Incontinence","13","true","memorial-hermann-2026","Medline FitRight ActivEdge Guards for Men Extra protection where a man needs it. Max absorbency. 5.9” x 12.6”. 52 Ct 1411 $16.00"
"1412","Medline FitRight ActivEdge Bladder Pads Contoured shape with fabric-like backsheet. Light absorbency. 3.5” x 9”.","20 Ct","$5.00","","Incontinence","13","true","memorial-hermann-2026","Medline FitRight ActivEdge Bladder Pads Contoured shape with fabric-like backsheet. Light absorbency. 3.5” x 9”. 20 Ct 1412 $5.00"
"1413","Medline FitRight ActivEdge Bladder Pads Contoured shape with fabric-like backsheet. Moderate absorbency. 4” x 11”.","16 Ct","$4.50","","Incontinence","13","true","memorial-hermann-2026","Medline FitRight ActivEdge Bladder Pads Contoured shape with fabric-like backsheet. Moderate absorbency. 4” x 11”. 16 Ct 1413 $4.50"
"1414","Medline FitRight ActivEdge Bladder Pads Contoured shape with fabric-like backsheet. Maximum absorbency. 5” x 14”.","10 Ct","$6.00","","Incontinence","13","true","memorial-hermann-2026","Medline FitRight ActivEdge Bladder Pads Contoured shape with fabric-like backsheet. Maximum absorbency. 5” x 14”. 10 Ct 1414 $6.00"
"1415","Medline FitRight ActivEdge Bladder Pads Contoured shape with fabric-like backsheet. Ultimate absorbency. 6” x 16”.","10 Ct","$5.00","","Incontinence","13","true","memorial-hermann-2026","Medline FitRight ActivEdge Bladder Pads Contoured shape with fabric-like backsheet. Ultimate absorbency. 6” x 16”. 10 Ct 1415 $5.00"
"1416","Medline FitRight ActivEdge Underwear for Men Extra protection where a man needs it. Max absorbency. S/M (28”-40” waist).","20 Ct","$15.00","","Protective Underwear","14","true","memorial-hermann-2026","Medline FitRight ActivEdge Underwear for Men Extra protection where a man needs it. Max absorbency. S/M (28”-40” waist). 20 Ct 1416 $15.00"
"1417","Medline FitRight ActivEdge Underwear for Men Extra protection where a man needs it. Max absorbency. L/XL (40”-56” waist).","20 Ct","$15.00","","Protective Underwear","15","true","memorial-hermann-2026","Medline FitRight ActivEdge Underwear for Men Extra protection where a man needs it. Max absorbency. L/XL (40”-56” waist). 20 Ct 1417 $15.00"
"1418","Medline FitRight ActivEdge Underwear for Women Odor & leak protection. Max absorbency. S/M (28”-40” waist).","20 Ct","$15.00","","Protective Underwear","15","true","memorial-hermann-2026","Medline FitRight ActivEdge Underwear for Women Odor & leak protection. Max absorbency. S/M (28”-40” waist). 20 Ct 1418 $15.00"
"1419","Medline FitRight ActivEdge Underwear for Women Odor & leak protection. Max absorbency. L/XL (40”-56” waist).","20 Ct","$15.00","","Protective Underwear","15","true","memorial-hermann-2026","Medline FitRight ActivEdge Underwear for Women Odor & leak protection. Max absorbency. L/XL (40”-56” waist). 20 Ct 1419 $15.00"
"14200025","Gordons Boro-Packs 100/Box","100/bx","","","Miscellaneous","25","false","medline-otc-2020","Gordons Boro-Packs 100/Box 	100/bx"
"14201137","Urea Gel 20% 4 oz Jar","4 oz","","","Miscellaneous","25","false","medline-otc-2020","Urea Gel 20% 4 oz Jar 	4 oz"
"14201138","Urea Gel 40% 4 oz Jar","4 oz","","","Miscellaneous","25","false","medline-otc-2020","Urea Gel 40% 4 oz Jar 	4 oz"
"1423","Medline FitRight OptiFit Ultra Disposable Briefs Cloth-like adult diaper with soft anti-leak guards. Ultra absorbency. 2XL (60”-70” waist).","20 Ct","$20.00","","Protective Underwear","14","true","memorial-hermann-2026","Medline FitRight OptiFit Ultra Disposable Briefs Cloth-like adult diaper with soft anti-leak guards. Ultra absorbency. 2XL (60”-70” waist). 20 Ct 1423 $20.00"
"1425","Medline FitRight OptiFit Ultra Disposable Briefs Cloth-like adult diaper with soft anti-leak guards. Ultra absorbency. S (20”-32” waist).","20 Ct","$20.00","","Protective Underwear","14","true","memorial-hermann-2026","Medline FitRight OptiFit Ultra Disposable Briefs Cloth-like adult diaper with soft anti-leak guards. Ultra absorbency. S (20”-32” waist). 20 Ct 1425 $20.00"
"1440","Medline Gel Hallux Bunion Guard Washable, reusable and hypoallergenic.","1 Ct","$6.00","","Foot Care","28","true","memorial-hermann-2026","Medline Gel Hallux Bunion Guard Washable, reusable and hypoallergenic. 1 Ct 1440 $6.00"
"1466","Medline Remedy Clinical Barrier Cream Cloths Botanical formula with 3.6% dimethicone skin protectant. 8” x 12”. Scented.","8 Ct","$3.00","","Mobility","27","true","memorial-hermann-2026","Medline Remedy Clinical Barrier Cream Cloths Botanical formula with 3.6% dimethicone skin protectant. 8” x 12”. Scented. 8 Ct 1466 $3.00"
"1469","GoodSense Moleskin Plus Sheets 4-1/8” x 3-3/8”. Trim to fit. Compare to Dr. Scholl’s.","4 Ct","$6.00","","Foot Care","29","false","memorial-hermann-2026","GoodSense Moleskin Plus Sheets 4-1/8” x 3-3/8”. Trim to fit. Compare to Dr. Scholl’s. 4 Ct 1469 $6.00"
"1470","Medline Plantar Fasciitis Relief Sleeve 30 mmHG. Breathable nylon/spandex. Black. Size XL (Men’s 12.5-15/Women’s 11.5-13).","1 Ct","$13.00","","Oral Care","34","true","memorial-hermann-2026","Medline Plantar Fasciitis Relief Sleeve 30 mmHG. Breathable nylon/spandex. Black. Size XL (Men’s 12.5-15/Women’s 11.5-13). 1 Ct 1470 $13.00"
"1472","Compression Garments Medline Plantar Fasciitis Relief Sleeve 30 mmHG. Breathable nylon/spandex. Black. Size M (Men’s 6-9.5/Women’s 7-10.5).","1 Ct","$12.50","","Oral Care","34","true","memorial-hermann-2026","Compression Garments Medline Plantar Fasciitis Relief Sleeve 30 mmHG. Breathable nylon/spandex. Black. Size M (Men’s 6-9.5/Women’s 7-10.5). 1 Ct 1472 $12.50"
"1482","Biotene Dry Mouth Moisturizing Spray 1.5 oz. Refreshing gentle mint flavor.","1 Ct","$17.00","","Oral Care","30","false","memorial-hermann-2026","Biotene Dry Mouth Moisturizing Spray 1.5 oz. Refreshing gentle mint flavor. 1 Ct 1482 $17.00"
"1489","Raspberry Flavor","1 Ct","$16.00","","Medications Over the Counter","19","false","memorial-hermann-2026","Raspberry Flavor 1 Ct 1489 $16.00"
"1526","Alpha Lipoic Acid Capsules 200 mg No Added Sugar, Yeast, Preservatives, Artificial Flavors or Colors. Suitable for Vegans","60 Ct","$15.50","","Oral Care","37","false","memorial-hermann-2026","Alpha Lipoic Acid Capsules 200 mg No Added Sugar, Yeast, Preservatives, Artificial Flavors or Colors. Suitable for Vegans 60 Ct 1526 $15.50"
"1536","Medline Wraparound Wrist Support Fits right or left wrist. One size fits most.","1 Ct","$9.00","","Oral Care","33","true","memorial-hermann-2026","Medline Wraparound Wrist Support Fits right or left wrist. One size fits most. 1 Ct 1536 $9.00"
"1545","GoodSense Nail Restore Fungal Formula 0.34 oz. Compare to Kerasal Fungal Nail Renewal.","1 Ct","$15.00","","Medications Over the Counter","17","false","memorial-hermann-2026","GoodSense Nail Restore Fungal Formula 0.34 oz. Compare to Kerasal Fungal Nail Renewal. 1 Ct 1545 $15.00"
"1546","GoodSense Cough Drops 7.5 mg menthol. Compare to the active ingredient in Halls. Honey lemon flavor.","25 Ct","$6.50","","Medications Over the Counter","18","false","memorial-hermann-2026","GoodSense Cough Drops 7.5 mg menthol. Compare to the active ingredient in Halls. Honey lemon flavor. 25 Ct 1546 $6.50"
"1555","Geri-Care Max Strength Toothache Oral Pain Gel 0.5 oz. 20% benzocaine. Compare to Orajel Maximum Toothache and Oral Pain Relief.","1 Ct","$6.50","","Pain & Fever Relief","23","false","memorial-hermann-2026","Geri-Care Max Strength Toothache Oral Pain Gel 0.5 oz. 20% benzocaine. Compare to Orajel Maximum Toothache and Oral Pain Relief. 1 Ct 1555 $6.50"
"1556","Cold Sore Docosanol 10% Cream 2 g Compare to the active ingredient in Abreva.","1 Ct","$28.00","","Medications Over the Counter","19","false","memorial-hermann-2026","Cold Sore Docosanol 10% Cream 2 g Compare to the active ingredient in Abreva. 1 Ct 1556 $28.00"
"1557","Swan Eczema Moisturizing Cream 7.3 oz. 1% colloidal oatmeal. Fragrance-free.","1 Ct","$6.00","","Pain & Fever Relief","20","false","memorial-hermann-2026","Swan Eczema Moisturizing Cream 7.3 oz. 1% colloidal oatmeal. Fragrance-free. 1 Ct 1557 $6.00"
"1600","GoodSense Cough Drops 7.5 mg menthol. Compare to the active ingredient in Halls. Honey lemon flavor.","30 Ct","$6.50","","Medications Over the Counter","19","false","memorial-hermann-2026","GoodSense Cough Drops 7.5 mg menthol. Compare to the active ingredient in Halls. Honey lemon flavor. 30 Ct 1600 $6.50"
"1602","Major Sugar-Free Sore Throat Spray 6 oz. Cherry flavor. Compare to the active ingredient in Chloraseptic.","1 Ct","$7.50","","Medications Over the Counter","19","false","memorial-hermann-2026","Major Sugar-Free Sore Throat Spray 6 oz. Cherry flavor. Compare to the active ingredient in Chloraseptic. 1 Ct 1602 $7.50"
"1614","Medline Sofnit 300 Reusable Twill Underpad Absorbent 55% cotton/45% poly with vinyl back. Machine wash. Pink. 34” x 36”.","1 Ct","$10.00","","Underpads","15","true","memorial-hermann-2026","Medline Sofnit 300 Reusable Twill Underpad Absorbent 55% cotton/45% poly with vinyl back. Machine wash. Pink. 34” x 36”. 1 Ct 1614 $10.00"
"1615","Medline FitRight Underpads Fluff/polymer core plus waterproof backing. Moderate absorbency. 23” x 36”.","15 Ct","$7.50","","Underpads","15","true","memorial-hermann-2026","Medline FitRight Underpads Fluff/polymer core plus waterproof backing. Moderate absorbency. 23” x 36”. 15 Ct 1615 $7.50"
"1619","Medline FitRight Ultra Underpads Fluff/polymer core for absorbency and odor control. Heavy absorbency. 30” x 36”.","10 Ct","$7.50","","Underpads","15","true","memorial-hermann-2026","Medline FitRight Ultra Underpads Fluff/polymer core for absorbency and odor control. Heavy absorbency. 30” x 36”. 10 Ct 1619 $7.50"
"1630","Artificial Tears Lubricant Eye Drops 0.5 oz Compare to the active ingredients in Visine Tears Eye Drops.","1 Ct","$7.00","","Mobility","27","false","memorial-hermann-2026","Artificial Tears Lubricant Eye Drops 0.5 oz Compare to the active ingredients in Visine Tears Eye Drops. 1 Ct 1630 $7.00"
"1631","Refresh Plus Lubricant Eye Drops Single Containers Immediate, soothing relief for dry eyes, LASIK dryness.","30 Ct","$21.00","","Foot Care","28","false","memorial-hermann-2026","Refresh Plus Lubricant Eye Drops Single Containers Immediate, soothing relief for dry eyes, LASIK dryness. 30 Ct 1631 $21.00"
"1632","Bausch + Lomb PreserVision AREDS2 Eye Vitamins Mini softgels.","120 Ct","$50.00","","Oral Care","39","false","memorial-hermann-2026","Bausch + Lomb PreserVision AREDS2 Eye Vitamins Mini softgels. 120 Ct 1632 $50.00"
"1637","CURAD Sterile Non-Stick Pads Absorbent, non-stick pad protects minor cuts, scrapes. Medium 3” x 4”.","20 Ct","$7.00","","Tapes","10","false","memorial-hermann-2026","CURAD Sterile Non-Stick Pads Absorbent, non-stick pad protects minor cuts, scrapes. Medium 3” x 4”. 20 Ct 1637 $7.00"
"1641","CURAD Plastic Adhesive Bandages Breathable protection with nonstick pad. 2” x 4”.","50 Ct","$9.00","","First Aid","9","false","memorial-hermann-2026","CURAD Plastic Adhesive Bandages Breathable protection with nonstick pad. 2” x 4”. 50 Ct 1641 $9.00"
"1647","Simply Soft 100% Cotton Swabs Premium swabs for beauty care and first aid.","300 Ct","$7.00","","Mobility","26","false","memorial-hermann-2026","Simply Soft 100% Cotton Swabs Premium swabs for beauty care and first aid. 300 Ct 1647 $7.00"
"1698","Medline 7-Day Pill Organizer Separate, color-coded compartments for AM/PM doses. 8.75”L x 4.5”W x 0.8”H.","1 Ct","$12.00","","First Aid","8","true","memorial-hermann-2026","Medline 7-Day Pill Organizer Separate, color-coded compartments for AM/PM doses. 8.75”L x 4.5”W x 0.8”H. 1 Ct 1698 $12.00"
"1715","Medline Low-Dose Chewable Aspirin Tablets 81 mg Compare to the active ingredient in Bayer Low Dose. Orange flavor.","36 Ct","$2.50","","Pain & Fever Relief","21","true","memorial-hermann-2026","Medline Low-Dose Chewable Aspirin Tablets 81 mg Compare to the active ingredient in Bayer Low Dose. Orange flavor. 36 Ct 1715 $2.50"
"1731","GeriCare Chewable Simethicone Gas Relief Tablets 80 mg Mint flavor.","100 Ct","$10.00","","Stomach Remedies","24","false","memorial-hermann-2026","GeriCare Chewable Simethicone Gas Relief Tablets 80 mg Mint flavor. 100 Ct 1731 $10.00"
"1732","Major Lactase Dairy Digestive Aid Caplet 3,000 FCC Compare to the active ingredient in Lactaid Fast Act.","60 Ct","$10.50","","Stomach Remedies","25","false","memorial-hermann-2026","Major Lactase Dairy Digestive Aid Caplet 3,000 FCC Compare to the active ingredient in Lactaid Fast Act. 60 Ct 1732 $10.50"
"1734","Sugar-Free Psyllium Fiber Powder Supplement Orange 10 oz. Compare to the active ingredient in Metamucil. Orange flavor.","1 Ct","$15.00","","Oral Care","37","false","memorial-hermann-2026","Sugar-Free Psyllium Fiber Powder Supplement Orange 10 oz. Compare to the active ingredient in Metamucil. Orange flavor. 1 Ct 1734 $15.00"
"1742","Medline Knee Support with Removable U-Buttress 5 spiral medial and lateral stays for added stability. Black. Size XL (16”-18” knee circumference).","1 Ct","$16.00","","Oral Care","33","true","memorial-hermann-2026","Medline Knee Support with Removable U-Buttress 5 spiral medial and lateral stays for added stability. Black. Size XL (16”-18” knee circumference). 1 Ct 1742 $16.00"
"1745","GeriCare Magnesium Oxide Coated Tablets 400 mg Compare to the active ingredient in MAG-OX 400.","120 Ct","$8.00","","Oral Care","38","false","memorial-hermann-2026","GeriCare Magnesium Oxide Coated Tablets 400 mg Compare to the active ingredient in MAG-OX 400. 120 Ct 1745 $8.00"
"17478-064-12","Gonak 2.5 % Solution 15 ml","15 ml","","","Ophthalmics","26","false","medline-otc-2020","Gonak 2.5 % Solution 15 ml 	15 ml"
"1749","GoodSense Calcium with Vitamin D3 Tablets 600 mg Compare to the active ingredients in Caltrate 600 + D.","300 Ct","$15.00","","Oral Care","38","false","memorial-hermann-2026","GoodSense Calcium with Vitamin D3 Tablets 600 mg Compare to the active ingredients in Caltrate 600 + D. 300 Ct 1749 $15.00"
"1751","ImmuBlast Immune System Chewable Tablets Compare to the active ingredients in Airborne. Citrus flavor.","32 Ct","$9.00","","Oral Care","38","false","memorial-hermann-2026","ImmuBlast Immune System Chewable Tablets Compare to the active ingredients in Airborne. Citrus flavor. 32 Ct 1751 $9.00"
"1754","GoodSense Chocolate Calcium Chews 650 mg Compare to the active ingredients in Viactiv.","60 Ct","$17.00","","Oral Care","38","false","memorial-hermann-2026","GoodSense Chocolate Calcium Chews 650 mg Compare to the active ingredients in Viactiv. 60 Ct 1754 $17.00"
"1755","GoodSense Triple Strength Glucosamine Chondroitin Tablets 750 mg glucosamine and 600 mg chondroitin. Contains shellfish.","100 Ct","$25.00","","Oral Care","40","false","memorial-hermann-2026","GoodSense Triple Strength Glucosamine Chondroitin Tablets 750 mg glucosamine and 600 mg chondroitin. Contains shellfish. 100 Ct 1755 $25.00"
"1757","True Plus Glucose Chewable Tablets 4g Raises low blood sugar and boosts energy. Orange flavor.","50 Ct","$10.50","","Oral Care","40","false","memorial-hermann-2026","True Plus Glucose Chewable Tablets 4g Raises low blood sugar and boosts energy. Orange flavor. 50 Ct 1757 $10.50"
"1776","Diphenhydramine Antihistamine Tablets 25 mg Compare to the active ingredient in Benadryl Allergy Ultratabs.","100 Ct","$6.50","","Medications Over the Counter","16","false","memorial-hermann-2026","Diphenhydramine Antihistamine Tablets 25 mg Compare to the active ingredient in Benadryl Allergy Ultratabs. 100 Ct 1776 $6.50"
"1788","Medline FitRight OptiFit Extra Disposable Briefs Cloth-like adult diaper with skin-safe tabs. Extra absorbency. L (44”-56” waist).","20 Ct","$14.00","","Protective Underwear","14","true","memorial-hermann-2026","Medline FitRight OptiFit Extra Disposable Briefs Cloth-like adult diaper with skin-safe tabs. Extra absorbency. L (44”-56” waist). 20 Ct 1788 $14.00"
"1789","Medline FitRight OptiFit Extra Disposable Briefs Cloth-like adult diaper with skin-safe tabs. Extra absorbency. M (32”-44” waist).","20 Ct","$13.00","","Protective Underwear","14","true","memorial-hermann-2026","Medline FitRight OptiFit Extra Disposable Briefs Cloth-like adult diaper with skin-safe tabs. Extra absorbency. M (32”-44” waist). 20 Ct 1789 $13.00"
"1791","Medline FitRight OptiFit Extra Disposable Briefs Cloth-like adult diaper with skin-safe tabs. Extra absorbency. S (20”-32” waist).","20 Ct","$13.00","","Protective Underwear","14","true","memorial-hermann-2026","Medline FitRight OptiFit Extra Disposable Briefs Cloth-like adult diaper with skin-safe tabs. Extra absorbency. S (20”-32” waist). 20 Ct 1791 $13.00"
"1792","Medline FitRight OptiFit Extra Disposable Briefs Cloth-like adult diaper with skin-safe tabs. Extra absorbency. XL (56”-64” waist).","20 Ct","$14.00","","Protective Underwear","14","true","memorial-hermann-2026","Medline FitRight OptiFit Extra Disposable Briefs Cloth-like adult diaper with skin-safe tabs. Extra absorbency. XL (56”-64” waist). 20 Ct 1792 $14.00"
"1793","Medline FitRight OptiFit Extra Disposable Briefs Cloth-like adult diaper with skin-safe tabs. Extra absorbency. 2XL (60”-70” waist).","20 Ct","$15.00","","Protective Underwear","14","true","memorial-hermann-2026","Medline FitRight OptiFit Extra Disposable Briefs Cloth-like adult diaper with skin-safe tabs. Extra absorbency. 2XL (60”-70” waist). 20 Ct 1793 $15.00"
"1850","Medline FitRight Ultra Disposable Underwear Pull-on fits & feels like real underwear. Ultra absorbency. L (40”-56” waist).","20 Ct","$15.00","","Protective Underwear","15","true","memorial-hermann-2026","Medline FitRight Ultra Disposable Underwear Pull-on fits & feels like real underwear. Ultra absorbency. L (40”-56” waist). 20 Ct 1850 $15.00"
"1852","Medline FitRight Ultra Disposable Underwear Pull-on fits & feels like real underwear. Ultra absorbency. M (28”-40” waist).","20 Ct","$13.00","","Protective Underwear","15","true","memorial-hermann-2026","Medline FitRight Ultra Disposable Underwear Pull-on fits & feels like real underwear. Ultra absorbency. M (28”-40” waist). 20 Ct 1852 $13.00"
"1854","Medline FitRight Ultra Disposable Underwear Pull-on fits & feels like real underwear. Ultra absorbency. XL (56”-68” waist).","20 Ct","$14.00","","Protective Underwear","15","true","memorial-hermann-2026","Medline FitRight Ultra Disposable Underwear Pull-on fits & feels like real underwear. Ultra absorbency. XL (56”-68” waist). 20 Ct 1854 $14.00"
"1858","Medline FitRight Aloe Personal Wipes Gentle aloe-based formula. Standard weight. 8” x 10”. Unscented.","100 Ct","$9.00","","Mobility","27","true","memorial-hermann-2026","Medline FitRight Aloe Personal Wipes Gentle aloe-based formula. Standard weight. 8” x 10”. Unscented. 100 Ct 1858 $9.00"
"1867","GoodSense Day Cold Flu Multi-Symptom Liquid 12 oz. Alcohol-free. Compare to the active ingredients in Vicks DayQuil Cold & Flu.","1 Ct","$8.00","","Medications Over the Counter","18","false","memorial-hermann-2026","GoodSense Day Cold Flu Multi-Symptom Liquid 12 oz. Alcohol-free. Compare to the active ingredients in Vicks DayQuil Cold & Flu. 1 Ct 1867 $8.00"
"1870","GoodSense Nighttime Cough Cold Flu Medicine 12 oz. Compare to the active ingredients in Vicks NyQuil Cold & Flu. Cherry flavor.","1 Ct","$8.00","","Medications Over the Counter","18","false","memorial-hermann-2026","GoodSense Nighttime Cough Cold Flu Medicine 12 oz. Compare to the active ingredients in Vicks NyQuil Cold & Flu. Cherry flavor. 1 Ct 1870 $8.00"
"1883","Medline Adult Toothbrush Soft bristles are gentle on teeth and gums. Contoured handle. Wrapped.","1 Ct","$2.50","","Oral Care","30","true","memorial-hermann-2026","Medline Adult Toothbrush Soft bristles are gentle on teeth and gums. Contoured handle. Wrapped. 1 Ct 1883 $2.50"
"1886","After Bite Bug Itch Relief Pen 0.5 oz. Advanced formula with baking soda helps relieve itch from mosquitoes, bees.","1 Ct","$7.50","","Pain & Fever Relief","21","false","memorial-hermann-2026","After Bite Bug Itch Relief Pen 0.5 oz. Advanced formula with baking soda helps relieve itch from mosquitoes, bees. 1 Ct 1886 $7.50"
"1891","CURAD Adhesive Bandage Variety Pack First aid essential in assorted sizes.","200 Ct","$10.00","","First Aid","9","false","memorial-hermann-2026","CURAD Adhesive Bandage Variety Pack First aid essential in assorted sizes. 200 Ct 1891 $10.00"
"1910","GoodSense Epsom Salt 4 lb. Use in bath to help relax muscles. Unscented.","1 Ct","$14.00","","Stomach Remedies","24","false","memorial-hermann-2026","GoodSense Epsom Salt 4 lb. Use in bath to help relax muscles. Unscented. 1 Ct 1910 $14.00"
"1915","Medline Reusable English-Style Ice Bag Blue cloth covering stays dry during use. 7” long.","1 Ct","$10.00","","Oral Care","36","true","memorial-hermann-2026","Medline Reusable English-Style Ice Bag Blue cloth covering stays dry during use. 7” long. 1 Ct 1915 $10.00"
"1925","Wound Ointments, Gels & Pastes CURAD Triple Antibiotic + Pain Relief Ointment 1 oz. Helps promote healing and reduce pain. Bacitracin, neomycin, polymyxin B, pramoxine. Max strength.","1 Ct","$5.00","","Tapes","11","false","memorial-hermann-2026","Wound Ointments, Gels & Pastes CURAD Triple Antibiotic + Pain Relief Ointment 1 oz. Helps promote healing and reduce pain. Bacitracin, neomycin, polymyxin B, pramoxine. Max strength. 1 Ct 1925 $5.00"
"1929","Medline Conforming Stretch Gauze Bandage 4” x 75” 1-ply rayon and polyester blend gives the bandages one-way stretch.","1 Ct","$2.00","","Tapes","10","true","memorial-hermann-2026","Medline Conforming Stretch Gauze Bandage 4” x 75” 1-ply rayon and polyester blend gives the bandages one-way stretch. 1 Ct 1929 $2.00"
"1931","CURAD Heavy-Duty Cloth Medical Tape Firmly holds dressings and splints in place. 1” x 10 yd. roll.","1 Ct","$4.00","","Tapes","10","false","memorial-hermann-2026","CURAD Heavy-Duty Cloth Medical Tape Firmly holds dressings and splints in place. 1” x 10 yd. roll. 1 Ct 1931 $4.00"
"1934","Briggs Deluxe Electric Moist Heat Pad Provides dry or moist heat. Auto shut-off. 24.5” x 11.5”.","1 Ct","$35.00","","Oral Care","36","false","memorial-hermann-2026","Briggs Deluxe Electric Moist Heat Pad Provides dry or moist heat. Auto shut-off. 24.5” x 11.5”. 1 Ct 1934 $35.00"
"1984","Medline Pill Cutter and Crusher Compact size is great for travel. Plastic and stainless steel.","1 Ct","$9.00","","First Aid","8","true","memorial-hermann-2026","Medline Pill Cutter and Crusher Compact size is great for travel. Plastic and stainless steel. 1 Ct 1984 $9.00"
"1986","Medicine Pill Bottle Opener with Magnifying Glass Great for those with arthritis. Built-in 4X magnifier to read small label print.","1 Ct","$8.50","","First Aid","8","false","memorial-hermann-2026","Medicine Pill Bottle Opener with Magnifying Glass Great for those with arthritis. Built-in 4X magnifier to read small label print. 1 Ct 1986 $8.50"
"2033","Medline ActivICE Topical Pain Reliever Roll-On 3oz. Fast-acting muscle ache relief. Compare to the active ingredients in Biofreeze.","1 Ct","$11.00","","Pain & Fever Relief","22","true","memorial-hermann-2026","Medline ActivICE Topical Pain Reliever Roll-On 3oz. Fast-acting muscle ache relief. Compare to the active ingredients in Biofreeze. 1 Ct 2033 $11.00"
"2034","Medline ActivICE Topical Pain Reliever Spray 4 oz. Fast-acting muscle ache relief. Compare to the active ingredients in Biofreeze.","1 Ct","$12.50","","Pain & Fever Relief","22","true","memorial-hermann-2026","Medline ActivICE Topical Pain Reliever Spray 4 oz. Fast-acting muscle ache relief. Compare to the active ingredients in Biofreeze. 1 Ct 2034 $12.50"
"2060","GoodSense ClearLax Powder Laxative 17.9 oz. Grit-free, unflavored powder. Compare to the active ingredient in MiraLAX.","1 Ct","$15.00","","Stomach Remedies","25","false","memorial-hermann-2026","GoodSense ClearLax Powder Laxative 17.9 oz. Grit-free, unflavored powder. Compare to the active ingredient in MiraLAX. 1 Ct 2060 $15.00"
"2061","21st Century Antioxidant & Vitamin A, C, E Tablets Also includes calcium, zinc, selenium, copper and manganese.","60 Ct","$11.00","","Oral Care","37","false","memorial-hermann-2026","21st Century Antioxidant & Vitamin A, C, E Tablets Also includes calcium, zinc, selenium, copper and manganese. 60 Ct 2061 $11.00"
"2101","Medline Nonsterile Matrix Elastic Bandage Easy to wrap. 3” x 5 yd. roll (stretched).","1 Ct","$3.00","","Tapes","10","true","memorial-hermann-2026","Medline Nonsterile Matrix Elastic Bandage Easy to wrap. 3” x 5 yd. roll (stretched). 1 Ct 2101 $3.00"
"2126","Medline Pistol Grip Reacher Extends your reach by 2 feet to grasp lightweight objects. 32” long.","1 Ct","$23.00","","First Aid","8","true","memorial-hermann-2026","Medline Pistol Grip Reacher Extends your reach by 2 feet to grasp lightweight objects. 32” long. 1 Ct 2126 $23.00"
"2164","Pyrithione Zinc Dandruff Shampoo Conditioner 14.2 oz. Compare to the active ingredients in Head & Shoulders 2-in-1 Classic Clean.","1 Ct","$9.00","","Mobility","26","false","memorial-hermann-2026","Pyrithione Zinc Dandruff Shampoo Conditioner 14.2 oz. Compare to the active ingredients in Head & Shoulders 2-in-1 Classic Clean. 1 Ct 2164 $9.00"
"2221","Medline ActivICE Topical Pain Reliever Gel 4 oz. Fast-acting muscle ache relief. Compare to the active ingredients in Biofreeze.","1 Ct","$10.00","","Pain & Fever Relief","22","true","memorial-hermann-2026","Medline ActivICE Topical Pain Reliever Gel 4 oz. Fast-acting muscle ache relief. Compare to the active ingredients in Biofreeze. 1 Ct 2221 $10.00"
"2225","GoodSense Hemorrhoidal Suppositories Compare to the active ingredient in Preparation H hemorrhoidal suppositories.","12 Ct","$7.50","","Pain & Fever Relief","22","false","memorial-hermann-2026","GoodSense Hemorrhoidal Suppositories Compare to the active ingredient in Preparation H hemorrhoidal suppositories. 12 Ct 2225 $7.50"
"2227","Medline SparkleFresh Denture Adhesive Cream 2.4 oz. Compare to Fixodent.","1 Ct","$5.00","","Oral Care","29","true","memorial-hermann-2026","Medline SparkleFresh Denture Adhesive Cream 2.4 oz. Compare to Fixodent. 1 Ct 2227 $5.00"
"2233","Reliable 1 Vitamin D3 Softgels 2000IU Easier to swallow softgel.","100 Ct","$9.00","","Oral Care","38","false","memorial-hermann-2026","Reliable 1 Vitamin D3 Softgels 2000IU Easier to swallow softgel. 100 Ct 2233 $9.00"
"2241","Bausch + Lomb Alaway Allergy Eye Drops 10 mL Acts in minutes to provide up to 12 hours of relief.","1 Ct","$28.00","","Mobility","27","false","memorial-hermann-2026","Bausch + Lomb Alaway Allergy Eye Drops 10 mL Acts in minutes to provide up to 12 hours of relief. 1 Ct 2241 $28.00"
"2248","21st Century Omega-3 Fish Oil Softgels 1000mg 60Ct 300 mg total Omega-3 fatty acids.","60 Ct","$9.00","","Oral Care","40","false","memorial-hermann-2026","21st Century Omega-3 Fish Oil Softgels 1000mg 60Ct 300 mg total Omega-3 fatty acids. 60 Ct 2248 $9.00"
"2256","Refresh Tears Lubricant Eye Drops 15 mL Immediate, soothing relief for dry eyes. 0.5% carboxymethylcellulose sodium.","2 Ct","$29.00","","Mobility","27","false","memorial-hermann-2026","Refresh Tears Lubricant Eye Drops 15 mL Immediate, soothing relief for dry eyes. 0.5% carboxymethylcellulose sodium. 2 Ct 2256 $29.00"
"2262","Salonpas 4% Lidocaine Gel Pain Relieving Patch Maximum strength relief for up to 8 hours. Unscented. 4” x 5.5”.","6 Ct","$16.50","","Pain & Fever Relief","23","false","memorial-hermann-2026","Salonpas 4% Lidocaine Gel Pain Relieving Patch Maximum strength relief for up to 8 hours. Unscented. 4” x 5.5”. 6 Ct 2262 $16.50"
"2301","Night Time XStrength Pain Reliever Sleep Aid Caplets Compare to the active ingredients in Tylenol PM.","100 Ct","$6.00","","Pain & Fever Relief","20","false","memorial-hermann-2026","Night Time XStrength Pain Reliever Sleep Aid Caplets Compare to the active ingredients in Tylenol PM. 100 Ct 2301 $6.00"
"2321","Fixodent Complete Denture Adhesive Cream 0.75 oz. Holds strong. Original formula.","1 Ct","$4.00","","Oral Care","29","false","memorial-hermann-2026","Fixodent Complete Denture Adhesive Cream 0.75 oz. Holds strong. Original formula. 1 Ct 2321 $4.00"
"3377","Medline Invalid Foam Ring Contoured Cushion Puncture-resistant foam with washable cover. 16” diameter.","1 Ct","$23.00","","Daily Living Aids","7","true","memorial-hermann-2026","Medline Invalid Foam Ring Contoured Cushion Puncture-resistant foam with washable cover. 16” diameter. 1 Ct 3377 $23.00"
"3378","Medline Fish Oil Softgels 1000 mg Rich in essential Omega-3 fatty acids (EPA & DHA). 234 mg of Omega-3.","90 Ct","$11.00","","Oral Care","40","true","memorial-hermann-2026","Medline Fish Oil Softgels 1000 mg Rich in essential Omega-3 fatty acids (EPA & DHA). 234 mg of Omega-3. 90 Ct 3378 $11.00"
"3384","Medline Compressed Memory Foam CPAP Pillow Helps keep mask on straight. Contoured for side sleepers. 24”L x 14”W x 5”H.","1 Ct","$48.00","","Oral Care","36","true","memorial-hermann-2026","Medline Compressed Memory Foam CPAP Pillow Helps keep mask on straight. Contoured for side sleepers. 24”L x 14”W x 5”H. 1 Ct 3384 $48.00"
"3401","GeriCare Zinc Sulfate Tablets 50 mg Dietary supplement.","100 Ct","$7.00","","Oral Care","39","false","memorial-hermann-2026","GeriCare Zinc Sulfate Tablets 50 mg Dietary supplement. 100 Ct 3401 $7.00"
"3416","Medline Flaxseed Oil Softgels 1000 mg Also a source of alpha-linolenic acid.","60 Ct","$6.00","","Oral Care","40","true","memorial-hermann-2026","Medline Flaxseed Oil Softgels 1000 mg Also a source of alpha-linolenic acid. 60 Ct 3416 $6.00"
"3450","Compass Health Digital Dual-Channel TENS Unit Drug-free pain management. TENS 7000 device, lead wires, 4 self-stick electrodes, 9V battery, case.","1 Ct","$67.50","","Oral Care","36","false","memorial-hermann-2026","Compass Health Digital Dual-Channel TENS Unit Drug-free pain management. TENS 7000 device, lead wires, 4 self-stick electrodes, 9V battery, case. 1 Ct 3450 $67.50"
"3465","Medline Flex-Tip Digital Thermometer 30-second read time. Oral, rectal or axillary use.","1 Ct","$6.00","","Hearing Aids & Amplifiers","13","true","memorial-hermann-2026","Medline Flex-Tip Digital Thermometer 30-second read time. Oral, rectal or axillary use. 1 Ct 3465 $6.00"
"3559","Antiseptics & Cleansers Medline Hydrogen Peroxide 3% 16 oz. Multi-use first aid antiseptic.","1 Ct","$3.00","","First Aid","9","true","memorial-hermann-2026","Antiseptics & Cleansers Medline Hydrogen Peroxide 3% 16 oz. Multi-use first aid antiseptic. 1 Ct 3559 $3.00"
"3605","Medline ASTM Level 1 3-Ply Face Mask Lightweight, medical-grade mask with ear loops. Blue.","50 Ct","$8.00","","Oral Care","32","true","memorial-hermann-2026","Medline ASTM Level 1 3-Ply Face Mask Lightweight, medical-grade mask with ear loops. Blue. 50 Ct 3605 $8.00"
"3633","Medline Disposable Deluxe Fluff Underpads 36x36 Disposable, all-purpose pad provides coverage and protection for chairs, wheelchairs, beds and more","50 Ct","$50.00","","Underpads","15","true","memorial-hermann-2026","Medline Disposable Deluxe Fluff Underpads 36x36 Disposable, all-purpose pad provides coverage and protection for chairs, wheelchairs, beds and more 50 Ct 3633 $50.00"
"3695","GeriCare Guaiasorb DM Expectorant Cough Suppres- sant 4 oz. Sugar-free, alcohol-free, dye-free. 200 mg guaifenesin, 20 mg dextromethorphan.","1 Ct","$7.00","","Medications Over the Counter","19","false","memorial-hermann-2026","GeriCare Guaiasorb DM Expectorant Cough Suppres- sant 4 oz. Sugar-free, alcohol-free, dye-free. 200 mg guaifenesin, 20 mg dextromethorphan. 1 Ct 3695 $7.00"
"37000-024-04","Metamucil ® Powder Sugar Free Orange Flavor 30 x 8.5 gm Packets","30 pkts","","","Fiber","5","false","medline-otc-2020","Metamucil ® Powder Sugar Free Orange Flavor 30 x 8.5 gm Packets 	30 pkts"
"3707","Medline Remedy Clinical Antifungal Ointment 2.5 oz. 2% miconazole nitrate for treatment of athlete’s foot, jock itch. Unscented.","1 Ct","$8.00","","Medications Over the Counter","17","true","memorial-hermann-2026","Medline Remedy Clinical Antifungal Ointment 2.5 oz. 2% miconazole nitrate for treatment of athlete’s foot, jock itch. Unscented. 1 Ct 3707 $8.00"
"3708","Geri-Tussin DM Cough Suppressant Expectorant 16 oz. Compare to the active ingredients in Robitussin DM.","1 Ct","$8.50","","Medications Over the Counter","19","false","memorial-hermann-2026","Geri-Tussin DM Cough Suppressant Expectorant 16 oz. Compare to the active ingredients in Robitussin DM. 1 Ct 3708 $8.50"
"3712","EVENCARE G2 Blood Glucose Test Strips For use with EVENCARE G2 blood glucose meter.","50 Ct","$10.00","","Hearing Aids & Amplifiers","12","false","memorial-hermann-2026","EVENCARE G2 Blood Glucose Test Strips For use with EVENCARE G2 blood glucose meter. 50 Ct 3712 $10.00"
"3713","BAND-AID Flexible Fabric Adhesive Bandages Comfortable protection stretches as you move. 1” x 3”.","100 Ct","$14.50","","First Aid","8","false","memorial-hermann-2026","BAND-AID Flexible Fabric Adhesive Bandages Comfortable protection stretches as you move. 1” x 3”. 100 Ct 3713 $14.50"
"3721","HealthyMe UTI Test Strips Easy at-home test with results in just 2 minutes.","3 Ct","$12.00","","Hearing Aids & Amplifiers","12","false","memorial-hermann-2026","HealthyMe UTI Test Strips Easy at-home test with results in just 2 minutes. 3 Ct 3721 $12.00"
"3731","Medline Digital Hearing Amplifier Battery-powered, behind-the-ear style with 4-level volume control.","1 Ct","$22.00","","Hearing Aids & Amplifiers","11","true","memorial-hermann-2026","Medline Digital Hearing Amplifier Battery-powered, behind-the-ear style with 4-level volume control. 1 Ct 3731 $22.00"
"3737","Nature’s Blend Turmeric Capsules 500 mg No artificial colors or flavors. Gluten-free.","60 Ct","$10.50","","Oral Care","40","false","memorial-hermann-2026","Nature’s Blend Turmeric Capsules 500 mg No artificial colors or flavors. Gluten-free. 60 Ct 3737 $10.50"
"3738","CURAD 9-Inch Elastic Pull-Over Knee Support Compression for weak/injured knee. Fits right or left. S (14”- 16” circum).","1 Ct","$9.00","","Oral Care","33","false","memorial-hermann-2026","CURAD 9-Inch Elastic Pull-Over Knee Support Compression for weak/injured knee. Fits right or left. S (14”- 16” circum). 1 Ct 3738 $9.00"
"3746","Gold Bond Diabetic Dry Skin Lotion 13 oz. Non-greasy. Fragrance-free.","1 Ct","$18.00","","Oral Care","31","false","memorial-hermann-2026","Gold Bond Diabetic Dry Skin Lotion 13 oz. Non-greasy. Fragrance-free. 1 Ct 3746 $18.00"
"3747","Sensodyne ProNamel Toothpaste 4 oz. Fresh breath formula.","2 Ct","$19.50","","Oral Care","31","false","memorial-hermann-2026","Sensodyne ProNamel Toothpaste 4 oz. Fresh breath formula. 2 Ct 3747 $19.50"
"3749","Colgate Triple Action Toothpaste 6 oz. 3-in-1 formula for cavity protection, whiter teeth and fresh breath.","3 Ct","$15.00","","Oral Care","30","false","memorial-hermann-2026","Colgate Triple Action Toothpaste 6 oz. 3-in-1 formula for cavity protection, whiter teeth and fresh breath. 3 Ct 3749 $15.00"
"3752","Medline Remedy Mineral Sunscreen Stick 0.5 oz. Broad spectrum SPF 50.","1 Ct","$7.00","","Oral Care","32","true","memorial-hermann-2026","Medline Remedy Mineral Sunscreen Stick 0.5 oz. Broad spectrum SPF 50. 1 Ct 3752 $7.00"
"3758","Gold Bond Medicated Diabetic Foot Cream 3.4 oz. Soothing relief for dry, cracked skin. 24 hours of moisture.","1 Ct","$11.00","","Foot Care","28","false","memorial-hermann-2026","Gold Bond Medicated Diabetic Foot Cream 3.4 oz. Soothing relief for dry, cracked skin. 24 hours of moisture. 1 Ct 3758 $11.00"
"3763","Neutrogena Age Shield Face Sunscreen 3 oz. Oil-free, nongreasy formula protects and hydrates skin. SPF 70.","1 Ct","$18.00","","Oral Care","32","false","memorial-hermann-2026","Neutrogena Age Shield Face Sunscreen 3 oz. Oil-free, nongreasy formula protects and hydrates skin. SPF 70. 1 Ct 3763 $18.00"
"3779","Oral-B Glide Pro-Health Deep Clean Dental Floss Silky smooth. Cool mint. Pack of 3 43-yd. rolls.","3 Ct","$16.50","","Oral Care","30","false","memorial-hermann-2026","Oral-B Glide Pro-Health Deep Clean Dental Floss Silky smooth. Cool mint. Pack of 3 43-yd. rolls. 3 Ct 3779 $16.50"
"3784","Gum Soft-Picks Original Dental Picks Gently helps remove food and plaque between teeth.","50 Ct","$6.00","","Oral Care","29","false","memorial-hermann-2026","Gum Soft-Picks Original Dental Picks Gently helps remove food and plaque between teeth. 50 Ct 3784 $6.00"
"3786","Cottonelle Flushable Wipes Biodegradable, flushable, alcohol-free. 168 wipes in softpack.","168 Ct","$14.00","","Mobility","27","false","memorial-hermann-2026","Cottonelle Flushable Wipes Biodegradable, flushable, alcohol-free. 168 wipes in softpack. 168 Ct 3786 $14.00"
"3829","Vicks Sinex Saline Ultra Fine Nasal Mist 5 oz. Instantly clears everyday congestion. Drug-free and safe for daily use.","1 Ct","$12.00","","Medications Over the Counter","17","false","memorial-hermann-2026","Vicks Sinex Saline Ultra Fine Nasal Mist 5 oz. Instantly clears everyday congestion. Drug-free and safe for daily use. 1 Ct 3829 $12.00"
"3833","Vicks VapoRub Ointment 3.53 oz. Original camphor, eucalyptus and menthol formula.","1 Ct","$13.50","","Medications Over the Counter","18","false","memorial-hermann-2026","Vicks VapoRub Ointment 3.53 oz. Original camphor, eucalyptus and menthol formula. 1 Ct 3833 $13.50"
"3842","Claritin 24-Hr Antihistamine Allergy Tablets 10 mg Helps relieve indoor and outdoor allergy symptoms.","30 Ct","$35.00","","Medications Over the Counter","16","false","memorial-hermann-2026","Claritin 24-Hr Antihistamine Allergy Tablets 10 mg Helps relieve indoor and outdoor allergy symptoms. 30 Ct 3842 $35.00"
"3853","CURAD Medium 2-Ply Alcohol Prep Pads Trusted first aid essential in individually wrapped packages.","100 Ct","$4.00","","First Aid","9","false","memorial-hermann-2026","CURAD Medium 2-Ply Alcohol Prep Pads Trusted first aid essential in individually wrapped packages. 100 Ct 3853 $4.00"
"3861","GeriCare One-Daily Multivitamin Tablets Daily nutritional supplement.","100 Ct","$5.00","","Oral Care","39","false","memorial-hermann-2026","GeriCare One-Daily Multivitamin Tablets Daily nutritional supplement. 100 Ct 3861 $5.00"
"3863","Pepto Bismol Chewable Tablets Nausea, heartburn, indigestion, upset stomach, diarrhea relief. Original flavor.","30 Ct","$8.00","","Stomach Remedies","23","false","memorial-hermann-2026","Pepto Bismol Chewable Tablets Nausea, heartburn, indigestion, upset stomach, diarrhea relief. Original flavor. 30 Ct 3863 $8.00"
"3866","Centrum Silver Multivitamin Tablets Men’s 50+ Non-GMO. Gluten-free.","200 Ct","$32.50","","Oral Care","39","false","memorial-hermann-2026","Centrum Silver Multivitamin Tablets Men’s 50+ Non-GMO. Gluten-free. 200 Ct 3866 $32.50"
"3867","Centrum Silver Multivitamin Tablets Women’s 50+ Non-GMO. Gluten-free.","200 Ct","$32.50","","Oral Care","39","false","memorial-hermann-2026","Centrum Silver Multivitamin Tablets Women’s 50+ Non-GMO. Gluten-free. 200 Ct 3867 $32.50"
"3869","Coricidin HBP Cold and Flu Relief Tablets Decongestant-free. Acetaminophen and chlorpheniramine maleate antihistamine.","20 Ct","$12.50","","Medications Over the Counter","18","false","memorial-hermann-2026","Coricidin HBP Cold and Flu Relief Tablets Decongestant-free. Acetaminophen and chlorpheniramine maleate antihistamine. 20 Ct 3869 $12.50"
"3871","Prilosec OTC Heartburn Relief Tablets Delayed-release for up to 24 hours of relief. Two 14-day courses of treatment.","42 Ct","$37.00","","Stomach Remedies","24","false","memorial-hermann-2026","Prilosec OTC Heartburn Relief Tablets Delayed-release for up to 24 hours of relief. Two 14-day courses of treatment. 42 Ct 3871 $37.00"
"3873","Excedrin Migraine Caplets 250 mg acetaminophen, 250 mg aspirin and 65 mg caffeine.","100 Ct","$20.00","","Pain & Fever Relief","21","false","memorial-hermann-2026","Excedrin Migraine Caplets 250 mg acetaminophen, 250 mg aspirin and 65 mg caffeine. 100 Ct 3873 $20.00"
"3874","Tylenol Extra Strength Caplets 500 mg Helps relieve tension headaches, minor arthritis pain and more.","100 Ct","$18.00","","Pain & Fever Relief","20","false","memorial-hermann-2026","Tylenol Extra Strength Caplets 500 mg Helps relieve tension headaches, minor arthritis pain and more. 100 Ct 3874 $18.00"
"3876","Tylenol 8 Hr Arthritis Pain Tablets 650 mg Extended-release formula for relief of minor arthritis and joint pain.","225 Ct","$32.00","","Pain & Fever Relief","20","false","memorial-hermann-2026","Tylenol 8 Hr Arthritis Pain Tablets 650 mg Extended-release formula for relief of minor arthritis and joint pain. 225 Ct 3876 $32.00"
"3904","Vicks ZzzQuil Nighttime Sleep Aid Liquicaps Non-habit forming. 25 mg diphenhydramine.","48 Ct","$22.00","","Stomach Remedies","23","false","memorial-hermann-2026","Vicks ZzzQuil Nighttime Sleep Aid Liquicaps Non-habit forming. 25 mg diphenhydramine. 48 Ct 3904 $22.00"
"3908","Luden’s Wild Cherry Throat Drops Soothes everyday throat irritation. 2.8 mg pectin.","90 Ct","$11.00","","Medications Over the Counter","19","false","memorial-hermann-2026","Luden’s Wild Cherry Throat Drops Soothes everyday throat irritation. 2.8 mg pectin. 90 Ct 3908 $11.00"
"3909","Preparation H Medicated Hemorrhoidal Wipes Maximum strength with witch hazel and soothing aloe. Flushable.","48 Ct","$10.50","","Pain & Fever Relief","21","false","memorial-hermann-2026","Preparation H Medicated Hemorrhoidal Wipes Maximum strength with witch hazel and soothing aloe. Flushable. 48 Ct 3909 $10.50"
"3948","ReadyFlush JR Biodegradable Flushable Wipes Safe for sewer and septic systems. 7” x 8”. Unscented.","40 Ct","$4.50","","Mobility","27","false","memorial-hermann-2026","ReadyFlush JR Biodegradable Flushable Wipes Safe for sewer and septic systems. 7” x 8”. Unscented. 40 Ct 3948 $4.50"
"3956","Medline 2-Button Aluminum Folding Walker Folds to a slim 4.5 inches for easy transport. 5” wheels. 300 lb. weight capacity.","1 Ct","$41.00","","Mobility","26","true","memorial-hermann-2026","Medline 2-Button Aluminum Folding Walker Folds to a slim 4.5 inches for easy transport. 5” wheels. 300 lb. weight capacity. 1 Ct 3956 $41.00"
"3963","Refresh Tears Lubricant Eye Drops 15 mL Immediate, soothing relief for dry eyes. 0.5% carboxymethylcellulose sodium.","1 Ct","$20.00","","Mobility","27","false","memorial-hermann-2026","Refresh Tears Lubricant Eye Drops 15 mL Immediate, soothing relief for dry eyes. 0.5% carboxymethylcellulose sodium. 1 Ct 3963 $20.00"
"3969","Electric Heating Pad for Neck and Shoulder 3 heat settings. Removable, machine washable cover.","1 Ct","$49.50","","Oral Care","36","false","memorial-hermann-2026","Electric Heating Pad for Neck and Shoulder 3 heat settings. Removable, machine washable cover. 1 Ct 3969 $49.50"
"3972","Medicated Treatments Clearasil Ultra Deep Pore Cleansing Pads Visibly reduces pimple size in as little as 4 hours. 2% salicylic acid.","90 Ct","$15.00","","Medications Over the Counter","19","false","memorial-hermann-2026","Medicated Treatments Clearasil Ultra Deep Pore Cleansing Pads Visibly reduces pimple size in as little as 4 hours. 2% salicylic acid. 90 Ct 3972 $15.00"
"3977","Walkers & Rollators Folding Fall Mat Helps reduce risk of injury from a fall from bed. 24” x 66” x 2”.","1 Ct","$102.00","","Mobility","26","false","memorial-hermann-2026","Walkers & Rollators Folding Fall Mat Helps reduce risk of injury from a fall from bed. 24” x 66” x 2”. 1 Ct 3977 $102.00"
"4004","CURAD Flex-Fabric Adhesive Bandages 1x3 Flex-fabric bandages have a woven design that stretches as you move and conforms gently to body contours","100 Ct","$5.00","","First Aid","8","false","memorial-hermann-2026","CURAD Flex-Fabric Adhesive Bandages 1x3 Flex-fabric bandages have a woven design that stretches as you move and conforms gently to body contours 100 Ct 4004 $5.00"
"4009","Medline Woven Cotton Gauze Sponges 4” x 4” 12-ply gauze squares. Individual 2-packs. Sterile.","50 Ct","$4.50","","Tapes","10","true","memorial-hermann-2026","Medline Woven Cotton Gauze Sponges 4” x 4” 12-ply gauze squares. Individual 2-packs. Sterile. 50 Ct 4009 $4.50"
"4026","Medline Multipurpose Sharps Container 1 Gallon Slide lid. Can be wall mounted.","1 Ct","$6.50","","Medications Over the Counter","16","true","memorial-hermann-2026","Medline Multipurpose Sharps Container 1 Gallon Slide lid. Can be wall mounted. 1 Ct 4026 $6.50"
"4053","Medline Pro Plus Best Polymer Underpads Disposable, all-purpose pad with absorbent SAP polymer core. 23” x 36”.","150 Ct","$60.00","","Underpads","15","true","memorial-hermann-2026","Medline Pro Plus Best Polymer Underpads Disposable, all-purpose pad with absorbent SAP polymer core. 23” x 36”. 150 Ct 4053 $60.00"
"4103","Medline Plastic Contact Lens Case Securely holds lenses and solution.","1 Ct","$2.50","","Foot Care","28","true","memorial-hermann-2026","Medline Plastic Contact Lens Case Securely holds lenses and solution. 1 Ct 4103 $2.50"
"4110","Medline SparkleFresh Toothpaste 2.75 oz. Fluoride to help protect against cavities. Travel-size. Mint flavor.","1 Ct","$2.00","","Oral Care","31","true","memorial-hermann-2026","Medline SparkleFresh Toothpaste 2.75 oz. Fluoride to help protect against cavities. Travel-size. Mint flavor. 1 Ct 4110 $2.00"
"4144","Bisacodyl Laxative Tablets 5 mg Enteric coated.","100 Ct","$6.00","","Stomach Remedies","24","false","memorial-hermann-2026","Bisacodyl Laxative Tablets 5 mg Enteric coated. 100 Ct 4144 $6.00"
"4157","CURAD 9-Inch Elastic Pull-Over Knee Support Compression for weak/injured knee. Fits right or left. L (18”-20” circum).","1 Ct","$9.00","","Oral Care","33","false","memorial-hermann-2026","CURAD 9-Inch Elastic Pull-Over Knee Support Compression for weak/injured knee. Fits right or left. L (18”-20” circum). 1 Ct 4157 $9.00"
"4158","CURAD 9-Inch Elastic Pull-Over Knee Support Compression for weak/injured knee. Fits right or left. XL (20”-22” circum).","1 Ct","$9.00","","Oral Care","33","false","memorial-hermann-2026","CURAD 9-Inch Elastic Pull-Over Knee Support Compression for weak/injured knee. Fits right or left. XL (20”-22” circum). 1 Ct 4158 $9.00"
"4159","CURAD 9-Inch Elastic Pull-Over Knee Support Compression for weak/injured knee. Fits right or left. M (16”-18” circum).","1 Ct","$9.00","","Oral Care","33","false","memorial-hermann-2026","CURAD 9-Inch Elastic Pull-Over Knee Support Compression for weak/injured knee. Fits right or left. M (16”-18” circum). 1 Ct 4159 $9.00"
"4167","CURAD Universal Elastic Back Support Low-profile with removable stays. Side-pull panels for all- around compression. Hook-and-loop closure.","1 Ct","$18.00","","Oral Care","32","false","memorial-hermann-2026","CURAD Universal Elastic Back Support Low-profile with removable stays. Side-pull panels for all- around compression. Hook-and-loop closure. 1 Ct 4167 $18.00"
"4170","Medline Spectrum Advanced Hand Sanitizer Gel 8 oz. Moisturizing formula with 70% ethyl alcohol.","1 Ct","$6.00","","Mobility","26","true","memorial-hermann-2026","Medline Spectrum Advanced Hand Sanitizer Gel 8 oz. Moisturizing formula with 70% ethyl alcohol. 1 Ct 4170 $6.00"
"4172","CURAD Petroleum Jelly 1 oz. Versatile skin protectant moisturizes dry, rough skin.","1 Ct","$2.00","","Oral Care","31","false","memorial-hermann-2026","CURAD Petroleum Jelly 1 oz. Versatile skin protectant moisturizes dry, rough skin. 1 Ct 4172 $2.00"
"4201","Medline Ibuprofen Tablets 200 mg NSAID pain reliever and fever reducer. Coated for easier swallowing.","100 Ct","$4.50","","Pain & Fever Relief","22","true","memorial-hermann-2026","Medline Ibuprofen Tablets 200 mg NSAID pain reliever and fever reducer. Coated for easier swallowing. 100 Ct 4201 $4.50"
"45802-425-78","Fexofenadine 60 mg Tablet 100/Bottle","100/bt","","Allegra","Cold, Cough & Allergy","7","false","medline-otc-2020","Fexofenadine 60 mg Tablet 100/Bottle 	100/bt 	Allegra"
"5001","Medline 24-Inch Knurled Chrome Grab Bar Mounts directly to wall with included hardware. 300 lb. capacity.","1 Ct","$20.00","","Daily Living Aids","7","true","memorial-hermann-2026","Medline 24-Inch Knurled Chrome Grab Bar Mounts directly to wall with included hardware. 300 lb. capacity. 1 Ct 5001 $20.00"
"5003","Conair InterPlak Rechargeable Cordless Toothbrush Recharges on its own compact storage base.","1 Ct","$25.00","","Oral Care","29","false","memorial-hermann-2026","Conair InterPlak Rechargeable Cordless Toothbrush Recharges on its own compact storage base. 1 Ct 5003 $25.00"
"5007","Conair Interplak Dental Water Jet Cordless, battery operated water jet flushes out plaque and food debris.","1 Ct","$45.00","","Oral Care","31","false","memorial-hermann-2026","Conair Interplak Dental Water Jet Cordless, battery operated water jet flushes out plaque and food debris. 1 Ct 5007 $45.00"
"5008","CURAD Breathe Clear Nasal Strips Helps open nose and relieve nasal stuffiness. 1” x 2.5”.","30 Ct","$8.50","","Medications Over the Counter","17","false","memorial-hermann-2026","CURAD Breathe Clear Nasal Strips Helps open nose and relieve nasal stuffiness. 1” x 2.5”. 30 Ct 5008 $8.50"
"5009","InterPlak Rechargeable Toothbrush Replacement Head Push on and click in place.","2 Ct","$16.00","","Oral Care","30","false","memorial-hermann-2026","InterPlak Rechargeable Toothbrush Replacement Head Push on and click in place. 2 Ct 5009 $16.00"
"5010","Kotex Daily Panty Liners Regular Light protection with Xpress Dri. Unscented.","64 Ct","$8.00","","Foot Care","28","false","memorial-hermann-2026","Kotex Daily Panty Liners Regular Light protection with Xpress Dri. Unscented. 64 Ct 5010 $8.00"
"5013","Medline Folding T-Handle Aluminum Cane Compact folding design fits into a purse, suitcase. Weighs only 1 lb. yet supports 250 lbs.","1 Ct","$18.00","","Mobility","25","true","memorial-hermann-2026","Medline Folding T-Handle Aluminum Cane Compact folding design fits into a purse, suitcase. Weighs only 1 lb. yet supports 250 lbs. 1 Ct 5013 $18.00"
"5019","CURAD 9-Inch Elastic Pull-Over Knee Support Compression for weak/injured knee. Fits right or left. 2XL (22”-24” circum).","1 Ct","$9.00","","Oral Care","33","false","memorial-hermann-2026","CURAD 9-Inch Elastic Pull-Over Knee Support Compression for weak/injured knee. Fits right or left. 2XL (22”-24” circum). 1 Ct 5019 $9.00"
"5032","Habitat Cool Mist Ultrasonic Humidifier Compact and whisper quiet with LED light. 2.5L tank. For rooms up to 300 sq. ft.","1 Ct","$39.00","","Hearing Aids & Amplifiers","11","false","memorial-hermann-2026","Habitat Cool Mist Ultrasonic Humidifier Compact and whisper quiet with LED light. 2.5L tank. For rooms up to 300 sq. ft. 1 Ct 5032 $39.00"
"5034","HealthSmart Digital Std Blood Pressure Monitor One-button operation. Stores 60 readings for 2 people. Auto adult arm cuff.","1 Ct","$35.00","","Hearing Aids & Amplifiers","11","false","memorial-hermann-2026","HealthSmart Digital Std Blood Pressure Monitor One-button operation. Stores 60 readings for 2 people. Auto adult arm cuff. 1 Ct 5034 $35.00"
"50383-917-50","Vitamin D-3 Drops 400 IU/ml 50 ml","50 ml","","","Vitamins & Minerals","16","false","medline-otc-2020","Vitamin D-3 Drops 400 IU/ml 50 ml 	50 ml"
"5053","Tylenol PM Ex Strength Night Pain Relief Caplets Non-habit forming when used as directed. 500 mg acetaminophen, 25 mg diphenhydramine.","100 Ct","$22.00","","Pain & Fever Relief","21","false","memorial-hermann-2026","Tylenol PM Ex Strength Night Pain Relief Caplets Non-habit forming when used as directed. 500 mg acetaminophen, 25 mg diphenhydramine. 100 Ct 5053 $22.00"
"5059","Bausch & Lomb Sensitive Eyes Plus Saline Solution 12 oz. Extra-gentle contact solution, pH-balanced formula with potassium, an ingredient found in natural tears.","1 Ct","$9.00","","Foot Care","28","false","memorial-hermann-2026","Bausch & Lomb Sensitive Eyes Plus Saline Solution 12 oz. Extra-gentle contact solution, pH-balanced formula with potassium, an ingredient found in natural tears. 1 Ct 5059 $9.00"
"51672-2037-1","Clotrimazole 1% Solution 10 ml","10 ml","","Lotrimin ® AF","Anti-Fungals","23","false","medline-otc-2020","Clotrimazole 1% Solution 10 ml 	10 ml 	Lotrimin ® AF"
"54799-301-90","OCuSOFT Eye Lid Scrub Pad 30 count","30/pkg","","","Ophthalmics","26","false","medline-otc-2020","OCuSOFT Eye Lid Scrub Pad 30 count 	30/pkg"
"6004","CURAD IRONMAN Elastic Pull-Over Ankle Support Targeted compression plus infrared technology. L/XL (13”- 17” around heel and instep).","1 Ct","$16.50","","Oral Care","32","false","memorial-hermann-2026","CURAD IRONMAN Elastic Pull-Over Ankle Support Targeted compression plus infrared technology. L/XL (13”- 17” around heel and instep). 1 Ct 6004 $16.50"
"6006","Medline Contoured Lumbar Cushion Premium foam. Ideal for wheelchairs, car, home, office. Firm support. 14” x 13”.","1 Ct","$21.00","","Daily Living Aids","7","true","memorial-hermann-2026","Medline Contoured Lumbar Cushion Premium foam. Ideal for wheelchairs, car, home, office. Firm support. 14” x 13”. 1 Ct 6006 $21.00"
"6008","Medline Burn Spray with Aloe Vera 4 oz. No-sting, pain relieving formula for sunburn and itch relief.","1 Ct","$7.00","","Pain & Fever Relief","21","true","memorial-hermann-2026","Medline Burn Spray with Aloe Vera 4 oz. No-sting, pain relieving formula for sunburn and itch relief. 1 Ct 6008 $7.00"
"6015","CURAD Premium Self-Stick Cohesive Wrap Strong compression with foam-like texture. Nonsterile. 2” x 5 yd. roll.","1 Ct","$3.00","","Tapes","10","false","memorial-hermann-2026","CURAD Premium Self-Stick Cohesive Wrap Strong compression with foam-like texture. Nonsterile. 2” x 5 yd. roll. 1 Ct 6015 $3.00"
"6016","CURAD Waterproof Adhesive Medical Tape Tough cotton cloth plus strong adhesive to hold tight. 1/2” x 10 yd. roll.","1 Ct","$7.00","","Tapes","10","false","memorial-hermann-2026","CURAD Waterproof Adhesive Medical Tape Tough cotton cloth plus strong adhesive to hold tight. 1/2” x 10 yd. roll. 1 Ct 6016 $7.00"
"6023","EVENCARE G2 Blood Glucose Monitor Kit Glucose meter, batteries, lancing device, 10 lancets, 10 test strips, user’s guide, case and log book.","1 Ct","$31.00","","Hearing Aids & Amplifiers","12","false","memorial-hermann-2026","EVENCARE G2 Blood Glucose Monitor Kit Glucose meter, batteries, lancing device, 10 lancets, 10 test strips, user’s guide, case and log book. 1 Ct 6023 $31.00"
"6031","Allegra Allergy Fexofenadine 24Hr Tablets 180 mg Non-drowsy.","30 Ct","$27.50","","Medications Over the Counter","16","false","memorial-hermann-2026","Allegra Allergy Fexofenadine 24Hr Tablets 180 mg Non-drowsy. 30 Ct 6031 $27.50"
"6034","Tylenol 8 Hr Muscle Aches and Pain Caplets 650 mg Temporary relief of minor backache, arthritis, headache.","100 Ct","$19.50","","Pain & Fever Relief","20","false","memorial-hermann-2026","Tylenol 8 Hr Muscle Aches and Pain Caplets 650 mg Temporary relief of minor backache, arthritis, headache. 100 Ct 6034 $19.50"
"6035","Benadryl Extra Strength Itch Stopping Cream 1 oz. Cooling relief for most outdoor itches. 2% diphenhydramine.","1 Ct","$7.00","","Medications Over the Counter","17","false","memorial-hermann-2026","Benadryl Extra Strength Itch Stopping Cream 1 oz. Cooling relief for most outdoor itches. 2% diphenhydramine. 1 Ct 6035 $7.00"
"6043","Medline Locking Raised Toilet Seat with Arms Wide, contoured surface raises seat level by 5”. Padded arms. 400 lb. weight capacity.","1 Ct","$40.00","","Daily Living Aids","7","true","memorial-hermann-2026","Medline Locking Raised Toilet Seat with Arms Wide, contoured surface raises seat level by 5”. Padded arms. 400 lb. weight capacity. 1 Ct 6043 $40.00"
"6044","Medline Basic Steel Rollator Padded backrest and 12” x 12” seat. 6” wheels. Burgundy.","1 Ct","$60.00","","Mobility","26","true","memorial-hermann-2026","Medline Basic Steel Rollator Padded backrest and 12” x 12” seat. 6” wheels. Burgundy. 1 Ct 6044 $60.00"
"6047","Medline Shower Chair with Arms and Back Helps provide extra stability while bathing. 13.5”D seat. 350 lb. weight cap.","1 Ct","$50.50","","Daily Living Aids","7","true","memorial-hermann-2026","Medline Shower Chair with Arms and Back Helps provide extra stability while bathing. 13.5”D seat. 350 lb. weight cap. 1 Ct 6047 $50.50"
"6053","Bausch + Lomb Soothe Night Eye Ointment 3.5 g Dry eye therapy for overnight use.","1 Ct","$16.00","","Foot Care","28","false","memorial-hermann-2026","Bausch + Lomb Soothe Night Eye Ointment 3.5 g Dry eye therapy for overnight use. 1 Ct 6053 $16.00"
"6067","Listerine Antiseptic Mouthwash 1.5 L Cool mint.","1 Ct","$13.50","","Oral Care","30","false","memorial-hermann-2026","Listerine Antiseptic Mouthwash 1.5 L Cool mint. 1 Ct 6067 $13.50"
"6076","Crest Sensi-Relief Toothpaste 6 oz. Mint flavor.","1 Ct","$9.00","","Oral Care","31","false","memorial-hermann-2026","Crest Sensi-Relief Toothpaste 6 oz. Mint flavor. 1 Ct 6076 $9.00"
"6095","21st Century Lutein Softgels 20 mg Gluten-free.","60 Ct","$16.00","","Oral Care","40","false","memorial-hermann-2026","21st Century Lutein Softgels 20 mg Gluten-free. 60 Ct 6095 $16.00"
"6102","Imodium A-D Anti-Diarrheal Caplets 2 mg Helps control symptoms of diarrhea including Travelers’ Diarrhea.","24 Ct","$17.50","","Stomach Remedies","24","false","memorial-hermann-2026","Imodium A-D Anti-Diarrheal Caplets 2 mg Helps control symptoms of diarrhea including Travelers’ Diarrhea. 24 Ct 6102 $17.50"
"6103","Metamucil Fiber Supplement Caplets #1 doctor recommended brand.","160 Ct","$30.50","","Oral Care","37","false","memorial-hermann-2026","Metamucil Fiber Supplement Caplets #1 doctor recommended brand. 160 Ct 6103 $30.50"
"6106","Culturelle Digestive Health Probiotic Capsules 10 billion active cultures. Naturally sourced Lactobacillus GG.","30 Ct","$27.00","","Oral Care","37","false","memorial-hermann-2026","Culturelle Digestive Health Probiotic Capsules 10 billion active cultures. Naturally sourced Lactobacillus GG. 30 Ct 6106 $27.00"
"6108","Metamucil Fiber Powder 23.3 oz. 114 teaspoon servings. Sugar free. Orange flavor.","1 Ct","$37.00","","Oral Care","37","false","memorial-hermann-2026","Metamucil Fiber Powder 23.3 oz. 114 teaspoon servings. Sugar free. Orange flavor. 1 Ct 6108 $37.00"
"6113","Quality Plus Anti-Diarrheal Loperamide Caplets Compare to the active ingredient in Imodium A-D Anti- Diarrheal.","24 Ct","$6.00","","Stomach Remedies","24","false","memorial-hermann-2026","Quality Plus Anti-Diarrheal Loperamide Caplets Compare to the active ingredient in Imodium A-D Anti- Diarrheal. 24 Ct 6113 $6.00"
"6114","Centrum Silver 50+ Multivitamin & Mineral Tablets Gluten-free. No artificial sweeteners.","125 Ct","$20.00","","Oral Care","39","false","memorial-hermann-2026","Centrum Silver 50+ Multivitamin & Mineral Tablets Gluten-free. No artificial sweeteners. 125 Ct 6114 $20.00"
"6127","Medline Clear Nicotine Patch 21 mg Stop smoking aid. Step 1.","14 Ct","$25.00","","Stomach Remedies","25","true","memorial-hermann-2026","Medline Clear Nicotine Patch 21 mg Stop smoking aid. Step 1. 14 Ct 6127 $25.00"
"6157","Medline FitRight Panty Liners Very light absorbency. Individually wrapped. 7” long.","40 Ct","$8.00","","Foot Care","28","true","memorial-hermann-2026","Medline FitRight Panty Liners Very light absorbency. Individually wrapped. 7” long. 40 Ct 6157 $8.00"
"6160","Benadryl Allergy Ultratabs 25 mg Helps relieve hay fever, allergy symptoms. Small, easier-to- swallow tablets.","48 Ct","$15.50","","Medications Over the Counter","16","false","memorial-hermann-2026","Benadryl Allergy Ultratabs 25 mg Helps relieve hay fever, allergy symptoms. Small, easier-to- swallow tablets. 48 Ct 6160 $15.50"
"6166","Medline Rubber Bath Mat Suction cups on bottom. 13.4” x 29”","1 Ct","$13.00","","Daily Living Aids","7","true","memorial-hermann-2026","Medline Rubber Bath Mat Suction cups on bottom. 13.4” x 29” 1 Ct 6166 $13.00"
"6171","Advil Ibuprofen Tablets 200 mg NSAID pain reliever, fever reducer. Coated.","100 Ct","$21.00","","Pain & Fever Relief","22","false","memorial-hermann-2026","Advil Ibuprofen Tablets 200 mg NSAID pain reliever, fever reducer. Coated. 100 Ct 6171 $21.00"
"6172","Dr. Reddy’s Arthritis Pain Relief Gel 3.53 oz. Compare to the active ingredient in Voltaren Arthritis Pain Gel.","1 Ct","$13.00","","Pain & Fever Relief","22","false","memorial-hermann-2026","Dr. Reddy’s Arthritis Pain Relief Gel 3.53 oz. Compare to the active ingredient in Voltaren Arthritis Pain Gel. 1 Ct 6172 $13.00"
"6192","Colgate 360 Power Battery Powered Toothbrush 4-way clean. One AA battery included.","1 Ct","$17.00","","Oral Care","29","false","memorial-hermann-2026","Colgate 360 Power Battery Powered Toothbrush 4-way clean. One AA battery included. 1 Ct 6192 $17.00"
"6193","TUMS Smoothies Extra Strength Antacid Tablets 750 mg calcium carbonate. Berry fusion flavor.","140 Ct","$15.00","","Stomach Remedies","24","false","memorial-hermann-2026","TUMS Smoothies Extra Strength Antacid Tablets 750 mg calcium carbonate. Berry fusion flavor. 140 Ct 6193 $15.00"
"6196","Colgate Adult Toothbrush Soft bristles.","1 Ct","$2.50","","Oral Care","30","false","memorial-hermann-2026","Colgate Adult Toothbrush Soft bristles. 1 Ct 6196 $2.50"
"6227","Hi-Potency Biotin B7 Vitamin Tablets 1000 mcg Dietary supplement also known as vitamin H, vitamin B7 and vitamin B8.","100 Ct","$9.00","","Oral Care","40","false","memorial-hermann-2026","Hi-Potency Biotin B7 Vitamin Tablets 1000 mcg Dietary supplement also known as vitamin H, vitamin B7 and vitamin B8. 100 Ct 6227 $9.00"
"6234","GeriCare Vitamin C Tablets 500 mg Also known as ascorbic acid.","100 Ct","$10.00","","Oral Care","38","false","memorial-hermann-2026","GeriCare Vitamin C Tablets 500 mg Also known as ascorbic acid. 100 Ct 6234 $10.00"
"6235","Sports Tapes & Wraps Medline Electric Heated Blanket Soft gray flannel with white sherpa back. 4 temp settings. 50” x 60”.","1 Ct","$80.00","","Oral Care","36","true","memorial-hermann-2026","Sports Tapes & Wraps Medline Electric Heated Blanket Soft gray flannel with white sherpa back. 4 temp settings. 50” x 60”. 1 Ct 6235 $80.00"
"6252","Medline Soft Touch Fingertip Pulse Oximeter Quickly reads SpO2 and heart rate. Large LCD display.","1 Ct","$32.00","","Hearing Aids & Amplifiers","12","true","memorial-hermann-2026","Medline Soft Touch Fingertip Pulse Oximeter Quickly reads SpO2 and heart rate. Large LCD display. 1 Ct 6252 $32.00"
"6254","21st Century B-Complex Energy Support Tablets Gluten free.","100 Ct","$5.00","","Oral Care","37","false","memorial-hermann-2026","21st Century B-Complex Energy Support Tablets Gluten free. 100 Ct 6254 $5.00"
"6511","CURAD Flex-Fabric Bandages Breathable woven fabric stretches and moves with you. 4-sided seal. Assorted sizes.","100 Ct","$5.00","","First Aid","8","false","memorial-hermann-2026","CURAD Flex-Fabric Bandages Breathable woven fabric stretches and moves with you. 4-sided seal. Assorted sizes. 100 Ct 6511 $5.00"
"6556","Medline Sterile Saline Wound Wash 7.1 oz. Gently cleanses minor cuts, scrapes and burns.","1 Ct","$14.50","","First Aid","9","true","memorial-hermann-2026","Medline Sterile Saline Wound Wash 7.1 oz. Gently cleanses minor cuts, scrapes and burns. 1 Ct 6556 $14.50"
"6570","Thermometers & Accessories Automatic Wrist Blood Pressure Monitor High-contrast LCD screen. 120-reading memory storage with date/time stamp. Talks in English or Spanish.","1 Ct","$40.00","","Hearing Aids & Amplifiers","12","false","memorial-hermann-2026","Thermometers & Accessories Automatic Wrist Blood Pressure Monitor High-contrast LCD screen. 120-reading memory storage with date/time stamp. Talks in English or Spanish. 1 Ct 6570 $40.00"
"6661","GoodSense Non-Medicated Vapor Inhaler Compare to Vicks VapoInhaler.","1 Ct","$5.50","","Medications Over the Counter","16","false","memorial-hermann-2026","GoodSense Non-Medicated Vapor Inhaler Compare to Vicks VapoInhaler. 1 Ct 6661 $5.50"
"6665","FLONASE 24-Hour Allergy Relief Nasal Spray Non-drowsy. 72 metered sprays.","1 Ct","$23.50","","Medications Over the Counter","17","false","memorial-hermann-2026","FLONASE 24-Hour Allergy Relief Nasal Spray Non-drowsy. 72 metered sprays. 1 Ct 6665 $23.50"
"6670","Zicam Cold Remedy Zinc Rapidmelts Homeopathic quick-dissolve tablets. Non-drowsy. Citrus flavor.","25 Ct","$17.00","","Medications Over the Counter","18","false","memorial-hermann-2026","Zicam Cold Remedy Zinc Rapidmelts Homeopathic quick-dissolve tablets. Non-drowsy. Citrus flavor. 25 Ct 6670 $17.00"
"6671","Mucinex DM 12-Hr Expectorant & Cough Tablets 600 mg guaifenesin, 30 mg dextromethorphan.","20 Ct","$21.50","","Medications Over the Counter","18","false","memorial-hermann-2026","Mucinex DM 12-Hr Expectorant & Cough Tablets 600 mg guaifenesin, 30 mg dextromethorphan. 20 Ct 6671 $21.50"
"6673","Theraflu Flu Relief Max Strength Powder Packets Honey lemon flavor.","6 Ct","$19.00","","Medications Over the Counter","18","false","memorial-hermann-2026","Theraflu Flu Relief Max Strength Powder Packets Honey lemon flavor. 6 Ct 6673 $19.00"
"6681","Vicks DayQuil / NyQuil Vapocool Combo Pack Severe cold and flu relief.","48 Ct","$27.00","","Medications Over the Counter","18","false","memorial-hermann-2026","Vicks DayQuil / NyQuil Vapocool Combo Pack Severe cold and flu relief. 48 Ct 6681 $27.00"
"6685","Ricola Cough Drops Sugar free. Lemon mint flavor.","45 Ct","$8.50","","Medications Over the Counter","19","false","memorial-hermann-2026","Ricola Cough Drops Sugar free. Lemon mint flavor. 45 Ct 6685 $8.50"
"6686","Mucinex 12-Hr Expectorant Tablet 600 mg Helps loosen phlegm, thin bronchial secretions. Extended- release bi-layer tablet.","20 Ct","$17.00","","Medications Over the Counter","19","false","memorial-hermann-2026","Mucinex 12-Hr Expectorant Tablet 600 mg Helps loosen phlegm, thin bronchial secretions. Extended- release bi-layer tablet. 20 Ct 6686 $17.00"
"6698","Tylenol Cold + Head Severe Congestion Caplets 325 mg acetaminophen, 200 mg guaifenesin, 5 mg phenylephrine.","24 Ct","$11.50","","Pain & Fever Relief","20","false","memorial-hermann-2026","Tylenol Cold + Head Severe Congestion Caplets 325 mg acetaminophen, 200 mg guaifenesin, 5 mg phenylephrine. 24 Ct 6698 $11.50"
"6707","Bayer Low Dose Aspirin Tablets 81 mg Low dose aspirin made for adults whose doctor recommends a low dose aspirin regimen. Safety coated.","120 Ct","$12.00","","Pain & Fever Relief","21","false","memorial-hermann-2026","Bayer Low Dose Aspirin Tablets 81 mg Low dose aspirin made for adults whose doctor recommends a low dose aspirin regimen. Safety coated. 120 Ct 6707 $12.00"
"6715","Anbesol Max Strength Pain Relief Gel 0.33 oz. Maximum strength 20% benzocaine.","1 Ct","$11.00","","Pain & Fever Relief","23","false","memorial-hermann-2026","Anbesol Max Strength Pain Relief Gel 0.33 oz. Maximum strength 20% benzocaine. 1 Ct 6715 $11.00"
"6718","Voltaren Arthritis Pain Relief Gel 1.7 oz. Full prescription strength 1% diclofenac sodium. Clean scent.","1 Ct","$16.00","","Pain & Fever Relief","22","false","memorial-hermann-2026","Voltaren Arthritis Pain Relief Gel 1.7 oz. Full prescription strength 1% diclofenac sodium. Clean scent. 1 Ct 6718 $16.00"
"6719","Neosporin + Pain Relief Antibiotic Ointment 1 oz. No sting. Bacitracin, neomycin, polymyxin B, pramoxine.","1 Ct","$15.50","","Tapes","11","false","memorial-hermann-2026","Neosporin + Pain Relief Antibiotic Ointment 1 oz. No sting. Bacitracin, neomycin, polymyxin B, pramoxine. 1 Ct 6719 $15.50"
"6733","MiraLAX Laxative Powder 4.1 oz. Dissolves in any beverage. Grit-free. 7 doses. Unflavored.","1 Ct","$13.00","","Stomach Remedies","25","false","memorial-hermann-2026","MiraLAX Laxative Powder 4.1 oz. Dissolves in any beverage. Grit-free. 7 doses. Unflavored. 1 Ct 6733 $13.00"
"6861","Simply Soft Premium Cotton Rounds 100% pure, natural, lint-free cotton. Gentle on skin, yet strong and durable.","300 Ct","$10.00","","Mobility","26","false","memorial-hermann-2026","Simply Soft Premium Cotton Rounds 100% pure, natural, lint-free cotton. Gentle on skin, yet strong and durable. 300 Ct 6861 $10.00"
"6863","Q-Tips Cotton Swabs Flexible paper stick with soft cotton tips.","300 Ct","$7.50","","Mobility","27","false","memorial-hermann-2026","Q-Tips Cotton Swabs Flexible paper stick with soft cotton tips. 300 Ct 6863 $7.50"
"6876","Medline Maxi Period Postpartum Pad Heavy absorbency. Individually wrapped. 9” L x 2-1/2” W.","12 Ct","$2.50","","Foot Care","28","true","memorial-hermann-2026","Medline Maxi Period Postpartum Pad Heavy absorbency. Individually wrapped. 9” L x 2-1/2” W. 12 Ct 6876 $2.50"
"6877","Medline Maxi Period Postpartum Pad with Wings Heavy absorbency for day/night use. Extra-long 11” pad for better coverage.","12 Ct","$4.00","","Foot Care","28","true","memorial-hermann-2026","Medline Maxi Period Postpartum Pad with Wings Heavy absorbency for day/night use. Extra-long 11” pad for better coverage. 12 Ct 6877 $4.00"
"6883","Medline Adjustable Heel Lift 3 layers of foam. Fits right or left foot. Size medium.","1 Ct","$9.50","","Foot Care","28","true","memorial-hermann-2026","Medline Adjustable Heel Lift 3 layers of foam. Fits right or left foot. Size medium. 1 Ct 6883 $9.50"
"6913","Carmex Classic Lip Balm 0.35 oz. Moisturizing cocoa butter plus cooling camphor and menthol.","1 Ct","$3.50","","Oral Care","31","false","memorial-hermann-2026","Carmex Classic Lip Balm 0.35 oz. Moisturizing cocoa butter plus cooling camphor and menthol. 1 Ct 6913 $3.50"
"6919","Medline 2-Sided Denture Brush Large brush head removes food and stains. Small, angle- trimmed brush head for hard-to-reach areas.","1 Ct","$3.00","","Oral Care","29","true","memorial-hermann-2026","Medline 2-Sided Denture Brush Large brush head removes food and stains. Small, angle- trimmed brush head for hard-to-reach areas. 1 Ct 6919 $3.00"
"6929","Colgate Extra Clean Adult Toothbrush Medium bristles.","1 Ct","$2.50","","Oral Care","30","false","memorial-hermann-2026","Colgate Extra Clean Adult Toothbrush Medium bristles. 1 Ct 6929 $2.50"
"6943","Colgate Fluoride Toothpaste 4 oz. Great regular flavor.","1 Ct","$3.00","","Oral Care","30","false","memorial-hermann-2026","Colgate Fluoride Toothpaste 4 oz. Great regular flavor. 1 Ct 6943 $3.00"
"6965","Aquaphor Healing Ointment Dry Skin Moisturizer 7 oz. Trusted by dermatologists to protect and help heal dry, chapped or cracked skin. Hypoallergenic, fragrance-free.","1 Ct","$18.00","","Oral Care","32","false","memorial-hermann-2026","Aquaphor Healing Ointment Dry Skin Moisturizer 7 oz. Trusted by dermatologists to protect and help heal dry, chapped or cracked skin. Hypoallergenic, fragrance-free. 1 Ct 6965 $18.00"
"7023","CURAD IRONMAN Infrared Back Support With hot and cold compress. Black. One size.","1 Ct","$37.00","","Oral Care","32","false","memorial-hermann-2026","CURAD IRONMAN Infrared Back Support With hot and cold compress. Black. One size. 1 Ct 7023 $37.00"
"7056","CURAD IRONMAN Infrared Knee Support With hot and cold compress. Black. One size.","1 Ct","$20.00","","Oral Care","33","false","memorial-hermann-2026","CURAD IRONMAN Infrared Knee Support With hot and cold compress. Black. One size. 1 Ct 7056 $20.00"
"7084","CURAD Infrared Multipurpose Hot/Cold Therapy Sup- port One size. Removable hot/cold gel pack.","1 Ct","$20.00","","Oral Care","34","false","memorial-hermann-2026","CURAD Infrared Multipurpose Hot/Cold Therapy Sup- port One size. Removable hot/cold gel pack. 1 Ct 7084 $20.00"
"7102","CURAD Wraparound Wrist Support Breathable neoprene compression for carpal tunnel, tendonitis. Fits right or left. One size.","1 Ct","$10.00","","Oral Care","33","false","memorial-hermann-2026","CURAD Wraparound Wrist Support Breathable neoprene compression for carpal tunnel, tendonitis. Fits right or left. One size. 1 Ct 7102 $10.00"
"7119","Medline Curved Grip Plastic Shoehorn 17-inches long.","1 Ct","$6.00","","Daily Living Aids","7","true","memorial-hermann-2026","Medline Curved Grip Plastic Shoehorn 17-inches long. 1 Ct 7119 $6.00"
"7179","Hot & Cold Therapies Medline Accu-Therm Instant Heavyweight Jr. Cold Pack Fold and shake to active. 6” x 10”.","1 Ct","$3.00","","Oral Care","35","true","memorial-hermann-2026","Hot & Cold Therapies Medline Accu-Therm Instant Heavyweight Jr. Cold Pack Fold and shake to active. 6” x 10”. 1 Ct 7179 $3.00"
"7209","Protection Wear Recovery & Rehabilitation Medline Disposable Face Masks White with ear loops.","10 Ct","$3.00","","Oral Care","32","true","memorial-hermann-2026","Protection Wear Recovery & Rehabilitation Medline Disposable Face Masks White with ear loops. 10 Ct 7209 $3.00"
"7229","GeriCare Fiber Laxative Caplets 625 mg Compare to the active ingredient in FiberCon.","90 Ct","$10.00","","Stomach Remedies","25","false","memorial-hermann-2026","GeriCare Fiber Laxative Caplets 625 mg Compare to the active ingredient in FiberCon. 90 Ct 7229 $10.00"
"7242","Vitafusion Power C High Potency Gummies 282 mg of vitamin C per 3 gummy serving.","150 Ct","$15.00","","Oral Care","38","false","memorial-hermann-2026","Vitafusion Power C High Potency Gummies 282 mg of vitamin C per 3 gummy serving. 150 Ct 7242 $15.00"
"7243","Minerals Emergen-C Vitamin C Powder Drink Mix 1,000 mg of vitamin C plus antioxidants and electrolytes. Tangerine flavor.","30 Ct","$18.00","","Oral Care","38","false","memorial-hermann-2026","Minerals Emergen-C Vitamin C Powder Drink Mix 1,000 mg of vitamin C plus antioxidants and electrolytes. Tangerine flavor. 30 Ct 7243 $18.00"
"7247","YumVs Calcium Gummies with Vitamin D3 Raspberry and orange flavor.","60 Ct","$13.00","","Oral Care","38","false","memorial-hermann-2026","YumVs Calcium Gummies with Vitamin D3 Raspberry and orange flavor. 60 Ct 7247 $13.00"
"7258","Vitafusion Calcium Gummies 500 mg calcium and 25 mcg vitamin D per serving. Fruit and cream flavors.","100 Ct","$17.00","","Oral Care","38","false","memorial-hermann-2026","Vitafusion Calcium Gummies 500 mg calcium and 25 mcg vitamin D per serving. Fruit and cream flavors. 100 Ct 7258 $17.00"
"7259","Mason Natural Iron Tablets 65 mg 65 mg iron (from 325 mg or 5 grains of ferrous sulfate).","100 Ct","$9.00","","Oral Care","38","false","memorial-hermann-2026","Mason Natural Iron Tablets 65 mg 65 mg iron (from 325 mg or 5 grains of ferrous sulfate). 100 Ct 7259 $9.00"
"7262","21st Century Potassium Gluconate Tablets 595 mg No added sugar, yeast, preservatives.","100 Ct","$8.50","","Oral Care","39","false","memorial-hermann-2026","21st Century Potassium Gluconate Tablets 595 mg No added sugar, yeast, preservatives. 100 Ct 7262 $8.50"
"7263","Vitafusion Men’s Daily Multi-Vitamin Gummies Berry flavor.","150 Ct","$20.00","","Oral Care","39","false","memorial-hermann-2026","Vitafusion Men’s Daily Multi-Vitamin Gummies Berry flavor. 150 Ct 7263 $20.00"
"7264","Vitafusion Women’s Daily Multi-Vitamin Gummies Berry flavor.","150 Ct","$20.00","","Oral Care","39","false","memorial-hermann-2026","Vitafusion Women’s Daily Multi-Vitamin Gummies Berry flavor. 150 Ct 7264 $20.00"
"7266","Multivitamins Supplements GeriCare Multivitamin with Mineral Tablets Once daily formula.","100 Ct","$6.00","","Oral Care","39","false","memorial-hermann-2026","Multivitamins Supplements GeriCare Multivitamin with Mineral Tablets Once daily formula. 100 Ct 7266 $6.00"
"7289","Health Star Melatonin Tablets 5 mg Dietary supplement.","90 Ct","$4.00","","Oral Care","40","false","memorial-hermann-2026","Health Star Melatonin Tablets 5 mg Dietary supplement. 90 Ct 7289 $4.00"
"7297","Medline Skintegrity Wound Cleanser 8 oz. Fast, thorough and gentle cleansing of wounds in all stages","1 Ct","$7.00","","Daily Living Aids","7","true","memorial-hermann-2026","Medline Skintegrity Wound Cleanser 8 oz. Fast, thorough and gentle cleansing of wounds in all stages 1 Ct 7297 $7.00"
"7310","Tru-Colour Skin Tone Bandages Flexible fabric. Olive skin tone.","20 Ct","$5.00","","First Aid","9","false","memorial-hermann-2026","Tru-Colour Skin Tone Bandages Flexible fabric. Olive skin tone. 20 Ct 7310 $5.00"
"7311","Tru-Colour Skin Tone Bandages Flexible fabric. Brown skin tone.","20 Ct","$5.00","","First Aid","8","false","memorial-hermann-2026","Tru-Colour Skin Tone Bandages Flexible fabric. Brown skin tone. 20 Ct 7311 $5.00"
"7312","Tru-Colour Skin Tone Bandages Flexible fabric. Dark brown skin tone.","20 Ct","$5.00","","First Aid","8","false","memorial-hermann-2026","Tru-Colour Skin Tone Bandages Flexible fabric. Dark brown skin tone. 20 Ct 7312 $5.00"
"7322","Sheffield Scar Gel 0.7 oz. Compare to active ingredient in Mederma Advanced Scar Gel.","1 Ct","$6.00","","Tapes","11","false","memorial-hermann-2026","Sheffield Scar Gel 0.7 oz. Compare to active ingredient in Mederma Advanced Scar Gel. 1 Ct 7322 $6.00"
"7335","DMI Precision Digital Kitchen Scale Tare function. Measures oz., lb., gram, mL. Max 11 lb. weight. 7.15” x 5.5” x 0.57”.","1 Ct","$23.00","","Hearing Aids & Amplifiers","12","false","memorial-hermann-2026","DMI Precision Digital Kitchen Scale Tare function. Measures oz., lb., gram, mL. Max 11 lb. weight. 7.15” x 5.5” x 0.57”. 1 Ct 7335 $23.00"
"7336","iHealth COVID-19 Antigen Home Test Kit Results in just 15 minutes.","2 Ct","$22.00","","Hearing Aids & Amplifiers","12","false","memorial-hermann-2026","iHealth COVID-19 Antigen Home Test Kit Results in just 15 minutes. 2 Ct 7336 $22.00"
"7413","Scalpicin Max Strength Scalp Itch Relief Liquid 1.5 oz. 1% hydrocortisone.","1 Ct","$16.00","","Medications Over the Counter","17","false","memorial-hermann-2026","Scalpicin Max Strength Scalp Itch Relief Liquid 1.5 oz. 1% hydrocortisone. 1 Ct 7413 $16.00"
"7425","Medline Acetaminophen Tablets 500 mg Pain reliever and fever reducer.","100 Ct","$9.00","","Pain & Fever Relief","20","true","memorial-hermann-2026","Medline Acetaminophen Tablets 500 mg Pain reliever and fever reducer. 100 Ct 7425 $9.00"
"7434","Voltaren Arthritis Pain Relief Gel 3.53 oz. Non-steroidal, full prescription strength topical gel. 1% diclofenac sodium.","1 Ct","$25.00","","Pain & Fever Relief","22","false","memorial-hermann-2026","Voltaren Arthritis Pain Relief Gel 3.53 oz. Non-steroidal, full prescription strength topical gel. 1% diclofenac sodium. 1 Ct 7434 $25.00"
"7476","TUMS Ultra Strength Chewable Antacid Tablets 750 mg calcium carbonate. Berry flavor.","72 Ct","$14.50","","Stomach Remedies","24","false","memorial-hermann-2026","TUMS Ultra Strength Chewable Antacid Tablets 750 mg calcium carbonate. Berry flavor. 72 Ct 7476 $14.50"
"7500","Stop Smoking GoodSense Stop Smoking Nicotine Gum 4 mg. Compare to the active ingredient of Nicorette gum.","50 Ct","$21.00","","Stomach Remedies","25","false","memorial-hermann-2026","Stop Smoking GoodSense Stop Smoking Nicotine Gum 4 mg. Compare to the active ingredient of Nicorette gum. 50 Ct 7500 $21.00"
"7507","Medline Handheld Showerhead Kit Standard spray. Includes diverter valve, wall holder and extra-long 7-foot hose.","1 Ct","$25.00","","Daily Living Aids","7","true","memorial-hermann-2026","Medline Handheld Showerhead Kit Standard spray. Includes diverter valve, wall holder and extra-long 7-foot hose. 1 Ct 7507 $25.00"
"7655","Dental Flossers Cleans between teeth to remove food and plaque.","90 Ct","$4.00","","Oral Care","30","false","memorial-hermann-2026","Dental Flossers Cleans between teeth to remove food and plaque. 90 Ct 7655 $4.00"
"7684","Skin Care After Sun Aloe Gel 20 oz. With 0.5% lidocaine.","1 Ct","$11.00","","Oral Care","31","false","memorial-hermann-2026","Skin Care After Sun Aloe Gel 20 oz. With 0.5% lidocaine. 1 Ct 7684 $11.00"
"7688","Jergen’s Ultra Healing Dry Skin Moisturizer 32 oz. Repairs and heals extra dry skin with vitamins C, E and B5.","1 Ct","$26.00","","Oral Care","32","false","memorial-hermann-2026","Jergen’s Ultra Healing Dry Skin Moisturizer 32 oz. Repairs and heals extra dry skin with vitamins C, E and B5. 1 Ct 7688 $26.00"
"7692","MG217 Psoriasis Medicated Multi-Symptom Ointment 3.8 oz. 2% coal tar.","1 Ct","$11.50","","Pain & Fever Relief","20","false","memorial-hermann-2026","MG217 Psoriasis Medicated Multi-Symptom Ointment 3.8 oz. 2% coal tar. 1 Ct 7692 $11.50"
"7762","Respiratory Care Personal Steam Inhaler Vaporizer Variable steam control helps relieve cold and sinusitis symptoms. Soft, flexible mask.","1 Ct","$59.00","","Oral Care","36","false","memorial-hermann-2026","Respiratory Care Personal Steam Inhaler Vaporizer Variable steam control helps relieve cold and sinusitis symptoms. Soft, flexible mask. 1 Ct 7762 $59.00"
"7909","Pepto Bismol Liquid 16 oz. 5 symptom relief. Original formula.","1 Ct","$15.00","","Stomach Remedies","24","false","memorial-hermann-2026","Pepto Bismol Liquid 16 oz. 5 symptom relief. Original formula. 1 Ct 7909 $15.00"
"7910","Anti-Fungal & Anti-Itch Kerasal Fungal Nail Renewal Ointment 0.33 oz. Results in just 2 days.","1 Ct","$31.00","","Medications Over the Counter","17","false","memorial-hermann-2026","Anti-Fungal & Anti-Itch Kerasal Fungal Nail Renewal Ointment 0.33 oz. Results in just 2 days. 1 Ct 7910 $31.00"
"7966","Rugby Travel Sickness Meclizine Tablets Chewable. Contains aspartame. Compare to active ingredient in Bonine tablets.","100 Ct","$9.50","","Stomach Remedies","25","false","memorial-hermann-2026","Rugby Travel Sickness Meclizine Tablets Chewable. Contains aspartame. Compare to active ingredient in Bonine tablets. 100 Ct 7966 $9.50"
"8069","Medline FitRight Unisex Bladder Pads Leak-Stop Guards. Light absorbency. 4.5” x 11”.","20 Ct","$6.00","","Incontinence","13","true","memorial-hermann-2026","Medline FitRight Unisex Bladder Pads Leak-Stop Guards. Light absorbency. 4.5” x 11”. 20 Ct 8069 $6.00"
"8241","Zyrtec Cetirizine Allergy Antihistamine Tablets 10 mg For indoor and outdoor allergies.","30 Ct","$27.00","","Medications Over the Counter","16","false","memorial-hermann-2026","Zyrtec Cetirizine Allergy Antihistamine Tablets 10 mg For indoor and outdoor allergies. 30 Ct 8241 $27.00"
"8466","Medline Spectrum Advanced Hand Sanitizer Gel 2 oz. Moisturizing formula with 70% ethyl alcohol.","1 Ct","$3.00","","Mobility","26","true","memorial-hermann-2026","Medline Spectrum Advanced Hand Sanitizer Gel 2 oz. Moisturizing formula with 70% ethyl alcohol. 1 Ct 8466 $3.00"
"8662","Polident Rapid Clean Denture Cleanser Tablets Ultra-fast deep clean.","102 Ct","$18.00","","Oral Care","29","false","memorial-hermann-2026","Polident Rapid Clean Denture Cleanser Tablets Ultra-fast deep clean. 102 Ct 8662 $18.00"
"8663","Biofreeze Cold Therapy Pain Relief Gel 3 oz. Vanishing scent. Gel roll-on.","1 Ct","$15.50","","Pain & Fever Relief","22","false","memorial-hermann-2026","Biofreeze Cold Therapy Pain Relief Gel 3 oz. Vanishing scent. Gel roll-on. 1 Ct 8663 $15.50"
"CUR001109Z","Bacitracin Zinc Ointment 0.9 gm Foil Packet 144/Box","144/bx","","","CURAD ®","22","true","medline-otc-2020","Bacitracin Zinc Ointment 0.9 gm Foil Packet 144/Box 	144/bx"
"CUR001209Z","Triple Antibiotic Ointment 0.9 gm Packet 144/Box","144/bx","","","CURAD ®","22","true","medline-otc-2020","Triple Antibiotic Ointment 0.9 gm Packet 144/Box 	144/bx"
"CUR001231H","Triple Antibiotic Ointment 1-oz. Tube","1 oz","","","CURAD ®","22","true","medline-otc-2020","Triple Antibiotic Ointment 1-oz. Tube 	1 oz"
"CUR003501H","A&D Ointment 2-oz. Tube","2 oz","","","CURAD ®","22","true","medline-otc-2020","A&D Ointment 2-oz. Tube 	2 oz"
"CUR003545Z","A&D Ointment 5 gm Foil Packet 144/Box","144/bx","","","Skin Protectants","25","true","medline-otc-2020","A&D Ointment 5 gm Foil Packet 144/Box 	144/bx"
"CUR005331H","CUR003545Z CUR001231H CUR001209Z 24","MEDLINE","","","Anti-Infective","22","false","medline-otc-2020","CUR003545Z CUR001231H CUR001209Z 24 	MEDLINE"
"CUR005345Z","Petroleum Jelly 5 gm Foil Packet 144/Box","144/bx","","","CURAD ®","22","true","medline-otc-2020","Petroleum Jelly 5 gm Foil Packet 144/Box 	144/bx"
"CUR006202H","Zinc Oxide 20% Cream 2-oz. Tube","2 oz","","","Skin Protectants","25","true","medline-otc-2020","Zinc Oxide 20% Cream 2-oz. Tube 	2 oz"
"CUR009814H","Zinc Oxide 20% Cream 2-oz. Tube","2 oz","","","CURAD ®","22","true","medline-otc-2020","Zinc Oxide 20% Cream 2-oz. Tube 	2 oz"
"CUR015408Z","Hydrocortisone 1% Cream 1.5 gm Packet 48/Box","48/bx","","","CURAD ®","22","true","medline-otc-2020","Hydrocortisone 1% Cream 1.5 gm Packet 48/Box 	48/bx"
"CUR015431H","Hydrocortisone 1% Cream 1-oz. Tube","1 oz","","","CURAD ®","22","true","medline-otc-2020","Hydrocortisone 1% Cream 1-oz. Tube 	1 oz"
"CUR0415H","Curad ® Lip Balm SPF 15 0.15 oz","0.15 oz","","","Lip Protectant","25","true","medline-otc-2020","Curad ® Lip Balm SPF 15 0.15 oz 	0.15 oz"
"CUR0415Z","Lip Balm Petroleum Free SPF 15 24/Pack","24/pkg","","","CURAD ®","22","true","medline-otc-2020","Lip Balm Petroleum Free SPF 15 24/Pack 	24/pkg"
"CUR110556H","Bacitracin Zinc Ointment 500 Units/gm 1-oz. Tube","1 oz","","","Anti-Infective","22","true","medline-otc-2020","Bacitracin Zinc Ointment 500 Units/gm 1-oz. Tube 	1 oz"
"DAY006216H","Zinc Oxide 20% Ointment 1 lb. Jar","1 lb","","","Skin Protectants","25","false","medline-otc-2020","Zinc Oxide 20% Ointment 1 lb. Jar 	1 lb"
"H-HAD13H","A&D Ointment 13-oz. Jar","13 oz","","","Skin Protectants","25","false","medline-otc-2020","A&D Ointment 13-oz. Jar 	13 oz"
"HCI7200","OtoClear Ear Irrigation Tip 40/Box","40/bx","","","Ear Care","27","false","medline-otc-2020","OtoClear Ear Irrigation Tip 40/Box 	40/bx"
"HCI7202","OtoClear Ear Irrigation Tip 20/Box","20/bx","","","Ear Care","27","false","medline-otc-2020","OtoClear Ear Irrigation Tip 20/Box 	20/bx"
"HCI7280","OtoClear Ear Lavage System","1 kt","","","Ear Care","27","false","medline-otc-2020","OtoClear Ear Lavage System 	1 kt"
"HCI7290","OtoClear Spray Wash Kit","1 kt","","","Ear Care","27","false","medline-otc-2020","OtoClear Spray Wash Kit 	1 kt"
"HCI7295","OtoClear ® Spray Wash Bottle","1 bt","","","Ear Care","27","false","medline-otc-2020","OtoClear ® Spray Wash Bottle 	1 bt"
"MDS096066A","Biotene Dry Mouth Moisturizing Spray 1.5oz","1.5oz","","","Oral Care","30","false","medline-otc-2020","Biotene Dry Mouth Moisturizing Spray 1.5oz 	1.5oz"
"MDS096160B","Biotene ® Dry Mouth Oral Rinse 16oz","16oz","","","Oral Care","30","false","medline-otc-2020","Biotene ® Dry Mouth Oral Rinse 16oz 	16oz"
"MDS096166","Super Poligrip ® Denture Adhesive Cream 2.4oz","2.4 oz","","","Oral Care","30","false","medline-otc-2020","Super Poligrip ® Denture Adhesive Cream 2.4oz 	2.4 oz"
"NON133000","Pill Crusher, Blue, Ergonomically Shaped","6/cs","","","Pill Management","28","true","medline-otc-2020","Pill Crusher, Blue, Ergonomically Shaped 	6/cs"
"NON134000","Pill Crusher, Blue, Individually boxed","1/ea","","","Pill Management","28","true","medline-otc-2020","Pill Crusher, Blue, Individually boxed 	1/ea"
"NON135000","Pill Splitter, Blue, Individually boxed","1/ea","","","Pill Management","28","true","medline-otc-2020","Pill Splitter, Blue, Individually boxed 	1/ea"
"NON137000","Pill Cutter/Crusher","6/cs","","","Pill Management","28","true","medline-otc-2020","Pill Cutter/Crusher 	6/cs"
"NON2300","Medication Pill Envelope","500/bx","","","Pill Management","28","true","medline-otc-2020","Medication Pill Envelope 	500/bx"
"NON36630","Clear 7 Section Pill Box, 1x/day, Small","6/cs","","","Pill Management","28","true","medline-otc-2020","Clear 7 Section Pill Box, 1x/day, Small 	6/cs"
"NON36670","Pill box with lock, 1x/day, Medium","6/cs","","","Pill Management","28","true","medline-otc-2020","Pill box with lock, 1x/day, Medium 	6/cs"
"NON36680","Pill box with Easy Push Button, 1X/day, Medium","6/cs","","","Pill Management","28","true","medline-otc-2020","Pill box with Easy Push Button, 1X/day, Medium 	6/cs"
"NON36690","Pill box with Easy Push Button, 2X/day, Medium","6/cs","","","Pill Management","28","true","medline-otc-2020","Pill box with Easy Push Button, 2X/day, Medium 	6/cs"
"NON65001","Oral Syringe, 1 mL, Clear","500/cs","","","Oral Syringes","28","true","medline-otc-2020","Oral Syringe, 1 mL, Clear 	500/cs"
"NON65003","Oral Syringe, 3 mL, Clear","500/cs","","","Oral Syringes","28","true","medline-otc-2020","Oral Syringe, 3 mL, Clear 	500/cs"
"NON65006","Oral Syringe, 6 mL, Clear","500/cs","","","Oral Syringes","28","true","medline-otc-2020","Oral Syringe, 6 mL, Clear 	500/cs"
"NON65012","Oral Syringe, 12 mL, Clear","500/cs","","","Oral Syringes","28","true","medline-otc-2020","Oral Syringe, 12 mL, Clear 	500/cs"
"NON65020","Oral Syringe, 20 mL, Clear","200/cs","","","Oral Syringes","28","true","medline-otc-2020","Oral Syringe, 20 mL, Clear 	200/cs"
"NON65035","Oral Syringe, 35 mL, Clear","200/cs","","","Oral Syringes","28","true","medline-otc-2020","Oral Syringe, 35 mL, Clear 	200/cs"
"NON65060","Oral Syringe, 60 mL, Clear","200/cs","","","Oral Syringes","28","true","medline-otc-2020","Oral Syringe, 60 mL, Clear 	200/cs"
"NON65101","Oral Syringe, Sterile, 1 mL, ind. Pouched, Clear","200/cs","","","Oral Syringes","28","true","medline-otc-2020","Oral Syringe, Sterile, 1 mL, ind. Pouched, Clear 	200/cs"
"NON65103","Oral Syringe, Sterile, 3 mL, ind. Pouched, Clear","100/cs","","","Oral Syringes","28","true","medline-otc-2020","Oral Syringe, Sterile, 3 mL, ind. Pouched, Clear 	100/cs"
"NON65106","Oral Syringe, Sterile, 6 mL, ind. Pouched, Clear","100/cs","","","Oral Syringes","28","true","medline-otc-2020","Oral Syringe, Sterile, 6 mL, ind. Pouched, Clear 	100/cs"
"NON65112","Oral Syringe, Sterile, 12 mL, ind. Pouched, Clear","100/cs","","","Oral Syringes","28","true","medline-otc-2020","Oral Syringe, Sterile, 12 mL, ind. Pouched, Clear 	100/cs"
"NON65120","Oral Syringe, Sterile, 20 mL, ind. Pouched, Clear","100/cs","","","Oral Syringes","28","true","medline-otc-2020","Oral Syringe, Sterile, 20 mL, ind. Pouched, Clear 	100/cs"
"NON65135","Oral Syringe, Sterile, 35 mL, ind. Pouched, Clear","100/cs","","","Oral Syringes","28","true","medline-otc-2020","Oral Syringe, Sterile, 35 mL, ind. Pouched, Clear 	100/cs"
"NON65160","Oral Syringe, Sterile, 60 mL, ind. Pouched, Clear","100/cs Medication Management","","","Oral Syringes","28","true","medline-otc-2020","Oral Syringe, Sterile, 60 mL, ind. Pouched, Clear 	100/cs Medication Management"
"NONPC1000","Silent Knight Pill Crusher Pouch","1000/cs","","","Pill Management","28","true","medline-otc-2020","Silent Knight Pill Crusher Pouch 	1000/cs"
"NONSK0500","Silent Knight Pill Crusher","1/ea","","","Pill Management","28","true","medline-otc-2020","Silent Knight Pill Crusher 	1/ea"
"ORA10010292Z","Histofreezer Cryogen Kit 24 Applicators 2 mm & 36 Applicators 5 mm","1 kt","","","Histofreezer","34","false","medline-otc-2020","Histofreezer Cryogen Kit 24 Applicators 2 mm & 36 Applicators 5 mm 	1 kt"
"ORA36F1C","Histofreezer Cryogen Kit 36 Applicators 5 mm","1 kt","","","Histofreezer","34","false","medline-otc-2020","Histofreezer Cryogen Kit 36 Applicators 5 mm 	1 kt"
"ORA36M1C","Histofreezer Cryogen Kit 12 Applicators 2 mm & 24 Applicators 5 mm","1 kt","","","Histofreezer","34","false","medline-otc-2020","Histofreezer Cryogen Kit 12 Applicators 2 mm & 24 Applicators 5 mm 	1 kt"
"ORA40T1C","Histofreezer Cryogen Kit 40 Applicators 2 mm","1 kt","","","Histofreezer","34","false","medline-otc-2020","Histofreezer Cryogen Kit 40 Applicators 2 mm 	1 kt"
"OTC000032","TheraTears Lubricant Opthalmic Solution Unit Dose 32/Box","32/bx","","","Ophthalmics","26","false","medline-otc-2020","TheraTears Lubricant Opthalmic Solution Unit Dose 32/Box 	32/bx"
"OTC000105","Rechargeable Cordless Toothbrush","1 ea","","","Oral Care","30","false","medline-otc-2020","Rechargeable Cordless Toothbrush 	1 ea"
"OTC000112","Toothbrush Heads 2/Pack","2/pk","","","Oral Care","30","false","medline-otc-2020","Toothbrush Heads 2/Pack 	2/pk"
"OTC000150","Battery Operated Dental Water Jet","1 ea","","","Oral Care","30","false","medline-otc-2020","Battery Operated Dental Water Jet 	1 ea"
"OTC000200","Eye Multi Purpose No Rub 12-oz.","12 oz","","","Ophthalmics","26","false","medline-otc-2020","Eye Multi Purpose No Rub 12-oz. 	12 oz"
"OTC000293","Magnesium Oxide 400 mg Tablet 120/Bottle","120/bt","","","Magnesium","20","false","medline-otc-2020","Magnesium Oxide 400 mg Tablet 120/Bottle 	120/bt"
"OTC000308","Irritation Relief Opthalmic Solution 15 ml","15 ml","","Visine ® A.C.","Ophthalmics","26","false","medline-otc-2020","Irritation Relief Opthalmic Solution 15 ml 	15 ml 	Visine ® A.C."
"OTC000312","Alpha Lipoic Acid 300mg Capsule 50/Bottle","50/bt","","","Vitamins & Minerals","14","false","medline-otc-2020","Alpha Lipoic Acid 300mg Capsule 50/Bottle 	50/bt"
"OTC000322","Magnesium Gluconate 500 mg Tablet 90/Bottle","90/bt","","","Magnesium","20","false","medline-otc-2020","Magnesium Gluconate 500 mg Tablet 90/Bottle 	90/bt"
"OTC000323","Florastor ® Probiotic Capsule 250 mg 100/Bottle","100/bt","","","Probiotics and Digestive Aids","20","false","medline-otc-2020","Florastor ® Probiotic Capsule 250 mg 100/Bottle 	100/bt"
"OTC000360","TheraTears ® Eye Nutrition Caplet 90/Bottle","90/bt","","","Ophthalmics","26","false","medline-otc-2020","TheraTears ® Eye Nutrition Caplet 90/Bottle 	90/bt"
"OTC000410","Pain Relief Cream 4oz","4oz","","","Pain Relief","24","false","medline-otc-2020","Pain Relief Cream 4oz 	4oz"
"OTC00042A","Cough Drops Cherry Flavor 30/Bag","30/bag","","Halls ®","Cold, Cough & Allergy","7","false","medline-otc-2020","Cough Drops Cherry Flavor 30/Bag 	30/bag 	Halls ®"
"OTC00043A","Cough Drops Honey Lemon Flavor 30/Bag","30/bag","","Halls","Cold, Cough & Allergy","7","false","medline-otc-2020","Cough Drops Honey Lemon Flavor 30/Bag 	30/bag 	Halls"
"OTC000458","Melatonin 3 mg + Vitaimn B-6 Time Release Tablet 100/Bottle","100/bt","","","Supplements","18","false","medline-otc-2020","Melatonin 3 mg + Vitaimn B-6 Time Release Tablet 100/Bottle 	100/bt"
"OTC000477","Florastor Probiotic Capsule 250mg 100UD/Box","100UD/bx","","","Probiotics and Digestive Aids","20","false","medline-otc-2020","Florastor Probiotic Capsule 250mg 100UD/Box 	100UD/bx"
"OTC000703","Muscle Rub Ultra Strength Cream 3-oz.","3oz","","Bengay","Pain Relief","24","false","medline-otc-2020","Muscle Rub Ultra Strength Cream 3-oz. 	3oz 	Bengay"
"OTC000748","Vein Defense Healing Cream 4oz","4 oz","","","Miscellaneous","25","false","medline-otc-2020","Vein Defense Healing Cream 4oz 	4 oz"
"OTC000877","Cold/Flu Daytime Softgel 8/Box","8/bx","","DayQuil","Cold, Cough & Allergy","7","false","medline-otc-2020","Cold/Flu Daytime Softgel 8/Box 	8/bx 	DayQuil"
"OTC000900","Meclizine HCL 25 mg Tablet 8/Box","8/bx","","Bonine ®","Anti-Nausea","4","false","medline-otc-2020","Meclizine HCL 25 mg Tablet 8/Box 	8/bx 	Bonine ®"
"OTC000901","Vitamin D-3 2000 IU Softgel 100/Bottle","100/bt","","","Vitamins & Minerals","16","false","medline-otc-2020","Vitamin D-3 2000 IU Softgel 100/Bottle 	100/bt"
"OTC000907","Cold/Flu Nighttime Softgel 8/Box","8/bx","","NyQuil ®","Cold, Cough & Allergy","7","false","medline-otc-2020","Cold/Flu Nighttime Softgel 8/Box 	8/bx 	NyQuil ®"
"OTC001010","Digestive Advanced ® Lactose Defense Capsule 32/Box","32/bx","","","Probiotics and Digestive Aids","20","false","medline-otc-2020","Digestive Advanced ® Lactose Defense Capsule 32/Box 	32/bx"
"OTC001112","Geritol ® Liquid 12-oz.","12 oz","","","Vitamins & Minerals","14","false","medline-otc-2020","Geritol ® Liquid 12-oz. 	12 oz"
"OTC001164","Digestive Advanced ® Bowel Capsule 32/Box","32/bx","","","Probiotics and Digestive Aids","20","false","medline-otc-2020","Digestive Advanced ® Bowel Capsule 32/Box 	32/bx"
"OTC001167","SPF 30 Sunscreen Lotion 8-oz.","8 oz","","","Sunscreen","30","false","medline-otc-2020","SPF 30 Sunscreen Lotion 8-oz. 	8 oz"
"OTC001174","SPF 50 Sunscreen Lotion 8-oz.","8 oz","","","Sunscreen","30","false","medline-otc-2020","SPF 50 Sunscreen Lotion 8-oz. 	8 oz"
"OTC001228","Aloe Vera Gel 16-oz.","16oz","","","Pain Relief","24","false","medline-otc-2020","Aloe Vera Gel 16-oz. 	16oz"
"OTC001235","Aloe Vera Gel With Lidocaine 8-oz","8oz","","","Pain Relief","24","false","medline-otc-2020","Aloe Vera Gel With Lidocaine 8-oz 	8oz"
"OTC001256","Cold & Hot Patch Medicated Small 5/Box","5/bx","","Icy Hot ® Patch","Pain Relief Patches","12","false","medline-otc-2020","Cold & Hot Patch Medicated Small 5/Box 	5/bx 	Icy Hot ® Patch"
"OTC001461","Digestive Advanced ® Constipation Capsule 30/Box","30/bx","","","Probiotics and Digestive Aids","20","false","medline-otc-2020","Digestive Advanced ® Constipation Capsule 30/Box 	30/bx"
"OTC001488","Antacid & Pain Relief Effervescent Tablet","36/bx","","Alka-Seltzer ®","Antacids/Anti-Gas","3","false","medline-otc-2020","Antacid & Pain Relief Effervescent Tablet 	36/bx 	Alka-Seltzer ®"
"OTC001530","Azo Urinary Pain Relief Tablet 30/Box","30/bx","","","Supplements","17","false","medline-otc-2020","Azo Urinary Pain Relief Tablet 30/Box 	30/bx"
"OTC001540","Fish Oil Omega-3 1600 mg/5 ml Liquid 200 ml","200 ml","","","Supplements","17","false","medline-otc-2020","Fish Oil Omega-3 1600 mg/5 ml Liquid 200 ml 	200 ml"
"OTC001669","Digestive Advanced ® Daily Capsule 30/Box","30/bx","","","Probiotics and Digestive Aids","20","false","medline-otc-2020","Digestive Advanced ® Daily Capsule 30/Box 	30/bx"
"OTC001766","Multi-Vitamin Adult Raspberry Flavor Gummy 60/Bottle","60/bt","","","Vitamins & Minerals","14","false","medline-otc-2020","Multi-Vitamin Adult Raspberry Flavor Gummy 60/Bottle 	60/bt"
"OTC001904","Petroleum Jelly 4-oz. Jar","4 oz","","Vaseline ®","Skin Protectants","25","false","medline-otc-2020","Petroleum Jelly 4-oz. Jar 	4 oz 	Vaseline ®"
"OTC00228","TheraTears Lubricant Opthalmic Gel Unit Dose 28/Box","28/bx","","","Ophthalmics","26","false","medline-otc-2020","TheraTears Lubricant Opthalmic Gel Unit Dose 28/Box 	28/bx"
"OTC002515","Neo-Synephrine ® 0.25% Mild Nasal Spray 15 ml","15 ml","","","Cold, Cough & Allergy","9","false","medline-otc-2020","Neo-Synephrine ® 0.25% Mild Nasal Spray 15 ml 	15 ml"
"OTC002904","Shampoo + Conditioner Dandruff","14.2 oz","","","Oral Care","30","false","medline-otc-2020","Shampoo + Conditioner Dandruff 	14.2 oz"
"OTC003013Z","Medi-Lyte Electrolyte Replenisher 2 x 250 Unit Dose Tablet, 250 Unit Dose/Box","250UD/bx","","","Unit Dose Medications","32","false","medline-otc-2020","Medi-Lyte Electrolyte Replenisher 2 x 250 Unit Dose Tablet, 250 Unit Dose/Box 	250UD/bx"
"OTC003436","Bite Relief Medicated Ointment","1.75oz","","","Pain Relief","24","false","medline-otc-2020","Bite Relief Medicated Ointment 	1.75oz"
"OTC003489","LiceMD ® Head Lice Treatment 4-oz.","4 oz","","","Lice Treatment","29","false","medline-otc-2020","LiceMD ® Head Lice Treatment 4-oz. 	4 oz"
"OTC003680","Medicated Lip Treatment 2 x 0.35 oz","2/bx","","Carmex ®","Lip Protectant","25","false","medline-otc-2020","Medicated Lip Treatment 2 x 0.35 oz 	2/bx 	Carmex ®"
"OTC0039850","Meclizine 12.5 mg Anti-Nausea Tablet 100/Bottle","100/bt","","Bonine","Anti-Nausea","4","false","medline-otc-2020","Meclizine 12.5 mg Anti-Nausea Tablet 100/Bottle 	100/bt 	Bonine"
"OTC0039905","Meclizine 25 mg Anti-Nausea Chewables 100/Bottle","100/bt","","Bonine","Anti-Nausea","4","false","medline-otc-2020","Meclizine 25 mg Anti-Nausea Chewables 100/Bottle 	100/bt 	Bonine"
"OTC004064","Waxed Dental Floss Mint Flavor 100 Yards","100 yd 2/pk","","","Oral Care","30","false","medline-otc-2020","Waxed Dental Floss Mint Flavor 100 Yards 	100 yd 2/pk"
"OTC004311","Toothbrush Soft 2/Pack","2/pk","","","Oral Care","30","false","medline-otc-2020","Toothbrush Soft 2/Pack 	2/pk"
"OTC004328","Toothbrush Medium 2/Pack","2/pk","","","Oral Care","30","false","medline-otc-2020","Toothbrush Medium 2/Pack 	2/pk"
"OTC0044091","Vitamin B-6 100 mg Tablet 100/Bottle","100/bt","","","Vitamins & Minerals","15","false","medline-otc-2020","Vitamin B-6 100 mg Tablet 100/Bottle 	100/bt"
"OTC004458","Flossers Mint Flavor 90/Bag","90/bg","","","Oral Care","30","false","medline-otc-2020","Flossers Mint Flavor 90/Bag 	90/bg"
"OTC004557","SPF 50 Sunscreen Sport Stick 0.5-oz.","0.5 oz","","","Sunscreen","30","false","medline-otc-2020","SPF 50 Sunscreen Sport Stick 0.5-oz. 	0.5 oz"
"OTC0047982","Vitamin E 200 IU Softgel 100/Bottle","100/bt","","","Vitamins & Minerals","16","false","medline-otc-2020","Vitamin E 200 IU Softgel 100/Bottle 	100/bt"
"OTC005015","Neo-Synephrine ® 0.5% Regular Nasal Spray 15 ml","15 ml","","","Cold, Cough & Allergy","9","false","medline-otc-2020","Neo-Synephrine ® 0.5% Regular Nasal Spray 15 ml 	15 ml"
"OTC005035","Calcium Chews Chocolate Flavor 60/Bottle","60/bt","","","Calcium","19","false","medline-otc-2020","Calcium Chews Chocolate Flavor 60/Bottle 	60/bt"
"OTC005140","Tolnaftate 1% Cream 1.25oz. Tube","1.25 oz","","Tinactin","Anti-Fungals","23","false","medline-otc-2020","Tolnaftate 1% Cream 1.25oz. Tube 	1.25 oz 	Tinactin"
"OTC005603","Acetaminophen 160 mg/5 ml Infant Suspension 30 ml","30 ml","","Tylenol ® Infant Drops","Acetaminophen","10","false","medline-otc-2020","Acetaminophen 160 mg/5 ml Infant Suspension 30 ml 	30 ml 	Tylenol ® Infant Drops"
"OTC005662","Night Time Cold and Flu Softgels 24/Box","24/bx","","Vicks ® NyQuil ® Cold & Flu","Cold, Cough & Allergy","9","false","medline-otc-2020","Night Time Cold and Flu Softgels 24/Box 	24/bx 	Vicks ® NyQuil ® Cold & Flu"
"OTC005820","Aspercreme With Lidocaine 4% Cream 2.7-oz.","2.7oz","","","Pain Relief","24","false","medline-otc-2020","Aspercreme With Lidocaine 4% Cream 2.7-oz. 	2.7oz"
"OTC005964","Melatonin 10 mg + Vitamin B-6 Time Release Tablet 60/Bottle","60/bt","","","Supplements","18","false","medline-otc-2020","Melatonin 10 mg + Vitamin B-6 Time Release Tablet 60/Bottle 	60/bt"
"OTC00601","Phos-NaK Powder 1.5 gm Packets 100/Box","100/bx","","","Unit Dose Medications","32","false","medline-otc-2020","Phos-NaK Powder 1.5 gm Packets 100/Box 	100/bx"
"OTC006135","Famotidine 20 mg Tablet 50/Bottle","50/bt","","Maximum Strength Pepcid","Antacids/Anti-Gas","3","false","medline-otc-2020","Famotidine 20 mg Tablet 50/Bottle 	50/bt 	Maximum Strength Pepcid"
"OTC006162","Calcium Carbonate Antacid 1177 mg Soft Chew 36/Bag","36/bag","","Tums Chewy Delights ®","Antacids/Anti-Gas","3","false","medline-otc-2020","Calcium Carbonate Antacid 1177 mg Soft Chew 36/Bag 	36/bag 	Tums Chewy Delights ®"
"OTC006396","Medicated Chest Rub 3.53-oz.","3.53 oz","","Vicks ® Vap-O-Rub","Cold, Cough & Allergy","8","false","medline-otc-2020","Medicated Chest Rub 3.53-oz. 	3.53 oz 	Vicks ® Vap-O-Rub"
"OTC006643","Epsom Salt","16 oz","","","Other","12","false","medline-otc-2020","Epsom Salt 	16 oz"
"OTC006902","Lip Balm Tropical 45 SPF 0.15 oz","0.15 oz","","","Lip Protectant","25","false","medline-otc-2020","Lip Balm Tropical 45 SPF 0.15 oz 	0.15 oz"
"OTC007313Z","Back Pain-Off 2 x Magnesium Salicylate 290mg, Acetaminophen 250mg, Caffeine 50mg Unit Dose Tablet, 250 Unit Dose/Box","250UD/bx","","","Unit Dose Medications","32","false","medline-otc-2020","Back Pain-Off 2 x Magnesium Salicylate 290mg, Acetaminophen 250mg, Caffeine 50mg Unit Dose Tablet, 250 Unit Dose/Box 250UD/bx"
"OTC007435","Lip Balm Moisture 15 SPF 0.15 oz","0.15 oz","","Chapstick ®","Lip Protectant","25","false","medline-otc-2020","Lip Balm Moisture 15 SPF 0.15 oz 	0.15 oz 	Chapstick ®"
"OTC007992","Oatmeal Soothing Bath Treatment 8 Single Use Packages","1 bx","","Aveeno ® Soothing Bath Treatment","Anti-Itch","23","false","medline-otc-2020","Oatmeal Soothing Bath Treatment 8 Single Use Packages 	1 bx 	Aveeno ® Soothing Bath Treatment"
"OTC008100","Miconazole 3-Day Vaginal Supplement Cream","3/bx","","Monistat ® 3","Anti-Fungals","23","false","medline-otc-2020","Miconazole 3-Day Vaginal Supplement Cream 	3/bx 	Monistat ® 3"
"OTC0081002","Mucinex ® 600 mg Tablet 100/Box","100/bx","","","Cold, Cough & Allergy","8","false","medline-otc-2020","Mucinex ® 600 mg Tablet 100/Box 	100/bx"
"OTC008400","Mucinex ® 600 mg Tablet 40/Box","40/bx","","","Cold, Cough & Allergy","8","false","medline-otc-2020","Mucinex ® 600 mg Tablet 40/Box 	40/bx"
"OTC008515","Alcon ® Naphcon A® Eye Allergy Relief 15 ml","15 ml","","","Ophthalmics","26","false","medline-otc-2020","Alcon ® Naphcon A® Eye Allergy Relief 15 ml 	15 ml"
"OTC009185","Aluminum Hydroxide Antacid SF Gel 16oz","16 oz","","Amphojel","Antacids/Anti-Gas","3","false","medline-otc-2020","Aluminum Hydroxide Antacid SF Gel 16oz 	16 oz 	Amphojel"
"OTC009660","Feosol ® Carbonyl Iron 45 mg Caplet 60/Bottle","60/bt","","","Iron","19","false","medline-otc-2020","Feosol ® Carbonyl Iron 45 mg Caplet 60/Bottle 	60/bt"
"OTC010002","Benzoin Compund Tincture","2 oz","","","Anti-Infective","22","false","medline-otc-2020","Benzoin Compund Tincture 	2 oz"
"OTC010015","Neo-Synephrine ® 1% Extra Strength Nasal Spray 15 ml","15 ml","","","Cold, Cough & Allergy","9","false","medline-otc-2020","Neo-Synephrine ® 1% Extra Strength Nasal Spray 15 ml 	15 ml"
"OTC010162","Complete Lice Treatment 3 Pack Kit","3 pk","","","Lice Treatment","29","false","medline-otc-2020","Complete Lice Treatment 3 Pack Kit 	3 pk"
"OTC011060","Salonpas Camphor/Menthol/Methylsalic Patch 60/Box","60/bx","","","Pain Relief Patches","12","false","medline-otc-2020","Salonpas Camphor/Menthol/Methylsalic Patch 60/Box 	60/bx"
"OTC011703","Lansoprazole 15 mg Delayed Release Caplet 42/Box","42/bx","","Prevacid ®","Antacids/Anti-Gas","3","false","medline-otc-2020","Lansoprazole 15 mg Delayed Release Caplet 42/Box 	42/bx 	Prevacid ®"
"OTC011883","Tums Ultra Assorted Fruit 72ct","72/bt OTC080905 OTC001488 OTC091503 OTC55010 OTC700286 Provide fast and effective relief for heartburn, ulcers, gas and more. Description","","Pkg. Compare To Acid Gone Antacid Chewable Tablets 100/Bottle 100/bt Tums® Acid Gone Antacid Liquid 12-oz. 12 oz Gaviscon® Aluminum Hydroxide Antacid SF Gel 16oz 16 oz Amphojel OTC080905 OTC001488 OTC091503 OTC55010 OTC700286","Antacids/Anti-Gas","3","false","medline-otc-2020","Tums Ultra Assorted Fruit 72ct 	72/bt OTC080905 OTC001488 OTC091503 OTC55010 OTC700286 Provide fast and effective relief for heartburn, ulcers, gas and more. Description 	Pkg. 	Compare To Acid Gone Antacid Chewable Tablets 100/Bottle 	100/bt 	Tums® Acid Gone Antacid Liquid 12-oz. 	12 oz 	Gaviscon® Aluminum Hydroxide Antacid SF Gel 16oz 	16 oz 	Amphojel OTC080905 OTC001488 OTC091503 OTC55010 OTC700286"
"OTC012104","Actidose-Aqua 25 gm Suspension Bottle 120 ml","120 ml","","","Activated Charcoal","29","false","medline-otc-2020","Actidose-Aqua 25 gm Suspension Bottle 120 ml 	120 ml"
"OTC012125","Actidose-Aqua 15 gm Suspension Tube 72 ml","72 ml","","","Activated Charcoal","29","false","medline-otc-2020","Actidose-Aqua 15 gm Suspension Tube 72 ml 	72 ml"
"OTC012176","Actidose-Aqua 50 gm Suspension Tube 240 ml","240 ml","","","Activated Charcoal","29","false","medline-otc-2020","Actidose-Aqua 50 gm Suspension Tube 240 ml 	240 ml"
"OTC012225","Activated Charcoal Pleet 25 gm","25 gm","","","Activated Charcoal","29","false","medline-otc-2020","Activated Charcoal Pleet 25 gm 	25 gm"
"OTC01224","Chlorpheniramine-M 4 mg Tablet 24/Box","24/bx","","Chlor-Trimeton ®","Cold, Cough & Allergy","7","false","medline-otc-2020","Chlorpheniramine-M 4 mg Tablet 24/Box 	24/bx 	Chlor-Trimeton ®"
"OTC012326","Garlic 1000 mg Softgel 100/Bottle","100/bt","","","Supplements","17","false","medline-otc-2020","Garlic 1000 mg Softgel 100/Bottle 	100/bt"
"OTC012413","Cold & Hot Patch Medicated Large 5/Box","5/bx","","Icy Hot Patch","Pain Relief Patches","12","false","medline-otc-2020","Cold & Hot Patch Medicated Large 5/Box 	5/bx 	Icy Hot Patch"
"OTC012950","Floranex™ Probiotic Tablet 50/Bottle","50/bt","","","Probiotics and Digestive Aids","20","false","medline-otc-2020","Floranex™ Probiotic Tablet 50/Bottle 	50/bt"
"OTC014283","Calamine Lotion 6-oz. Bottle","6 oz","","","Skin Protectants","25","false","medline-otc-2020","Calamine Lotion 6-oz. Bottle 	6 oz"
"OTC014654","Mucinex ® Adult Congestion & Cough Liquid 6-oz.","6 oz","","","Cold, Cough & Allergy","8","false","medline-otc-2020","Mucinex ® Adult Congestion & Cough Liquid 6-oz. 	6 oz"
"OTC015002","Cold Multi-Symptom Day/Night Caplet 20/Box","20/bx","","DayQuil ®","Cold, Cough & Allergy","7","false","medline-otc-2020","Cold Multi-Symptom Day/Night Caplet 20/Box 	20/bx 	DayQuil ®"
"OTC015201","Garlic Oil 500 mg Softgel 100/Bottle","100/bt 18","","MEDLINE","Supplements","17","false","medline-otc-2020","Garlic Oil 500 mg Softgel 100/Bottle 	100/bt 18 	MEDLINE"
"OTC015336","Senna Syrup 8-oz. Bottle","8 oz","","Senokot ®","Senna","6","false","medline-otc-2020","Senna Syrup 8-oz. Bottle 	8 oz 	Senokot ®"
"OTC015489","Advil ® 2 x 200 mg Tablet in Unit Dose Packets 50/Box; 24 Box/Case","24bx/cs","","","Unit Dose Medications","32","false","medline-otc-2020","Advil ® 2 x 200 mg Tablet in Unit Dose Packets 50/Box; 24 Box/Case 	24bx/cs"
"OTC015651","Mucinex ® Adult Cold, Flu, & Sore Throat Liquid 6-oz.","6 oz","","","Cold, Cough & Allergy","8","false","medline-otc-2020","Mucinex ® Adult Cold, Flu, & Sore Throat Liquid 6-oz. 	6 oz"
"OTC016155","Triple Antibiotic and Pain Relief Ointment","1oz","","Neosporin®","Pain Relief","24","false","medline-otc-2020","Triple Antibiotic and Pain Relief Ointment 	1oz 	Neosporin®"
"OTC016280","Benefiber ® Sugar Free Unflavored Sticks 28ct","28/bx","","","Fiber","5","false","medline-otc-2020","Benefiber ® Sugar Free Unflavored Sticks 28ct 	28/bx"
"OTC016288","Plan B One-Step ® 1.5 mg Tablet 1/Box","1/bx","","","Emergency Contraception","30","false","medline-otc-2020","Plan B One-Step ® 1.5 mg Tablet 1/Box 	1/bx"
"OTC017518","Eye Wash Solution 1-oz.","1 oz","","","Ophthalmics","26","false","medline-otc-2020","Eye Wash Solution 1-oz. 	1 oz"
"OTC017824","Tums Ex-Assorted Berries 3-roll/24 tablets","1pk","","","Antacids/Anti-Gas","3","false","medline-otc-2020","Tums Ex-Assorted Berries 3-roll/24 tablets 	1pk"
"OTC017990","Centrum ® Silver Adults 50 Plus Tablet 220/Bottle","220/bt","","","Vitamins & Minerals","14","false","medline-otc-2020","Centrum ® Silver Adults 50 Plus Tablet 220/Bottle 	220/bt"
"OTC018105","Artificial Tears Lubricating Opthalmic Drops 15 ml","15 ml","","Visine Tears ® Eye Drops","Ophthalmics","26","false","medline-otc-2020","Artificial Tears Lubricating Opthalmic Drops 15 ml 	15 ml 	Visine Tears ® Eye Drops"
"OTC018447H","Diphenhydramine 1 x 25 mg Tablet Unit Dose Caplet 200/Box","200UD/bx Benadryl ®","","","Unit Dose Medications","32","false","medline-otc-2020","Diphenhydramine 1 x 25 mg Tablet Unit Dose Caplet 200/Box 	200UD/bx Benadryl ®"
"OTC018516","Mineral Oil Light 16-oz.","16 oz","","","Miscellaneous Laxatives","6","false","medline-otc-2020","Mineral Oil Light 16-oz. 	16 oz"
"OTC018669","Mucinex ® Adult DM Liquid 6-oz.","6 oz","","","Cold, Cough & Allergy","8","false","medline-otc-2020","Mucinex ® Adult DM Liquid 6-oz. 	6 oz"
"OTC019697","Mucinex ® Adult Congestion & Cough Liquid 9-oz.","9 oz","","","Cold, Cough & Allergy","8","false","medline-otc-2020","Mucinex ® Adult Congestion & Cough Liquid 9-oz. 	9 oz"
"OTC01984","Aleve ® 1 x 220 mg Tablet in Unit Dose Packets 50/Box; 36 Box/Case","36bx/cs","","","Unit Dose Medications","32","false","medline-otc-2020","Aleve ® 1 x 220 mg Tablet in Unit Dose Packets 50/Box; 36 Box/Case 	36bx/cs"
"OTC019920CS","Ibuprofen 200 mg SG 20/Bottle 24/Case","20/bt 24/cs","","Advil","Ibuprofen","11","false","medline-otc-2020","Ibuprofen 200 mg SG 20/Bottle 24/Case 	20/bt 24/cs 	Advil"
"OTC020001","Abreva ® Cream Cold Sore/Fever Blister Treatment 2gm","2 gm","","","Lip Protectant","25","false","medline-otc-2020","Abreva ® Cream Cold Sore/Fever Blister Treatment 2gm 	2 gm"
"OTC020010","Flonase Allergy Relief Nasal Spray 120 Sprays","120 Spray","","","Nasal Care","27","false","medline-otc-2020","Flonase Allergy Relief Nasal Spray 120 Sprays 	120 Spray"
"OTC020020","Flonase Allergy Relief Nasal Spray 60 Sprays","60 Spray","","","Nasal Care","27","false","medline-otc-2020","Flonase Allergy Relief Nasal Spray 60 Sprays 	60 Spray"
"OTC020108","Insta-Char 50 gm Suspension 240 ml","240 ml","","","Activated Charcoal","29","false","medline-otc-2020","Insta-Char 50 gm Suspension 240 ml 	240 ml"
"OTC020208","Acetaminophen 500 mg/15 ml Liquid 8-oz.","8 oz","","Extra Strength Tylenol","Acetaminophen","10","false","medline-otc-2020","Acetaminophen 500 mg/15 ml Liquid 8-oz. 	8 oz 	Extra Strength Tylenol"
"OTC02066","Bayer ® Aspirin 2 x 325 mg Tablet in Unit Dose Packets 50/Box; 36 Box/Case","36bx/cs","","","Unit Dose Medications","32","false","medline-otc-2020","Bayer ® Aspirin 2 x 325 mg Tablet in Unit Dose Packets 50/Box; 36 Box/Case 	36bx/cs"
"OTC021006","Salonpas Camphor/Menthol/Methylsalic Patch 6/Box","6/bx","","","Pain Relief Patches","12","false","medline-otc-2020","Salonpas Camphor/Menthol/Methylsalic Patch 6/Box 	6/bx"
"OTC021771Z","Guaifenesin with Dextromethorphan 200/20MG UD","20 mg","","","Cold, Cough & Allergy","8","false","medline-otc-2020","Guaifenesin with Dextromethorphan 200/20MG UD 	20 mg"
"OTC022013Z","Diotame 2 x Bismuth Subsalicylate 262mg Unit Dose Chew Tablets, 250 Unit Dose/Box","250UD/bx","","","Unit Dose Medications","32","false","medline-otc-2020","Diotame 2 x Bismuth Subsalicylate 262mg Unit Dose Chew Tablets, 250 Unit Dose/Box 	250UD/bx"
"OTC022063","Clotrimazole Vaginal Cream 45 gm","45 gm","","Gyne-Lotrimin ® Vaginal Cream","Anti-Fungals","23","false","medline-otc-2020","Clotrimazole Vaginal Cream 45 gm 	45 gm 	Gyne-Lotrimin ® Vaginal Cream"
"OTC022101","Acetaminophen 500 mg Caplet 100/Bottle","100/bt","","Extra Strength Tylenol","Acetaminophen","10","false","medline-otc-2020","Acetaminophen 500 mg Caplet 100/Bottle 	100/bt 	Extra Strength Tylenol"
"OTC022301","Glucosamine 500 mg with Chondroitin 400 mg Caplet 60/Bottle","60/bt","","","Supplements","18","false","medline-otc-2020","Glucosamine 500 mg with Chondroitin 400 mg Caplet 60/Bottle 	60/bt"
"OTC022401","Acetaminophen-PM 500 mg Caplet 100/Bottle","100/bt Tylenol PM","","","Other","12","false","medline-otc-2020","Acetaminophen-PM 500 mg Caplet 100/Bottle 	100/bt Tylenol PM"
"OTC022510","Simethicone 80 mg Chewable Tablet Unit Dose 100/Box","100UD/bx","","Gas-X","Antacids/Anti-Gas","3","false","medline-otc-2020","Simethicone 80 mg Chewable Tablet Unit Dose 100/Box 	100UD/bx 	Gas-X"
"OTC022640","Melatonin 3 mg Tablet 200/Bottle","200/bt","","","Supplements","18","false","medline-otc-2020","Melatonin 3 mg Tablet 200/Bottle 	200/bt"
"OTC022813","Pain-Off(R) 2 x Acetaminophen 250mg, Aspirin 250mg, Caffeine 65mg Unit Dose Tablet, 250 Unit Dose/Box","250UD/bx","","Excedrin ®","Unit Dose Medications","32","false","medline-otc-2020","Pain-Off(R) 2 x Acetaminophen 250mg, Aspirin 250mg, Caffeine 65mg Unit Dose Tablet, 250 Unit Dose/Box 250UD/bx Excedrin ®"
"OTC02303","Oral Pain Relief Benzocaine 20% Gel","0.33 oz","","Orajel ®","Oral Care","30","false","medline-otc-2020","Oral Pain Relief Benzocaine 20% Gel 	0.33 oz 	Orajel ®"
"OTC024402","Medi-First Antiseptic Spray","2oz","","","Pain Relief","24","false","medline-otc-2020","Medi-First Antiseptic Spray 	2oz"
"OTC024601","Tums Smoothies Assorted Fruit 12ct","12/bt","","","Antacids/Anti-Gas","3","false","medline-otc-2020","Tums Smoothies Assorted Fruit 12ct 	12/bt"
"OTC02479","Zeasorb ® AF Powder Jock Itch 2-oz.","2 oz","","","Anti-Fungals","23","false","medline-otc-2020","Zeasorb ® AF Powder Jock Itch 2-oz. 	2 oz"
"OTC025237","Miconazole Nitrate 2% Cream 45 gm","1.59 oz","","Monistat ® 7","Anti-Fungals","23","false","medline-otc-2020","Miconazole Nitrate 2% Cream 45 gm 	1.59 oz 	Monistat ® 7"
"OTC026646","Fish Oil 1200 mg Burpless Softgel 120/Bottle","120/bt","","","Supplements","17","false","medline-otc-2020","Fish Oil 1200 mg Burpless Softgel 120/Bottle 	120/bt"
"OTC027760","Vitamin E 1000 IU Softgel 100/Bottle","100/bt","","","Vitamins & Minerals","16","false","medline-otc-2020","Vitamin E 1000 IU Softgel 100/Bottle 	100/bt"
"OTC027953","Hemorrhoidal Suppository 12/Box","12/bx","","Preparation-H ®","Other","12","false","medline-otc-2020","Hemorrhoidal Suppository 12/Box 	12/bx 	Preparation-H ®"
"OTC027962","Hemorrhoidal Suppository 24/Box","24/bx","","Preparation-H OTC058404","Other","12","false","medline-otc-2020","Hemorrhoidal Suppository 24/Box 	24/bx 	Preparation-H OTC058404"
"OTC030170","OCuSOFT® Foaming Eye Lid Cleanser 7.2-oz.","7.2 oz","","","Ophthalmics","26","false","medline-otc-2020","OCuSOFT® Foaming Eye Lid Cleanser 7.2-oz. 	7.2 oz"
"OTC030601","Polyethylene Glycol Powder 4.1-oz.","4.1 oz","","Miralax ®","Polyethylene Glycol","6","false","medline-otc-2020","Polyethylene Glycol Powder 4.1-oz. 	4.1 oz 	Miralax ®"
"OTC030602","Polyethylene Glycol Powder 8.3-oz.","8.3 oz","","Miralax","Polyethylene Glycol","6","false","medline-otc-2020","Polyethylene Glycol Powder 8.3-oz. 	8.3 oz 	Miralax"
"OTC030603","Polyethylene Glycol Powder 17.9-oz.","17.9 oz","","Miralax","Polyethylene Glycol","6","false","medline-otc-2020","Polyethylene Glycol Powder 17.9-oz. 	17.9 oz 	Miralax"
"OTC030898","Witch Hazel Hemorrhoidal Pads","100/jar Tucks ®","","","Pain Relief","24","false","medline-otc-2020","Witch Hazel Hemorrhoidal Pads 	100/jar Tucks ®"
"OTC032302","Boudreaux’s Butt Paste ® Maximum Strength 2-oz.","2 oz","","","Skin Protectants","25","false","medline-otc-2020","Boudreaux’s Butt Paste ® Maximum Strength 2-oz. 	2 oz"
"OTC032564","Medi-Acid Reducer Ranitidine 150mg Tablet Blisterpack, 24/Box","24/bx","","Zantac ® 150","Antacids/Anti-Gas","3","false","medline-otc-2020","Medi-Acid Reducer Ranitidine 150mg Tablet Blisterpack, 24/Box 	24/bx 	Zantac ® 150"
"OTC033506","Clotrimazole 1% Cream 0.5-oz. Tube","0.5 oz","","Lotrimin ® AF","Anti-Fungals","23","false","medline-otc-2020","Clotrimazole 1% Cream 0.5-oz. Tube 	0.5 oz 	Lotrimin ® AF"
"OTC033511","Black Cohosh 540 mg Capsule 100/Bottle","100/bt","","","Supplements","17","false","medline-otc-2020","Black Cohosh 540 mg Capsule 100/Bottle 	100/bt"
"OTC034405","Nicotine 2 mg Mint Lozenge 72/Pack","72/pk","","","Smoking Cessation","29","false","medline-otc-2020","Nicotine 2 mg Mint Lozenge 72/Pack 	72/pk"
"OTC034806","Barrier Spray Zinc Oxide 10% 6-oz.","6 oz","","","Skin Protectants","25","false","medline-otc-2020","Barrier Spray Zinc Oxide 10% 6-oz. 	6 oz"
"OTC035740","Antacid/Antigas Regular Strength Original Liquid 12-oz.","12 oz","","Mylanta","Antacids/Anti-Gas","3","false","medline-otc-2020","Antacid/Antigas Regular Strength Original Liquid 12-oz. 	12 oz 	Mylanta"
"OTC036311","0869-2452-10 OTC030602 OTC240205 ANTI-DIARRHEA/ANTI-NAUSEA/LAXATIVES 8","MEDLINE Treat these common ailments with dependable remedies.","","","Miscellaneous Laxatives","6","false","medline-otc-2020","0869-2452-10 OTC030602 OTC240205 ANTI-DIARRHEA/ANTI-NAUSEA/LAXATIVES 8 	MEDLINE Treat these common ailments with dependable remedies."
"OTC036374","Culturelle ® Immunity Probiotic Capsule 30/Box","30/bx","","","Probiotics and Digestive Aids","20","false","medline-otc-2020","Culturelle ® Immunity Probiotic Capsule 30/Box 	30/bx"
"OTC037706","Sore Throat Spray Menthol 6-oz.","6 oz","","Cepacol","Cold, Cough & Allergy","9","false","medline-otc-2020","Sore Throat Spray Menthol 6-oz. 	6 oz 	Cepacol"
"OTC037926","Diphenhydramine 12.5 mg/5 ml Cherry Flavor 4-oz.","4 oz","","Children's Benadryl ®","Cold, Cough & Allergy","7","false","medline-otc-2020","Diphenhydramine 12.5 mg/5 ml Cherry Flavor 4-oz. 	4 oz 	Children's Benadryl ®"
"OTC038196","Loperamide HCL 2 mg Caplet 96/Bottle","96/bt","","Imodium AD","Anti-Diarrheals","4","false","medline-otc-2020","Loperamide HCL 2 mg Caplet 96/Bottle 	96/bt 	Imodium AD"
"OTC039004","Antibacterial Wound Wash Benzalkonium Chloride 0.13%, 4oz","4 oz","","","Miscellaneous","25","false","medline-otc-2020","Antibacterial Wound Wash Benzalkonium Chloride 0.13%, 4oz 4 oz"
"OTC039640","Milk Of Magnesia 12-oz. Bottle","12 oz","","Phillips’® Milk of Magnesia","Antacids/Anti-Gas","3","false","medline-otc-2020","Milk Of Magnesia 12-oz. Bottle 	12 oz 	Phillips’® Milk of Magnesia"
"OTC040101","Docusate Sodium 100 mg Softgel 100/Bottle","100/bt","","Colace","Docusate Sodium","5","false","medline-otc-2020","Docusate Sodium 100 mg Softgel 100/Bottle 	100/bt 	Colace"
"OTC040110","Docusate Sodium 100 mg Softgel 1000/Bottle","1000/bt","","Colace","Docusate Sodium","5","false","medline-otc-2020","Docusate Sodium 100 mg Softgel 1000/Bottle 	1000/bt 	Colace"
"OTC040330","Refresh Plus Opthalmic Drop 30 x 0.4 ml Unit Dose","30UD/bx","","","Ophthalmics","26","false","medline-otc-2020","Refresh Plus Opthalmic Drop 30 x 0.4 ml Unit Dose 	30UD/bx"
"OTC040501","Poly-Vi-Sol ® with Iron Drops 50 ml","50 ml","","","Vitamins & Minerals","15","false","medline-otc-2020","Poly-Vi-Sol ® with Iron Drops 50 ml 	50 ml"
"OTC040828","Cinnamon 500 mg Caplet 100/Bottle","100/bt","","","Supplements","17","false","medline-otc-2020","Cinnamon 500 mg Caplet 100/Bottle 	100/bt"
"OTC041663","GenTeal Tears Moderate Opthalmic Drops 36 x 0.9 ml","36UD/bx","","","Ophthalmics","26","false","medline-otc-2020","GenTeal Tears Moderate Opthalmic Drops 36 x 0.9 ml 	36UD/bx"
"OTC041881","GenTeal ® Tears Mild Opthalmic Drops 15 ml","15 ml","","","Ophthalmics","26","false","medline-otc-2020","GenTeal ® Tears Mild Opthalmic Drops 15 ml 	15 ml"
"OTC042016","Mag-Tab® Slow Release 84 mg Caplet 60/Bottle","60/bt","","","Magnesium","20","false","medline-otc-2020","Mag-Tab® Slow Release 84 mg Caplet 60/Bottle 	60/bt"
"OTC042101","Docusate Sodium 100 mg Tablet 100/Bottle","100/bt","","Colace ®","Docusate Sodium","5","false","medline-otc-2020","Docusate Sodium 100 mg Tablet 100/Bottle 	100/bt 	Colace ®"
"OTC042501","Docusate Sodium 250 mg Softgel 100/Bottle","100/bt","","Colace","Docusate Sodium","5","false","medline-otc-2020","Docusate Sodium 250 mg Softgel 100/Bottle 	100/bt 	Colace"
"OTC042513Z","Decorel Forte Plus Severe Cold & Cough Relief 2 x 250 Unit Dose Tablet, 250 Unit Dose/Box","250UD/bx","","","Unit Dose Medications","32","false","medline-otc-2020","Decorel Forte Plus Severe Cold & Cough Relief 2 x 250 Unit Dose Tablet, 250 Unit Dose/Box 	250UD/bx"
"OTC042553","Fexofenadine HCL 60 mg 12-Hour Tablet 12/Box","12/bx","","Allegra","Cold, Cough & Allergy","8","false","medline-otc-2020","Fexofenadine HCL 60 mg 12-Hour Tablet 12/Box 	12/bx 	Allegra"
"OTC042636","GenTeal Tears Moderate Opthalmic Drops 15 ml","15 ml","","","Ophthalmics","26","false","medline-otc-2020","GenTeal Tears Moderate Opthalmic Drops 15 ml 	15 ml"
"OTC04286","Menthol 2.5% Vanishing Scent Gel 3-oz. Tube","3oz","","Bengay Vanishing Scent","Pain Relief","24","false","medline-otc-2020","Menthol 2.5% Vanishing Scent Gel 3-oz. Tube 	3oz 	Bengay Vanishing Scent"
"OTC042947","GenTeal Tears Severe Opthalmic Gel 10 gm","10 gm","","","Ophthalmics","26","false","medline-otc-2020","GenTeal Tears Severe Opthalmic Gel 10 gm 	10 gm"
"OTC043130","Milk Of Magnesia 400 mg/5 ml Unit Dose 100 x 30 ml","100UD/bx","","","Unit Dose Medications","32","false","medline-otc-2020","Milk Of Magnesia 400 mg/5 ml Unit Dose 100 x 30 ml 	100UD/bx"
"OTC043805","Hydrocortisone 1%, Cream 1-lb.","1 lb","","Cortaid ®","Anti-Itch","23","false","medline-otc-2020","Hydrocortisone 1%, Cream 1-lb. 	1 lb 	Cortaid ®"
"OTC044909","Fiber Laxative 625 mg Caplet 90/Bottle","90/bt","","FiberCon ®","Fiber","5","false","medline-otc-2020","Fiber Laxative 625 mg Caplet 90/Bottle 	90/bt 	FiberCon ®"
"OTC045510","Senna S Tablet 1000/Bottle","1000/bt","","Senokot-S","Senna with Docusate","6","false","medline-otc-2020","Senna S Tablet 1000/Bottle 	1000/bt 	Senokot-S"
"OTC045940","Night Time Cold and Flu Liquid 12oz Cherry Flavor","12 oz","","Vicks ® NyQuil ® Cold & Flu","Cold, Cough & Allergy","9","false","medline-otc-2020","Night Time Cold and Flu Liquid 12oz Cherry Flavor 	12 oz 	Vicks ® NyQuil ® Cold & Flu"
"OTC047915Z","Medi-Meclizine 1 x 25mg Meclizine Unit Dose Tablet, 500 Unit Dose/Box","500UD/bx","","","Unit Dose Medications","32","false","medline-otc-2020","Medi-Meclizine 1 x 25mg Meclizine Unit Dose Tablet, 500 Unit Dose/Box 	500UD/bx"
"OTC050072","Lanacane ® Anti-Itch Maximum Strength Cream 1-oz.","1 oz","","","Anti-Itch","23","false","medline-otc-2020","Lanacane ® Anti-Itch Maximum Strength Cream 1-oz. 	1 oz"
"OTC050650","Refresh ® Classic Opthalmic Drop 50 x 0.4 ml Unit Dose","50UD/bx","","","Ophthalmics","26","false","medline-otc-2020","Refresh ® Classic Opthalmic Drop 50 x 0.4 ml Unit Dose 	50UD/bx"
"OTC051281","Folic Acid 1000 mcg Tablet 100/Bottle","100/bt","","","Supplements","18","false","medline-otc-2020","Folic Acid 1000 mcg Tablet 100/Bottle 	100/bt"
"OTC051651","Anti-Itch Spray Itch-X® 2-oz.","2 oz","","","Anti-Itch","23","false","medline-otc-2020","Anti-Itch Spray Itch-X® 2-oz. 	2 oz"
"OTC052060","Vitamin B-6 50 mg Tablet 100/Bottle","100/bt Vitamin B-12 500 mcg Tablet 100/Bottle","","100/bt Vitamin B-50 Complex Tablet 60/Bottle 60/bt Vitamin B-6 100 mg Tablet 100/Bottle 100/bt 100/bt 100/bt OTC222515 OTC18992 OTC2380","Vitamins & Minerals","15","false","medline-otc-2020","Vitamin B-6 50 mg Tablet 100/Bottle 	100/bt Vitamin B-12 500 mcg Tablet 100/Bottle 	100/bt Vitamin B-50 Complex Tablet 60/Bottle 	60/bt Vitamin B-6 100 mg Tablet 100/Bottle 	100/bt 100/bt 100/bt OTC222515 OTC18992 OTC2380"
"OTC052210","Aspirin 81 mg Enteric Coated Tablet Unit Dose 100/Box","100/bx","","Bayer ® Low Dose","Aspirin","11","false","medline-otc-2020","Aspirin 81 mg Enteric Coated Tablet Unit Dose 100/Box 	100/bx 	Bayer ® Low Dose"
"OTC052403","Terbinafine HCL 1% Cream 1-oz. Tube","1 oz","","Lamisil AT®","Anti-Fungals","23","false","medline-otc-2020","Terbinafine HCL 1% Cream 1-oz. Tube 	1 oz 	Lamisil AT®"
"OTC052504","Sensodyne Ex Whitening Toothpaste 4.0oz","4 oz","","","Oral Care","30","false","medline-otc-2020","Sensodyne Ex Whitening Toothpaste 4.0oz 	4 oz"
"OTC052507","Sensodyne ® Ex Whitening Toothpaste 2.7oz","2.7 oz","","","Oral Care","30","false","medline-otc-2020","Sensodyne ® Ex Whitening Toothpaste 2.7oz 	2.7 oz"
"OTC052560","Vitamin C 250 mg Chewable Tablet 100/Bottle","100/bt","","","Vitamins & Minerals","16","false","medline-otc-2020","Vitamin C 250 mg Chewable Tablet 100/Bottle 	100/bt"
"OTC053501","Benadryl ® 12.5 mg/5 ml Alcohol Sugar and Dye Free Solution 4-oz.","4 oz","","","Cold, Cough & Allergy","7","false","medline-otc-2020","Benadryl ® 12.5 mg/5 ml Alcohol Sugar and Dye Free Solution 4-oz. 	4 oz"
"OTC054662","Ibuprofen 100 mg Chewable Tablet Orange Flavor 24/Bottle","24/bt","","Motrin ® Junior Strength","Ibuprofen","11","false","medline-otc-2020","Ibuprofen 100 mg Chewable Tablet Orange Flavor 24/Bottle 	24/bt 	Motrin ® Junior Strength"
"OTC055009","Men-Phor™ Lotion 7.5-oz. Bottle","7.5 oz","","","Anti-Fungals","23","false","medline-otc-2020","Men-Phor™ Lotion 7.5-oz. Bottle 	7.5 oz"
"OTC05606","Vapor Cream Greaseless 1-oz.","1 oz","","Vicks ®","Cold, Cough & Allergy","9","false","medline-otc-2020","Vapor Cream Greaseless 1-oz. 	1 oz 	Vicks ®"
"OTC056406A","Mucinex ® DM Extended Release Tablet 40/Box","40/bx","","","Cold, Cough & Allergy","8","false","medline-otc-2020","Mucinex ® DM Extended Release Tablet 40/Box 	40/bx"
"OTC057501","Multi-Vitamin Prenatal Tablet 100/Bottle","100/bt","","","Vitamins & Minerals","14","false","medline-otc-2020","Multi-Vitamin Prenatal Tablet 100/Bottle 	100/bt"
"OTC058404","Aspercreme ® 4% Lidocaine Pain Relieving Patch 5/Box","5/bx","","","Pain Relief Patches","12","false","medline-otc-2020","Aspercreme ® 4% Lidocaine Pain Relieving Patch 5/Box 	5/bx"
"OTC060001","Hydrocerin Cream 16-oz. Jar","16 oz","","","Moisturizer","25","false","medline-otc-2020","Hydrocerin Cream 16-oz. Jar 	16 oz"
"OTC062008","Hydrocerin Lotion 8-oz. Bottle","8 oz","","","Moisturizer","25","false","medline-otc-2020","Hydrocerin Lotion 8-oz. Bottle 	8 oz"
"OTC06300","Beano ® Tablet 100/Bottle","100/bt","","","Antacids/Anti-Gas","3","false","medline-otc-2020","Beano ® Tablet 100/Bottle 	100/bt"
"OTC063012","Dimenhydrinate 50 mg Tablet 12/Box","12/bx","","Dramamine ®","Anti-Nausea","4","false","medline-otc-2020","Dimenhydrinate 50 mg Tablet 12/Box 	12/bx 	Dramamine ®"
"OTC063800","Guaifenesin 100 mg+DM 10mg Syrup Unit Dose 100 x 5ml","100UD/bx Robitussin DM ®","","","Unit Dose Medications","32","false","medline-otc-2020","Guaifenesin 100 mg+DM 10mg Syrup Unit Dose 100 x 5ml 	100UD/bx Robitussin DM ®"
"OTC064526","Loperamide Suspension 1 mg/7.5 ml 4-oz.","4 oz Immodium AD Oral Suspension","","","Anti-Diarrheals","4","false","medline-otc-2020","Loperamide Suspension 1 mg/7.5 ml 4-oz. 	4 oz Immodium AD Oral Suspension"
"OTC065640","DayTime Cold & Flu Multi-Symptom Relief Liquid","12 oz","","DayQuil ® Cold & Flu","Cold, Cough & Allergy","7","false","medline-otc-2020","DayTime Cold & Flu Multi-Symptom Relief Liquid 	12 oz 	DayQuil ® Cold & Flu"
"OTC066738","Magnesium Citrate Lemon Solution 10-oz.","10 oz","","","Magnesium Citrate","5","false","medline-otc-2020","Magnesium Citrate Lemon Solution 10-oz. 	10 oz"
"OTC067509","Salonpas Menthol/Methylsalic Patch 9/Box","59/bx","","","Pain Relief Patches","12","false","medline-otc-2020","Salonpas Menthol/Methylsalic Patch 9/Box 	59/bx"
"OTC067816","Hemorrhoidal Ointment 2-oz. Tube","2oz","","Preparation H ® Hemorrhoidal Ointment","Pain Relief","24","false","medline-otc-2020","Hemorrhoidal Ointment 2-oz. Tube 	2oz 	Preparation H ® Hemorrhoidal Ointment"
"OTC068712","Natrapel Insect Repellent Pump Spray","3.4 oz","","","Insect Repellent","30","false","medline-otc-2020","Natrapel Insect Repellent Pump Spray 	3.4 oz"
"OTC070001","Salonpas ® Hot Capsaicin Patch 50/Box","50/bx","","","Pain Relief Patches","12","false","medline-otc-2020","Salonpas ® Hot Capsaicin Patch 50/Box 	50/bx"
"OTC070107","Anecream™ 4% with Tegaderm Kit 5 gm","5gm","","","Pain Relief","24","false","medline-otc-2020","Anecream™ 4% with Tegaderm Kit 5 gm 	5gm"
"OTC070217","Guaifenesin Extended-Release 600mg Tablets","40/bx","","Mucinex ®","Cold, Cough & Allergy","8","false","medline-otc-2020","Guaifenesin Extended-Release 600mg Tablets 	40/bx 	Mucinex ®"
"OTC070301","Ferrous Sulfate 325 mg Tablet 100/Bottle","100/bt","","","Iron","19","false","medline-otc-2020","Ferrous Sulfate 325 mg Tablet 100/Bottle 	100/bt"
"OTC070310","Ferrous Sulfate 325 mg Tablet 1000/Bottle","1000/bt","","","Iron","19","false","medline-otc-2020","Ferrous Sulfate 325 mg Tablet 1000/Bottle 	1000/bt"
"OTC070883","Ben’s ® 30% Insect Repellent Pump Spray 3.4-oz.","3.4 oz","","","Insect Repellent","30","false","medline-otc-2020","Ben’s ® 30% Insect Repellent Pump Spray 3.4-oz. 	3.4 oz"
"OTC071185","Fexofenadine 180 mg Tablet 15/Box","15/bx","","Allegra®","Cold, Cough & Allergy","7","false","medline-otc-2020","Fexofenadine 180 mg Tablet 15/Box 	15/bx 	Allegra®"
"OTC071710","Ketotifen Opthalmic Solution 5 ml","5 ml","","","Ophthalmics","26","false","medline-otc-2020","Ketotifen Opthalmic Solution 5 ml 	5 ml"
"OTC071903","Ben’s ® 30% Insect Repellent Pump Spray 1.25-oz.","1.25 oz","","","Insect Repellent","30","false","medline-otc-2020","Ben’s ® 30% Insect Repellent Pump Spray 1.25-oz. 	1.25 oz"
"OTC072001","Vitamin B Complex Tablet 100/Bottle","100/bt","","","Vitamins & Minerals","15","false","medline-otc-2020","Vitamin B Complex Tablet 100/Bottle 	100/bt"
"OTC072115","OTC000458","OTC61463 20","","MEDLINE","Supplements","18","false","medline-otc-2020","OTC000458 	OTC61463 20 	MEDLINE"
"OTC073015","Calcium Carbonate 600 mg Tablet 150/Bottle","150/bt","","","Calcium","19","false","medline-otc-2020","Calcium Carbonate 600 mg Tablet 150/Bottle 	150/bt"
"OTC073030","Acetaminophen 650 mg Suppository 12/Box","12/bx","","","Acetaminophen","10","false","medline-otc-2020","Acetaminophen 650 mg Suppository 12/Box 	12/bx"
"OTC073101","Oyster Shell Calcium 250 mg with Vitamin D 125 IU Tablet 100/Bottle","100/bt","","","Calcium","19","false","medline-otc-2020","Oyster Shell Calcium 250 mg with Vitamin D 125 IU Tablet 100/Bottle 	100/bt"
"OTC073206","Calcium 600 mg with Vitamin D-3 400 IU Tablet 60/Bottle","60/bt","","","Calcium","19","false","medline-otc-2020","Calcium 600 mg with Vitamin D-3 400 IU Tablet 60/Bottle 	60/bt"
"OTC073230","Acetaminophen 120 mg Suppository 12/Box","12/bx","","","Acetaminophen","10","false","medline-otc-2020","Acetaminophen 120 mg Suppository 12/Box 	12/bx"
"OTC073401","Calcium Citrate 315 mg with Vitamin D-3 250 IU Tablet 100/Bottle","100/bt","","","Calcium","19","false","medline-otc-2020","Calcium Citrate 315 mg with Vitamin D-3 250 IU Tablet 100/Bottle 	100/bt"
"OTC073706","Cranberry 425 mg Caplet 60/Bottle","60/bt","","","Supplements","17","false","medline-otc-2020","Cranberry 425 mg Caplet 60/Bottle 	60/bt"
"OTC074092","Meta Wafer Cinnamon 2 Wafer/Package; 12 Package/Box","12/bx","","","Fiber","5","false","medline-otc-2020","Meta Wafer Cinnamon 2 Wafer/Package; 12 Package/Box 	12/bx"
"OTC074101","Multi-Vitamin+Iron Tablet 100/Bottle","100/bt","","","Vitamins & Minerals","14","false","medline-otc-2020","Multi-Vitamin+Iron Tablet 100/Bottle 	100/bt"
"OTC074110","Multi-Vitamin+Iron Tablet 1000/Bottle","1000/bt","","","Vitamins & Minerals","14","false","medline-otc-2020","Multi-Vitamin+Iron Tablet 1000/Bottle 	1000/bt"
"OTC074201","Multi-Vitamin+Mineral Tablet 100/Bottle","100/bt","","","Vitamins & Minerals","14","false","medline-otc-2020","Multi-Vitamin+Mineral Tablet 100/Bottle 	100/bt"
"OTC074301","Multi-Vitamin Tablet 100/Bottle","100/bt","","","Vitamins & Minerals","14","false","medline-otc-2020","Multi-Vitamin Tablet 100/Bottle 	100/bt"
"OTC074310","Multi-Vitamin Tablet 1000/Bottle","1000/bt","","","Vitamins & Minerals","14","false","medline-otc-2020","Multi-Vitamin Tablet 1000/Bottle 	1000/bt"
"OTC074706","Calcium 600 mg with Vitamin D 200 IU Tablet 60/Bottle","60/bt","","","Calcium","19","false","medline-otc-2020","Calcium 600 mg with Vitamin D 200 IU Tablet 60/Bottle 	60/bt"
"OTC077024","Ranitidine 150 mg Tablet 24/Bottle","24/bt","","Zantac ® 150","Antacids/Anti-Gas","3","false","medline-otc-2020","Ranitidine 150 mg Tablet 24/Bottle 	24/bt 	Zantac ® 150"
"OTC077702","Tinactin ® Powder Spray 4.6-oz.","4.6 oz","","","Anti-Fungals","23","false","medline-otc-2020","Tinactin ® Powder Spray 4.6-oz. 	4.6 oz"
"OTC078430","Fexofenadine HCL 180 mg Tablet 30/Bottle","30/bt","","Allegra Treat these common ailments with dependable remedies. OTC740164","Cold, Cough & Allergy","7","false","medline-otc-2020","Fexofenadine HCL 180 mg Tablet 30/Bottle 	30/bt 	Allegra Treat these common ailments with dependable remedies. OTC740164"
"OTC078539","Fiber Gummies 120/Bottle","120/bt","","","Vitamins & Minerals","14","false","medline-otc-2020","Fiber Gummies 120/Bottle 	120/bt"
"OTC078803","Loratadine 10 mg Tablet 30/Bottle","30/bt","","Claritin ®","Cold, Cough & Allergy","8","false","medline-otc-2020","Loratadine 10 mg Tablet 30/Bottle 	30/bt 	Claritin ®"
"OTC078809","Loratadine 10 mg Tablet 90/Bottle","90/bt","","Claritin","Cold, Cough & Allergy","8","false","medline-otc-2020","Loratadine 10 mg Tablet 90/Bottle 	90/bt 	Claritin"
"OTC080905","Esompreazole Magnesium 20mg Delayed-Release Capsule 14/Bottle","14/bt","","Nexium ® 24 HR","Antacids/Anti-Gas","3","false","medline-otc-2020","Esompreazole Magnesium 20mg Delayed-Release Capsule 14/Bottle 	14/bt 	Nexium ® 24 HR"
"OTC082808","Oyster Shell Calcium 500 mg with Vitamin D 200 IU Tablet 120/Bottle","120/bt","","","Calcium","19","false","medline-otc-2020","Oyster Shell Calcium 500 mg with Vitamin D 200 IU Tablet 120/Bottle 	120/bt"
"OTC082906","Calcium 500 mg with Vitamin D-3 400 IU Chewtable Tablet 60/Bottle","60/bt","","","Calcium","19","false","medline-otc-2020","Calcium 500 mg with Vitamin D-3 400 IU Chewtable Tablet 60/Bottle 	60/bt"
"OTC083006","Salonpas 4% Lidocaine Pain Relieving Patch 6/Box","6/bx","","","Pain Relief Patches","12","false","medline-otc-2020","Salonpas 4% Lidocaine Pain Relieving Patch 6/Box 	6/bx"
"OTC085140","Antacid/Antigas Regular Strength Mint Liquid 12-oz.","12 oz","","Maalox ® Advanced","Antacids/Anti-Gas","3","false","medline-otc-2020","Antacid/Antigas Regular Strength Mint Liquid 12-oz. 	12 oz 	Maalox ® Advanced"
"OTC086601","Acidophilus Caplet 100/Bottle","100/bt","","","Probiotics and Digestive Aids","20","false","medline-otc-2020","Acidophilus Caplet 100/Bottle 	100/bt"
"OTC086905","Probiotic-Saccharomyces Boulardii 250 mg Capsule 50/Bottle","50/bt","","","Probiotics and Digestive Aids","20","false","medline-otc-2020","Probiotic-Saccharomyces Boulardii 250 mg Capsule 50/Bottle 	50/bt"
"OTC087305","Nicotine 4 mg Mint Lozenge 72/Pack","72/pk","","","Smoking Cessation","29","false","medline-otc-2020","Nicotine 4 mg Mint Lozenge 72/Pack 	72/pk"
"OTC087513","Multi-Vitamin+Mineral Caplet 130/Bottle","130/bt","","","Vitamins & Minerals","14","false","medline-otc-2020","Multi-Vitamin+Mineral Caplet 130/Bottle 	130/bt"
"OTC08812","Diphenhydramine 2% Cream 1.25-oz. Tube","1.25oz","","Benadryl ® Cream","Anti-Itch","23","false","medline-otc-2020","Diphenhydramine 2% Cream 1.25-oz. Tube 	1.25oz 	Benadryl ® Cream"
"OTC088406","Melatonin 1 mg Tablet 60/Bottle","60/bt","","","Supplements","18","false","medline-otc-2020","Melatonin 1 mg Tablet 60/Bottle 	60/bt"
"OTC089665","Opthalmic Solution Lubricant Single Use 30/Box","30/bx","","Systane ® Lubricant Eye Drops","Ophthalmics","26","false","medline-otc-2020","Opthalmic Solution Lubricant Single Use 30/Box 	30/bx 	Systane ® Lubricant Eye Drops"
"OTC090746","Turmeric 500mg Caplet 60/BT","60/bt","","","Probiotics and Digestive Aids","20","false","medline-otc-2020","Turmeric 500mg Caplet 60/BT 	60/bt"
"OTC091160","Glucosamine 500 mg with Chondroitin Caplet 60/Bottle","60/bt","","","Supplements","18","false","medline-otc-2020","Glucosamine 500 mg with Chondroitin Caplet 60/Bottle 	60/bt"
"OTC091301","Vitamin B-12 500 mcg Tablet 100/Bottle","100/bt","","","Vitamins & Minerals","15","false","medline-otc-2020","Vitamin B-12 500 mcg Tablet 100/Bottle 	100/bt"
"OTC091401","Vitamin B-12 1000 mcg Tablet 100/Bottle","100/bt","","","Vitamins & Minerals","15","false","medline-otc-2020","Vitamin B-12 1000 mcg Tablet 100/Bottle 	100/bt"
"OTC091503","Omeprazole 20 mg Delayed Release Tablet 42/Box","42/bx","","Prilosec ® OTC","Antacids/Anti-Gas","3","false","medline-otc-2020","Omeprazole 20 mg Delayed Release Tablet 42/Box 	42/bx 	Prilosec ® OTC"
"OTC091901","Vitamin D3 1000 IU Tablet 100/Bottle","100/bt","","","Vitamins & Minerals","16","false","medline-otc-2020","Vitamin D3 1000 IU Tablet 100/Bottle 	100/bt"
"OTC093616","Docusate Sodium 50 mg/5 ml Liquid 16-oz.","16 oz","","Colace Liquid","Docusate Sodium","5","false","medline-otc-2020","Docusate Sodium 50 mg/5 ml Liquid 16-oz. 	16 oz 	Colace Liquid"
"OTC095501","Vitamin C 500 mg Tablet 100/Bottle","100/bt","","","Vitamins & Minerals","16","false","medline-otc-2020","Vitamin C 500 mg Tablet 100/Bottle 	100/bt"
"OTC098512","Aspirin 81 mg Enteric Coated Tablet 120/Bottle","120/bt","","Bayer Low Dose","Aspirin","11","false","medline-otc-2020","Aspirin 81 mg Enteric Coated Tablet 120/Bottle 	120/bt 	Bayer Low Dose"
"OTC099992","Lice-B-Gone™ Shampoo 1 Gallon/Bottle 4 Bottle/Case","4 bt/cs","","","Lice Treatment","29","false","medline-otc-2020","Lice-B-Gone™ Shampoo 1 Gallon/Bottle 4 Bottle/Case 	4 bt/cs"
"OTC100010","Airborne ® Effervescent Tablet Orange Flavor 10 Tablets","10/bx","","","Vitamins & Minerals","14","false","medline-otc-2020","Airborne ® Effervescent Tablet Orange Flavor 10 Tablets 	10/bx"
"OTC100112","Phenylephrine HCL 10 mg Tablet 36/Box","36/bx","","Sudafed PE®","Cold, Cough & Allergy","9","false","medline-otc-2020","Phenylephrine HCL 10 mg Tablet 36/Box 	36/bx 	Sudafed PE®"
"OTC100115","Muscle Rub Cream","1.25oz","","Bengay ®","Pain Relief","24","false","medline-otc-2020","Muscle Rub Cream 	1.25oz 	Bengay ®"
"OTC10013","Ibuprofen 2 x 200 mg Unit Dose Tablet 250 Unit Dose/Box","250UD/bx","","Advil ®","Ibuprofen","11","false","medline-otc-2020","Ibuprofen 2 x 200 mg Unit Dose Tablet 250 Unit Dose/Box 	250UD/bx 	Advil ®"
"OTC100335","Senna Tablet 1000/Bottle","1000/bt","","Senokot","Senna","6","false","medline-otc-2020","Senna Tablet 1000/Bottle 	1000/bt 	Senokot"
"OTC100942","Airborne ® Effervescent Tablet Berry Flavor 10 Tablets","10/bx","","","Vitamins & Minerals","14","false","medline-otc-2020","Airborne ® Effervescent Tablet Berry Flavor 10 Tablets 	10/bx"
"OTC10101","Acetaminophen 325 mg Tablet 100/Bottle","100/bt","","Tylenol","Acetaminophen","10","true","medline-otc-2020","Acetaminophen 325 mg Tablet 100/Bottle 	100/bt 	Tylenol"
"OTC10110","Acetaminophen 325 mg Tablet 1000/Bottle","1000/bt","","Tylenol","Acetaminophen","10","true","medline-otc-2020","Acetaminophen 325 mg Tablet 1000/Bottle 	1000/bt 	Tylenol"
"OTC10112BX","Bisacodyl 10 mg Suppository 12/Box","12/bx","","Dulcolax Suppositories","Bisacodyl","4","false","medline-otc-2020","Bisacodyl 10 mg Suppository 12/Box 	12/bx 	Dulcolax Suppositories"
"OTC10199BX","Bisacodyl 10 mg Suppository 100/Box","100/bx","","Dulcolax Suppositories","Bisacodyl","4","false","medline-otc-2020","Bisacodyl 10 mg Suppository 100/Box 	100/bx 	Dulcolax Suppositories"
"OTC102008","Simethicone 125 mg Chewable Tablet 60/Bottle","60/bt","","Gas-X Extra Strength ®","Antacids/Anti-Gas","3","false","medline-otc-2020","Simethicone 125 mg Chewable Tablet 60/Bottle 	60/bt 	Gas-X Extra Strength ®"
"OTC10444","Eldertonic ® Elixir 16-oz.","16 oz","","","Vitamins & Minerals","14","false","medline-otc-2020","Eldertonic ® Elixir 16-oz. 	16 oz"
"OTC104465","Megared Omega-3 500 mg Softgel 45/Box","45/bx","","","Supplements","18","false","medline-otc-2020","Megared Omega-3 500 mg Softgel 45/Box 	45/bx"
"OTC106084","Refresh Tears ® 0.5% Opthalmic Drop 2 x 15 ml","2/bx","","","Ophthalmics","26","false","medline-otc-2020","Refresh Tears ® 0.5% Opthalmic Drop 2 x 15 ml 	2/bx"
"OTC109170","Fluticasone Propionate Nasal Spray 60 Sprays","60 Spray","","Flonase","Nasal Care","27","false","medline-otc-2020","Fluticasone Propionate Nasal Spray 60 Sprays 	60 Spray 	Flonase"
"OTC11008","Mineral Oil Laxative 16-oz. Liquid Bottle","16 oz","","Roberts ®","Miscellaneous Laxatives","6","false","medline-otc-2020","Mineral Oil Laxative 16-oz. Liquid Bottle 	16 oz 	Roberts ®"
"OTC114492","Levocetirizine 5 mg Tablet 35/Bottle","35/bt","","Xyzal ®","Cold, Cough & Allergy","8","false","medline-otc-2020","Levocetirizine 5 mg Tablet 35/Bottle 	35/bt 	Xyzal ®"
"OTC115359","Multi-Vitamin+Mineral AF Liquid 8oz","8 oz","","","Vitamins & Minerals","14","false","medline-otc-2020","Multi-Vitamin+Mineral AF Liquid 8oz 	8 oz"
"OTC116706","Afrin ® Original Nasal Spray 15 ml","15 ml","","","Cold, Cough & Allergy","7","false","medline-otc-2020","Afrin ® Original Nasal Spray 15 ml 	15 ml"
"OTC11780","Siltussin SA 100 mg Alcohol & Sugar Free Syrup 16-oz.","16 oz","","Robitussin ®","Cold, Cough & Allergy","9","false","medline-otc-2020","Siltussin SA 100 mg Alcohol & Sugar Free Syrup 16-oz. 	16 oz 	Robitussin ®"
"OTC118356","Move Free Advanced with MSM & Vitamin D Tablet 80/Bottle","80/bt","","","Supplements","18","false","medline-otc-2020","Move Free Advanced with MSM & Vitamin D Tablet 80/Bottle 	80/bt"
"OTC118417","Move Free Ultra with UCII Tablet 30/Bottle","30/bt","","","Supplements","18","false","medline-otc-2020","Move Free Ultra with UCII Tablet 30/Bottle 	30/bt"
"OTC118684","Move Free Advanced with MSM Tablet 120/Bottle","120/bt","","","Supplements","18","false","medline-otc-2020","Move Free Advanced with MSM Tablet 120/Bottle 	120/bt"
"OTC118738","Move Free Advanced Tablet 80/Bottle","80/bt","","","Supplements","18","false","medline-otc-2020","Move Free Advanced Tablet 80/Bottle 	80/bt"
"OTC122810","Beta Carotene 25,000 IU Softgel 100/Bottle","100/bt","","","Supplements","18","false","medline-otc-2020","Beta Carotene 25,000 IU Softgel 100/Bottle 	100/bt"
"OTC133245","Multi-Vitamin+Mineral+Lutein Opthalmic Tablet 60/Bottle","60/bt","","","Vitamins & Minerals","14","false","medline-otc-2020","Multi-Vitamin+Mineral+Lutein Opthalmic Tablet 60/Bottle 	60/bt"
"OTC138882","Calcium 600 mg with Vitamin D 800 mg Tablet 300/Bottle","300/bt","","","Calcium","19","false","medline-otc-2020","Calcium 600 mg with Vitamin D 800 mg Tablet 300/Bottle 	300/bt"
"OTC13PJH","Petroleum Jelly 13-oz. Tube","13 oz","","Vaseline","Skin Protectants","25","false","medline-otc-2020","Petroleum Jelly 13-oz. Tube 	13 oz 	Vaseline"
"OTC142115BW","Ear Wash Basin","1 ea","","","Ear Care","27","false","medline-otc-2020","Ear Wash Basin 	1 ea"
"OTC142115EW","Elephant Ear Washer Kit","1 kt","","","Ear Care","27","false","medline-otc-2020","Elephant Ear Washer Kit 	1 kt"
"OTC142115HAW","Elephant Ear Washer Hose Adapter 10/Pack","1 pk","","","Ear Care","27","false","medline-otc-2020","Elephant Ear Washer Hose Adapter 10/Pack 	1 pk"
"OTC142115RW","Rhino Ear Washer Kit","1 kt","","","Ear Care","27","false","medline-otc-2020","Rhino Ear Washer Kit 	1 kt"
"OTC142115SSW","Elephant Ear Washer Splash Shield 10/Pack","1 pk","","","Ear Care","27","false","medline-otc-2020","Elephant Ear Washer Splash Shield 10/Pack 	1 pk"
"OTC142115TW","Elephant + Rhino Ear Washer Tips 20/Pack","1 pk","","","Ear Care","27","false","medline-otc-2020","Elephant + Rhino Ear Washer Tips 20/Pack 	1 pk"
"OTC142115WBW","Elephant + Rhino Ear Washer Wall Bracket","1 ea","","","Ear Care","27","false","medline-otc-2020","Elephant + Rhino Ear Washer Wall Bracket 	1 ea"
"OTC144891","Geritol ® Liquid 4-oz.","4 oz","","","Vitamins & Minerals","14","false","medline-otc-2020","Geritol ® Liquid 4-oz. 	4 oz"
"OTC14513","Acetaminophen 2 x 325 mg Tablet in Unit Dose Packets 250/Box","250UD/bx","","Tylenol","Acetaminophen","10","false","medline-otc-2020","Acetaminophen 2 x 325 mg Tablet in Unit Dose Packets 250/Box 	250UD/bx 	Tylenol"
"OTC14733","Nicotine 2 mg Mint Gum 110/Box","110/bx","","","Smoking Cessation","29","false","medline-otc-2020","Nicotine 2 mg Mint Gum 110/Box 	110/bx"
"OTC14734","Nicotine 4 mg Mint Gum 110/Box","110/bx","","","Smoking Cessation","29","false","medline-otc-2020","Nicotine 4 mg Mint Gum 110/Box 	110/bx"
"OTC148800","Guaifenesin 100 mg/5 ml Syrup Unit Dose 100 x 10 ml","100UD/bx Robitussin ®","","","Unit Dose Medications","32","false","medline-otc-2020","Guaifenesin 100 mg/5 ml Syrup Unit Dose 100 x 10 ml 	100UD/bx Robitussin ®"
"OTC159703","Culturelle ® Kids Chewable Tablet 30/Box","30/bx","","","Probiotics and Digestive Aids","20","false","medline-otc-2020","Culturelle ® Kids Chewable Tablet 30/Box 	30/bx"
"OTC16001","Rena-Vite Tablet 100/Bottle","100/bt","","","Vitamins & Minerals","15","false","medline-otc-2020","Rena-Vite Tablet 100/Bottle 	100/bt"
"OTC161051","Glucose 4GM Chew Tablet Orange","50/bt","","","Supplements","18","false","medline-otc-2020","Glucose 4GM Chew Tablet Orange 	50/bt"
"OTC161208","Ammonium Lactate 12% Lotion 8-oz. Bottle","1 bt","","","Moisturizer","25","false","medline-otc-2020","Ammonium Lactate 12% Lotion 8-oz. Bottle 	1 bt"
"OTC17165","Delsym ® Liquid Grape Flavor 5-oz.","5 oz","","","Cold, Cough & Allergy","7","false","medline-otc-2020","Delsym ® Liquid Grape Flavor 5-oz. 	5 oz"
"OTC172001","Sodium Bicarbonate 5 gr (325 mg) Tablet 100/Bottle","100/bt","","","Antacids/Anti-Gas","3","false","medline-otc-2020","Sodium Bicarbonate 5 gr (325 mg) Tablet 100/Bottle 	100/bt"
"OTC174400","Guaifenesin 100 mg/5 ml Syrup Unit Dose 100 x 5 ml","100UD/bx Robitussin","","","Unit Dose Medications","32","false","medline-otc-2020","Guaifenesin 100 mg/5 ml Syrup Unit Dose 100 x 5 ml 	100UD/bx Robitussin"
"OTC174415","Guaifenesin 100 mg/5 ml Syrup Unit Dose 100 x 15 ml","100UD/bx Robitussin","","","Unit Dose Medications","32","false","medline-otc-2020","Guaifenesin 100 mg/5 ml Syrup Unit Dose 100 x 15 ml 	100UD/bx Robitussin"
"OTC17513","Acetaminophen 2 x 500 mg Tablet in Unit Dose Packets 250/Box","250UD/bx","","Extra Strength Tylenol","Acetaminophen","10","false","medline-otc-2020","Acetaminophen 2 x 500 mg Tablet in Unit Dose Packets 250/Box 	250UD/bx 	Extra Strength Tylenol"
"OTC175652","Delsym ® Adult Liquid Orange Flavor 5-oz.","5 oz","","","Cold, Cough & Allergy","7","false","medline-otc-2020","Delsym ® Adult Liquid Orange Flavor 5-oz. 	5 oz"
"OTC176001N","Sodium Chloride 1 g Tablet 100/Bottle","100/bt","","","Supplements","18","false","medline-otc-2020","Sodium Chloride 1 g Tablet 100/Bottle 	100/bt"
"OTC176030","Mag-Al 200 mg/200 mg/5 ml Liquid Unit Dose 100 x 30 ml","100UD/bx","","","Unit Dose Medications","32","false","medline-otc-2020","Mag-Al 200 mg/200 mg/5 ml Liquid Unit Dose 100 x 30 ml 	100UD/bx"
"OTC176130Z","Mag-Al Plus Simethicon Liquid Unit Dose 10 x 30 ml","10UD/bx","","","Unit Dose Medications","32","false","medline-otc-2020","Mag-Al Plus Simethicon Liquid Unit Dose 10 x 30 ml 	10UD/bx"
"OTC176230","Mag-Al Plus XS Simeth Liquid Unit Dose 100 x 30 ml","100UD/bx","","","Unit Dose Medications","32","false","medline-otc-2020","Mag-Al Plus XS Simeth Liquid Unit Dose 100 x 30 ml 	100UD/bx"
"OTC177121","Sore Throat Spray Cherry Flavor 6-oz.","6o z","","Cepacol","Cold, Cough & Allergy","9","false","medline-otc-2020","Sore Throat Spray Cherry Flavor 6-oz. 	6o z 	Cepacol"
"OTC18016","Acetaminophen 160 mg/5 ml Liquid 16-oz.","16 oz","","Tylenol Liquid","Acetaminophen","10","false","medline-otc-2020","Acetaminophen 160 mg/5 ml Liquid 16-oz. 	16 oz 	Tylenol Liquid"
"OTC18201","Ferrous Fumarate 324 mg Tablet 100/Box","100/bx","","","Iron","19","false","medline-otc-2020","Ferrous Fumarate 324 mg Tablet 100/Box 	100/bx"
"OTC18501","Poly-Iron 150 mg Capsule 100/Bottle","100/bt","","","Iron","19","false","medline-otc-2020","Poly-Iron 150 mg Capsule 100/Bottle 	100/bt"
"OTC18992","Preservision Areds-2 Vitamin Softgel 120/Bottle","120/bt","","","Vitamins & Minerals","15","false","medline-otc-2020","Preservision Areds-2 Vitamin Softgel 120/Bottle 	120/bt"
"OTC190015","Sting Relief Swabs 10/Box","10/bx","","","Anti-Itch","23","false","medline-otc-2020","Sting Relief Swabs 10/Box 	10/bx"
"OTC191201","Mucinex ® Adult Cold, Flu, & Sore Throat Caplet 20/Box","20/bx","","","Cold, Cough & Allergy","8","false","medline-otc-2020","Mucinex ® Adult Cold, Flu, & Sore Throat Caplet 20/Box 	20/bx"
"OTC193205","Mucinex ® Adult Congestion & Cough Caplet 20/Box","20/bx","","","Cold, Cough & Allergy","8","false","medline-otc-2020","Mucinex ® Adult Congestion & Cough Caplet 20/Box 	20/bx"
"OTC193573","Aspirin 2 x 325 mg Tablet Unit Dose Packet 100/Box","100/bx","","Bayer ®","Aspirin","11","false","medline-otc-2020","Aspirin 2 x 325 mg Tablet Unit Dose Packet 100/Box 	100/bx 	Bayer ®"
"OTC193807","Coenzyme Q10 100 mg Softgel 30/Bottle","30/bt","","","Supplements","17","false","medline-otc-2020","Coenzyme Q10 100 mg Softgel 30/Bottle 	30/bt"
"OTC19818Z","OTC00550","OTC050650 OTC040330 28","","MEDLINE Otics and Nasal","Ophthalmics","26","false","medline-otc-2020","OTC00550 	OTC050650 OTC040330 28 	MEDLINE Otics and Nasal"
"OTC198261","Acetaminophen 325 mg Unit Dose Tablet 100/Box","100/bx","","Tylenol ®","Acetaminophen","10","false","medline-otc-2020","Acetaminophen 325 mg Unit Dose Tablet 100/Box 	100/bx 	Tylenol ®"
"OTC198500","Acetaminophen 160 mg/5 ml Sugar & Alcohol Free Child Liquid 4-oz. 4 oz","Children’s Tylenol","","","Acetaminophen","10","false","medline-otc-2020","Acetaminophen 160 mg/5 ml Sugar & Alcohol Free Child Liquid 4-oz. 4 oz 	Children’s Tylenol"
"OTC198861","Acetaminophen 500 mg Unit Dose Tablet 100/Box","100/bx","","Extra Strength Tylenol ®","Acetaminophen","10","false","medline-otc-2020","Acetaminophen 500 mg Unit Dose Tablet 100/Box 	100/bx 	Extra Strength Tylenol ®"
"OTC199553","Shampoo Anti-Dandruff 7-oz.","7 oz","","","Shampoo","25","false","medline-otc-2020","Shampoo Anti-Dandruff 7-oz. 	7 oz"
"OTC2000594","Dental Water Jet Tips 5/Pack","5/pk","","","Oral Care","30","false","medline-otc-2020","Dental Water Jet Tips 5/Pack 	5/pk"
"OTC20033","Loperamide HCL 2 mg Tablet in Unit Dose Packets 100/Box 100UD/bx","Imodium AD","","","Anti-Diarrheals","4","false","medline-otc-2020","Loperamide HCL 2 mg Tablet in Unit Dose Packets 100/Box 100UD/bx 	Imodium AD"
"OTC20101","Acetaminophen 500 mg Tablet 100/Bottle","100/bt","","Extra Strength Tylenol","Acetaminophen","10","true","medline-otc-2020","Acetaminophen 500 mg Tablet 100/Bottle 	100/bt 	Extra Strength Tylenol"
"OTC20110","Acetaminophen 500 mg Tablet 1000/Bottle","1000/bt","","Extra Strength Tylenol","Acetaminophen","10","true","medline-otc-2020","Acetaminophen 500 mg Tablet 1000/Bottle 	1000/bt 	Extra Strength Tylenol"
"OTC201207","Mucinex ® Sinusmax-Congestion Caplet 20/Box","20/bx","","","Cold, Cough & Allergy","8","false","medline-otc-2020","Mucinex ® Sinusmax-Congestion Caplet 20/Box 	20/bx"
"OTC201302","Chromium Picolinate 1000 mcg Tablet 100/Bottle","100/bt","","","Supplements","17","false","medline-otc-2020","Chromium Picolinate 1000 mcg Tablet 100/Bottle 	100/bt"
"OTC203346","Airborne ® Chewable Tablet Citrus Flavor 32/Box","32/bx","","","Vitamins & Minerals","14","false","medline-otc-2020","Airborne ® Chewable Tablet Citrus Flavor 32/Box 	32/bx"
"OTC203559","Arnicare ® Pain Relief Gel 2.6-oz.","2.6oz","","","Pain Relief","24","false","medline-otc-2020","Arnicare ® Pain Relief Gel 2.6-oz. 	2.6oz"
"OTC20738","Loratadine 5 mg/5 ml Syrup 4-oz. Bottle","4 oz","","Claritin ® Liquid","Cold, Cough & Allergy","8","false","medline-otc-2020","Loratadine 5 mg/5 ml Syrup 4-oz. Bottle 	4 oz 	Claritin ® Liquid"
"OTC210246","Vitamin C 500 mg Chewable Tablet 110/Bottle","110/bt","","","Vitamins & Minerals","16","false","medline-otc-2020","Vitamin C 500 mg Chewable Tablet 110/Bottle 	110/bt"
"OTC211402","Acetaminophen 80 mg Infant Suppository 6/Box","6/bx","","","Acetaminophen","10","false","medline-otc-2020","Acetaminophen 80 mg Infant Suppository 6/Box 	6/bx"
"OTC211540","Selenium 200 mcg Caplet 60/Bottle","60/bt","","","Vitamins & Minerals","15","false","medline-otc-2020","Selenium 200 mcg Caplet 60/Bottle 	60/bt"
"OTC211602","FeverAll ® Acetaminophen 325 mg Suppository 6/Box","6/bx","","","Acetaminophen","10","false","medline-otc-2020","FeverAll ® Acetaminophen 325 mg Suppository 6/Box 	6/bx"
"OTC213761","Ferrous Gluconate 324 mg Tablet 100/Box","100/bx","","","Iron","19","false","medline-otc-2020","Ferrous Gluconate 324 mg Tablet 100/Box 	100/bx"
"OTC214640","Vitamin A 10,000 IU Softgel 110/Bottle","110/bt","","","Vitamins & Minerals","15","false","medline-otc-2020","Vitamin A 10,000 IU Softgel 110/Bottle 	110/bt"
"OTC2147","Anema-Vite ® Caplet 100/Bottle","100/bt","","","Vitamins & Minerals","14","false","medline-otc-2020","Anema-Vite ® Caplet 100/Bottle 	100/bt"
"OTC214954","Fish Oil 1000 mg Softgel 60/Bottle","60/bt","","","Supplements","17","false","medline-otc-2020","Fish Oil 1000 mg Softgel 60/Bottle 	60/bt"
"OTC216743","Alpha Lipoic Acid 50 mg Tablet 90/Bottle","90/bt","","","Supplements","17","false","medline-otc-2020","Alpha Lipoic Acid 50 mg Tablet 90/Bottle 	90/bt"
"OTC219491","Melatonin 10 mg Capsule 60/Bottle","60/bt","","","Supplements","18","false","medline-otc-2020","Melatonin 10 mg Capsule 60/Bottle 	60/bt"
"OTC22110","Acetaminophen 500 mg Caplet 1000/Bottle","1000/bt","","Extra Strength Tylenol","Acetaminophen","10","true","medline-otc-2020","Acetaminophen 500 mg Caplet 1000/Bottle 	1000/bt 	Extra Strength Tylenol"
"OTC222515","Vitamin B-50 Complex Tablet 60/Bottle","60/bt","","","Vitamins & Minerals","15","false","medline-otc-2020","Vitamin B-50 Complex Tablet 60/Bottle 	60/bt"
"OTC223802","Multi-Vitamin+Mineral Tablet 130/Bottle","130/bt","","","Vitamins & Minerals","14","false","medline-otc-2020","Multi-Vitamin+Mineral Tablet 130/Bottle 	130/bt"
"OTC224076","Flaxseed Oil 1000 mg Softgel 100/Bottle","100/bt","","","Supplements","17","false","medline-otc-2020","Flaxseed Oil 1000 mg Softgel 100/Bottle 	100/bt"
"OTC225646","Glucosamine 500 mg Caplet 60/Bottle","60/bt","","","Supplements","18","false","medline-otc-2020","Glucosamine 500 mg Caplet 60/Bottle 	60/bt"
"OTC226681","Vitamin B Complex + Vitamin C 300 mg Tablet 100/Bottle","100/bt","","","Vitamins & Minerals","15","false","medline-otc-2020","Vitamin B Complex + Vitamin C 300 mg Tablet 100/Bottle 	100/bt"
"OTC227688","Multi-Vitamin+Mineral Senior Tablet 100/Bottle","100/bt","","","Vitamins & Minerals","14","false","medline-otc-2020","Multi-Vitamin+Mineral Senior Tablet 100/Bottle 	100/bt"
"OTC2380","Niacin 500 mg Tablet 100/Bottle","100/bt","","","Vitamins & Minerals","15","false","medline-otc-2020","Niacin 500 mg Tablet 100/Bottle 	100/bt"
"OTC240205","Miralax ® Laxative Powder 8.3-oz.","8.3 oz","","","Polyethylene Glycol","6","false","medline-otc-2020","Miralax ® Laxative Powder 8.3-oz. 	8.3 oz"
"OTC240908","Vitamin D-3 50,000 IU Tablet 30/Bottle","30/bt","","","Vitamins & Minerals","16","false","medline-otc-2020","Vitamin D-3 50,000 IU Tablet 30/Bottle 	30/bt"
"OTC245852","Multi-Vitamin+Lutein Opthalmic Tablet 36/Bottle","36/bt","","","Vitamins & Minerals","14","false","medline-otc-2020","Multi-Vitamin+Lutein Opthalmic Tablet 36/Bottle 	36/bt"
"OTC25004","Tera Gel Shampoo 4-oz. Bottle","4 oz","","","Shampoo","25","false","medline-otc-2020","Tera Gel Shampoo 4-oz. Bottle 	4 oz"
"OTC252525","Capsaicin 0.025% Cream 60 gm Tube","60gm","","","Pain Relief","24","false","medline-otc-2020","Capsaicin 0.025% Cream 60 gm Tube 	60gm"
"OTC261669","Mucinex ® Sinusmax-Congestion Liquid 6-oz.","6 oz","","","Cold, Cough & Allergy","8","false","medline-otc-2020","Mucinex ® Sinusmax-Congestion Liquid 6-oz. 	6 oz"
"OTC26214","Acetaminophen 120 mg Suppository 100 Count","100/pkg","","FeverAll ®","Acetaminophen","10","false","medline-otc-2020","Acetaminophen 120 mg Suppository 100 Count 	100/pkg 	FeverAll ®"
"OTC262160N","Children's Chewable Multi-Vitamin 100/Bottle","100/bt","","","Vitamins & Minerals","14","false","medline-otc-2020","Children's Chewable Multi-Vitamin 100/Bottle 	100/bt"
"OTC263202","Fiber Therapy Powder Orange Flavor 16-oz.","16 oz","","Metamucil ®","Fiber","5","false","medline-otc-2020","Fiber Therapy Powder Orange Flavor 16-oz. 	16 oz 	Metamucil ®"
"OTC265252","Fexofenadine 180 mg Tablet 30/Box","30/bx","","Allegra","Cold, Cough & Allergy","7","false","medline-otc-2020","Fexofenadine 180 mg Tablet 30/Box 	30/bx 	Allegra"
"OTC266714","Soothing Lip Ointment 20 x 0.5 gm","20/bx","","","Lip Protectant","25","false","medline-otc-2020","Soothing Lip Ointment 20 x 0.5 gm 	20/bx"
"OTC270738","Lutein 20 mg Softgel 60/Bottle","60/bt","","","Supplements","18","false","medline-otc-2020","Lutein 20 mg Softgel 60/Bottle 	60/bt"
"OTC271537","Multi-Vitamin+Mineral Senior Tablet 60/Bottle","60/bt","","","Vitamins & Minerals","14","false","medline-otc-2020","Multi-Vitamin+Mineral Senior Tablet 60/Bottle 	60/bt"
"OTC272752","Multi-Vitamin with Zinc Tablet 60/Bottle","60/bt","","","Zinc","20","false","medline-otc-2020","Multi-Vitamin with Zinc Tablet 60/Bottle 	60/bt"
"OTC272886","Vitamin D-3 5000IU Tablet 110/Bottle","110/bt","","","Vitamins & Minerals","16","false","medline-otc-2020","Vitamin D-3 5000IU Tablet 110/Bottle 	110/bt"
"OTC272916","Glucosamine 500 mg Chondritin with MSM Tablet 120/Bottle","120/bt","","","Supplements","18","false","medline-otc-2020","Glucosamine 500 mg Chondritin with MSM Tablet 120/Bottle 	120/bt"
"OTC273432","Iron 45 mg Slow Release Tablet 60/Bottle","60/bt","","","Iron","19","false","medline-otc-2020","Iron 45 mg Slow Release Tablet 60/Bottle 	60/bt"
"OTC27501","Guaifenesin 400 mg Tablet 100/Bottle","100/bt","","","Cold, Cough & Allergy","8","false","medline-otc-2020","Guaifenesin 400 mg Tablet 100/Bottle 	100/bt"
"OTC276969","ImmuBlast™ Chewable Tablet 32/Bottle","32/bt","","","Vitamins & Minerals","14","false","medline-otc-2020","ImmuBlast™ Chewable Tablet 32/Bottle 	32/bt"
"OTC27716","Cetirizine 1 mg/ml Syrup 4-oz.","4 oz","","Zyrtec ®","Cold, Cough & Allergy","7","false","medline-otc-2020","Cetirizine 1 mg/ml Syrup 4-oz. 	4 oz 	Zyrtec ®"
"OTC277577","Biotin 10000 mcg Tablet 120/Bottle","120/bt","","","Supplements","17","false","medline-otc-2020","Biotin 10000 mcg Tablet 120/Bottle 	120/bt"
"OTC279557","Krill Oil 350 mg Soft Gel 60/Bottle","60/bt","","","Supplements","18","false","medline-otc-2020","Krill Oil 350 mg Soft Gel 60/Bottle 	60/bt"
"OTC2933","Culturelle ® Probiotic Capsule 30/Box","30/bx","","","Probiotics and Digestive Aids","20","false","medline-otc-2020","Culturelle ® Probiotic Capsule 30/Box 	30/bx"
"OTC301002","Vitamin D-3 2000 IU Tablet 250/Bottle","250/bt","","","Vitamins & Minerals","16","false","medline-otc-2020","Vitamin D-3 2000 IU Tablet 250/Bottle 	250/bt"
"OTC310564","Calcium Carbonate 2 x 420 mg Chewable Tablet Unit Dose 100/Box","100UD/bx","","","Calcium","19","false","medline-otc-2020","Calcium Carbonate 2 x 420 mg Chewable Tablet Unit Dose 100/Box 	100UD/bx"
"OTC319760","Folic Acid 400 mcg Tablet 100/Bottle","100/bt","","","Supplements","18","false","medline-otc-2020","Folic Acid 400 mcg Tablet 100/Bottle 	100/bt"
"OTC3200","DRUG BUSTER 64-oz. Bottle 4/Case","4/cs","","","Drug Disposal","33","true","medline-otc-2020","DRUG BUSTER 64-oz. Bottle 4/Case 	4/cs"
"OTC3200H","DRUG BUSTER 64-oz. Bottle","1 bt","","","Drug Disposal","33","true","medline-otc-2020","DRUG BUSTER 64-oz. Bottle 	1 bt"
"OTC3204","DRUG BUSTER 4-oz. 96/Case","96/cs","","","Drug Disposal","33","true","medline-otc-2020","DRUG BUSTER 4-oz. 96/Case 	96/cs"
"OTC3204H","DRUG BUSTER 4-oz.","1 ea","","","Drug Disposal","33","true","medline-otc-2020","DRUG BUSTER 4-oz. 	1 ea"
"OTC3210","DRUG BUSTER 16-oz. Bottle 12/Case","12/cs","","","Drug Disposal","33","true","medline-otc-2020","DRUG BUSTER 16-oz. Bottle 12/Case 	12/cs"
"OTC3210H","DRUG BUSTER 16-oz. Bottle","1 bt","","","Drug Disposal","33","true","medline-otc-2020","DRUG BUSTER 16-oz. Bottle 	1 bt"
"OTC3220","DRUG BUSTER Funnel 12/Box","12/cs","","","Drug Disposal","33","true","medline-otc-2020","DRUG BUSTER Funnel 12/Box 	12/cs"
"OTC3220H","OTC3204H","OTC3230H","","OTC3200H *Helps contain the active ingredients of the medication to defer it from leaching into soil and water supplies. DRUG BUSTER DRUG DISPOSAL SYSTEM","Drug Disposal","33","false","medline-otc-2020","OTC3204H 	OTC3230H 	OTC3200H *Helps contain the active ingredients of the medication to defer it from leaching into soil and water supplies. DRUG BUSTER DRUG DISPOSAL SYSTEM"
"OTC3230","DRUG BUSTER 1-gallon Bottle 4/Case","4/cs","","","Drug Disposal","33","true","medline-otc-2020","DRUG BUSTER 1-gallon Bottle 4/Case 	4/cs"
"OTC3230H","DRUG BUSTER 1-gallon Bottle","1/bt","","","Drug Disposal","33","true","medline-otc-2020","DRUG BUSTER 1-gallon Bottle 	1/bt"
"OTC325100","Iron 27 mg Tablet 100/Bottle","100/bt","","","Iron","19","false","medline-otc-2020","Iron 27 mg Tablet 100/Bottle 	100/bt"
"OTC33267","Zeasorb Powder 2.5-oz.","2.5 oz OTC033506 CUR015431 OTC005140","","","Anti-Fungals","23","false","medline-otc-2020","Zeasorb Powder 2.5-oz. 	2.5 oz OTC033506 CUR015431 OTC005140"
"OTC33350N","Acetaminophen 650 mg Caplet 50/Bottle","50/bt","","Tylenol ® 8 Hour Arthritis Pain Relief","Acetaminophen","10","true","medline-otc-2020","Acetaminophen 650 mg Caplet 50/Bottle 	50/bt 	Tylenol ® 8 Hour Arthritis Pain Relief"
"OTC344B4","Nicotine 2 mg Sugar Free Mint Lozenge 24/Box","24/bx","","","Smoking Cessation","29","false","medline-otc-2020","Nicotine 2 mg Sugar Free Mint Lozenge 24/Box 	24/bx"
"OTC345101","Chlorophyll 3 mg Tablet 100/Bottle","100/bt","","","Supplements","17","false","medline-otc-2020","Chlorophyll 3 mg Tablet 100/Bottle 	100/bt"
"OTC386575","Nasal Spray Saline 1.5-oz.","1.5 oz","","Ocean Spray ®","Cold, Cough & Allergy","9","false","medline-otc-2020","Nasal Spray Saline 1.5-oz. 	1.5 oz 	Ocean Spray ®"
"OTC40116","Docusate Sodium 60 mg/15 ml Syrup 16-oz.","16 oz","","Colace Syrup","Docusate Sodium","5","false","medline-otc-2020","Docusate Sodium 60 mg/15 ml Syrup 16-oz. 	16 oz 	Colace Syrup"
"OTC402501","Vitamin C 500 mg Tablet 250/Bottle","250/bt","","","Vitamins & Minerals","16","false","medline-otc-2020","Vitamin C 500 mg Tablet 250/Bottle 	250/bt"
"OTC403309","Psyllium Powder Orange Flavor 13-oz.","13 oz","","Metamucil","Fiber","5","false","medline-otc-2020","Psyllium Powder Orange Flavor 13-oz. 	13 oz 	Metamucil"
"OTC405488","Psyllium Powder Sugar Free Orange Flavor 10-oz.","10oz","","Metamucil","Fiber","5","false","medline-otc-2020","Psyllium Powder Sugar Free Orange Flavor 10-oz. 	10oz 	Metamucil"
"OTC40714","Psyllium Powder Regular 13-oz.","13 oz","","Metamucil","Fiber","5","false","medline-otc-2020","Psyllium Powder Regular 13-oz. 	13 oz 	Metamucil"
"OTC407601","Niacin 100mg Tablet 100/Bottle","100/bt","","","Vitamins & Minerals","15","false","medline-otc-2020","Niacin 100mg Tablet 100/Bottle 	100/bt"
"OTC413102","Allegra® Allergy 60 mg 12-Hour Tablet 12/Box","12/bx","","","Cold, Cough & Allergy","7","false","medline-otc-2020","Allegra® Allergy 60 mg 12-Hour Tablet 12/Box 	12/bx"
"OTC41665","Systane Ultra ® Opthamic Drop 10 ml","10 ml","","","Ophthalmics","26","false","medline-otc-2020","Systane Ultra ® Opthamic Drop 10 ml 	10 ml"
"OTC42067","Azo Cranberry 450 mg Tablet 50/Bottle","50/bt","","","Supplements","17","false","medline-otc-2020","Azo Cranberry 450 mg Tablet 50/Bottle 	50/bt"
"OTC42401","Docusate Calcium 240 mg Softgel 100/Bottle","100/bt","","Surfak ® OTCS0801C2","Docusate Calcium","4","false","medline-otc-2020","Docusate Calcium 240 mg Softgel 100/Bottle 	100/bt 	Surfak ® OTCS0801C2"
"OTC42915","Systane ® Ophthalmic Drop 15 ml","15 ml","","","Ophthalmics","26","false","medline-otc-2020","Systane ® Ophthalmic Drop 15 ml 	15 ml"
"OTC432601","Coricidin ® HBP Cough & Cold Tablet 16/Box","16/bx","","","Cold, Cough & Allergy","7","false","medline-otc-2020","Coricidin ® HBP Cough & Cold Tablet 16/Box 	16/bx"
"OTC434462","Centrum ® Multivitamin/Mineral Liquid 8-oz.","8 oz","","","Vitamins & Minerals","14","false","medline-otc-2020","Centrum ® Multivitamin/Mineral Liquid 8-oz. 	8 oz"
"OTC44003","Aspirin 81 mg Enteric Coated Tablet Easy-Open Cap 300/Bottle","300/bt","","Bayer Low Dose","Aspirin","11","false","medline-otc-2020","Aspirin 81 mg Enteric Coated Tablet Easy-Open Cap 300/Bottle 	300/bt 	Bayer Low Dose"
"OTC44101","Bisacodyl 5 mg Tablets 100/Bottle","100/bt","","Dulcolax","Bisacodyl","4","false","medline-otc-2020","Bisacodyl 5 mg Tablets 100/Bottle 	100/bt 	Dulcolax"
"OTC441912","Saw Palmetto 450 mg Capsule 100/Bottle","100/bt","","","Supplements","18","false","medline-otc-2020","Saw Palmetto 450 mg Capsule 100/Bottle 	100/bt"
"OTC450626","Calcium Citrate 200 mg Tablet 100/Bottle","100/bt","","","Calcium","19","false","medline-otc-2020","Calcium Citrate 200 mg Tablet 100/Bottle 	100/bt"
"OTC45501","Senna S Tablet 100/Bottle","100/bt","","Senokot-S","Senna with Docusate","6","false","medline-otc-2020","Senna S Tablet 100/Bottle 	100/bt 	Senokot-S"
"OTC45660","Nicotine 2 mg Mint Gum 20/Box","20/bx","","","Smoking Cessation","29","false","medline-otc-2020","Nicotine 2 mg Mint Gum 20/Box 	20/bx"
"OTC472215","Senna Syrup 176 mg/5 ml Unit Dose 40 x 15 ml","40UD/bx","","","Unit Dose Medications","32","false","medline-otc-2020","Senna Syrup 176 mg/5 ml Unit Dose 40 x 15 ml 	40UD/bx"
"OTC476605","Calcium Carbonate 1250 mg/5 ml Suspension Unit Dose 40 x 5 ml","40UD/bx","","","Unit Dose Medications","32","false","medline-otc-2020","Calcium Carbonate 1250 mg/5 ml Suspension Unit Dose 40 x 5 ml 	40UD/bx"
"OTC478701","Vitamin B Complex Softgel 100/Bottle","100/bt","","","Vitamins & Minerals","15","false","medline-otc-2020","Vitamin B Complex Softgel 100/Bottle 	100/bt"
"OTC50002","Hydrophor Ointment 100 gm Jar","100 gm","","","Skin Protectants","25","false","medline-otc-2020","Hydrophor Ointment 100 gm Jar 	100 gm"
"OTC500201","Florastor Probiotic Capsule 250 mg 50/Bottle","50/bt","","","Probiotics and Digestive Aids","20","false","medline-otc-2020","Florastor Probiotic Capsule 250 mg 50/Bottle 	50/bt"
"OTC500520","Florajen ® 3 Probiotic Capsule 60/Bottle","60/bt","","","Probiotics and Digestive Aids","20","false","medline-otc-2020","Florajen ® 3 Probiotic Capsule 60/Bottle 	60/bt"
"OTC500669","Mucinex ® Adult Night Cold & Flu Liquid 6-oz.","6 oz","","","Cold, Cough & Allergy","8","false","medline-otc-2020","Mucinex ® Adult Night Cold & Flu Liquid 6-oz. 	6 oz"
"OTC501501","Biotin 500 mcg Tablet 60/Bottle","60/bt","","","Supplements","17","false","medline-otc-2020","Biotin 500 mcg Tablet 60/Bottle 	60/bt"
"OTC501546","Coenzyme Q10 30 mg Softgel 30/Bottle","30/bt","","","Supplements","17","false","medline-otc-2020","Coenzyme Q10 30 mg Softgel 30/Bottle 	30/bt"
"OTC502198","Sore Throat Lozenges 18/Box","18/bx","","Cepacol ®","Cold, Cough & Allergy","9","false","medline-otc-2020","Sore Throat Lozenges 18/Box 	18/bx 	Cepacol ®"
"OTC505004","Vitamin B Complex with Vitamin C Tablet 100/Bottle","100/bt","","","Vitamins & Minerals","15","false","medline-otc-2020","Vitamin B Complex with Vitamin C Tablet 100/Bottle 	100/bt"
"OTC513559","Acetaminophen Aspirin Caffeine Tablet 100/Bottle","100/bt Excedrin ®","","","Other","12","false","medline-otc-2020","Acetaminophen Aspirin Caffeine Tablet 100/Bottle 	100/bt Excedrin ®"
"OTC523059","Naproxen Sodium 220 mg Tablet 100/Bottle","100/bt","","Aleve ® OTC94110 OTC098512 OTC44003","Naproxen Sodium","11","true","medline-otc-2020","Naproxen Sodium 220 mg Tablet 100/Bottle 	100/bt 	Aleve ® OTC94110 OTC098512 OTC44003"
"OTC523304","Carbamide Peroxide 6.5% Drop 15 ml/Bottle","1 bt","","Debrox ®","Ear Care","27","false","medline-otc-2020","Carbamide Peroxide 6.5% Drop 15 ml/Bottle 	1 bt 	Debrox ®"
"OTC524160","Align ® Probiotic 4 mg Capsule 28/Box","28/bx","","","Probiotics and Digestive Aids","20","false","medline-otc-2020","Align ® Probiotic 4 mg Capsule 28/Box 	28/bx"
"OTC526701","Magonate Liquid 12-oz.","12 oz","","","Magnesium","20","false","medline-otc-2020","Magonate Liquid 12-oz. 	12 oz"
"OTC527528","Cranberry 405 mg Capsule 60/Bottle","60/bt","","","Supplements","17","false","medline-otc-2020","Cranberry 405 mg Capsule 60/Bottle 	60/bt"
"OTC530920","Ibuprofen 100 mg/5 ml Suspension 4-oz.","4 oz","","Children's Motrin ®","Ibuprofen","11","false","medline-otc-2020","Ibuprofen 100 mg/5 ml Suspension 4-oz. 	4 oz 	Children's Motrin ®"
"OTC53260","Nicotine 4 mg Mint Gum 20/Box","20/bx","","","Smoking Cessation","29","false","medline-otc-2020","Nicotine 4 mg Mint Gum 20/Box 	20/bx"
"OTC533260","Zinc Sulfate 220 mg Tablet 100/Bottle","100/bt","","","Zinc","20","false","medline-otc-2020","Zinc Sulfate 220 mg Tablet 100/Bottle 	100/bt"
"OTC53373NL","SPF 30 Sunscreen 1/8-oz. Packet 600/Case","600UD/cs","","","Sunscreen","30","false","medline-otc-2020","SPF 30 Sunscreen 1/8-oz. Packet 600/Case 	600UD/cs"
"OTC536560N","Acid Gone Antacid Chewable Tablets 100/Bottle","100/bt","","Tums ®","Antacids/Anti-Gas","3","false","medline-otc-2020","Acid Gone Antacid Chewable Tablets 100/Bottle 	100/bt 	Tums ®"
"OTC537668","Preservision Areds+Lutein Vitamin Softgel 50/Bottle","50/bt","","","Vitamins & Minerals","15","false","medline-otc-2020","Preservision Areds+Lutein Vitamin Softgel 50/Bottle 	50/bt"
"OTC54225","Cough Drops Sugar Free Black Cherry Flavor 25/Bag","25/bag","","Halls","Cold, Cough & Allergy","7","false","medline-otc-2020","Cough Drops Sugar Free Black Cherry Flavor 25/Bag 	25/bag 	Halls"
"OTC543360","Biotin 300 mcg Tablet 100/Bottle","100/bt","","","Supplements","17","false","medline-otc-2020","Biotin 300 mcg Tablet 100/Bottle 	100/bt"
"OTC54410","Sodium Bicarbonate 10 gr (650 mg) Tablet 1000/Bottle","1000/bt","","","Antacids/Anti-Gas","3","false","medline-otc-2020","Sodium Bicarbonate 10 gr (650 mg) Tablet 1000/Bottle 	1000/bt"
"OTC55010","Simethicone 125 mg Softgel 10/Box","10/bx","","Gas-X Extra Strength","Antacids/Anti-Gas","3","false","medline-otc-2020","Simethicone 125 mg Softgel 10/Box 	10/bx 	Gas-X Extra Strength"
"OTC552987","Famotidine 10 mg Tablet 30/Box","30/bx","","Pepcid ®","Antacids/Anti-Gas","3","false","medline-otc-2020","Famotidine 10 mg Tablet 30/Box 	30/bx 	Pepcid ®"
"OTC555124","Diphenhydramine 25 mg Tablet 24/Box","24/bx","","Benadryl ®","Cold, Cough & Allergy","7","false","medline-otc-2020","Diphenhydramine 25 mg Tablet 24/Box 	24/bx 	Benadryl ®"
"OTC557252","Simethicone 180 mg Softgel 60/Bottle","60/bt","","Gas-X Ultra ®","Antacids/Anti-Gas","3","false","medline-otc-2020","Simethicone 180 mg Softgel 60/Bottle 	60/bt 	Gas-X Ultra ®"
"OTC560413","Fish Oil 500 mg Softgel 130/Bottle","130/bt","","","Supplements","17","false","medline-otc-2020","Fish Oil 500 mg Softgel 130/Bottle 	130/bt"
"OTC561017","Multi-Vitamin Children's Chewable Tablet 100/Bottle","100/bt","","","Vitamins & Minerals","14","false","medline-otc-2020","Multi-Vitamin Children's Chewable Tablet 100/Bottle 	100/bt"
"OTC561646","Coenzyme Q10 50 mg Softgel 30/Bottle","30/bt","","","Supplements","17","false","medline-otc-2020","Coenzyme Q10 50 mg Softgel 30/Bottle 	30/bt"
"OTC571135","Oxymetazolone HCL Nasal Spray 0.05% 15 ml","15 ml","","","Nasal Care","27","false","medline-otc-2020","Oxymetazolone HCL Nasal Spray 0.05% 15 ml 	15 ml"
"OTC579146","Acetaminophen 80 mg Child Grape Chewable Tablet 30/Bottle","30/bt","","","Acetaminophen","10","false","medline-otc-2020","Acetaminophen 80 mg Child Grape Chewable Tablet 30/Bottle 	30/bt"
"OTC58003","Nasacort 24 Hour Allergy Nasal Spray 60 Sprays","60 Spray","","","Nasal Care","27","false","medline-otc-2020","Nasacort 24 Hour Allergy Nasal Spray 60 Sprays 	60 Spray"
"OTC58005","Nasacort 24 Hour Allergy Nasal Spray 120 Sprays","120 Spray","","","Nasal Care","27","false","medline-otc-2020","Nasacort 24 Hour Allergy Nasal Spray 120 Sprays 	120 Spray"
"OTC583442","Omeprazole 20 mg Delayed Release Tablet Blisterpack 42/Box","42/bx","","Prilosec OTC","Antacids/Anti-Gas","3","false","medline-otc-2020","Omeprazole 20 mg Delayed Release Tablet Blisterpack 42/Box 	42/bx 	Prilosec OTC"
"OTC585246","Cetirizine 10 mg Tablet 30/Bottle","30/bt","","Zyrtec","Cold, Cough & Allergy","7","false","medline-otc-2020","Cetirizine 10 mg Tablet 30/Bottle 	30/bt 	Zyrtec"
"OTC589430","Simethicone 40 mg/0.6 ml Oral Suspension 30 ml","30 ml","","","Antacids/Anti-Gas","3","false","medline-otc-2020","Simethicone 40 mg/0.6 ml Oral Suspension 30 ml 	30 ml"
"OTC589488","OTC589588","OTC589688","","OTC034405 OTC003489","Smoking Cessation","29","false","medline-otc-2020","OTC589588 	OTC589688	OTC034405 OTC003489"
"OTC589588","Nicotine Patch 14 mg 14/Box","14/bx","","","Smoking Cessation","29","false","medline-otc-2020","Nicotine Patch 14 mg 14/Box 	14/bx"
"OTC589688","Nicotine Patch 21 mg 14/Box","14/bx","","","Smoking Cessation","29","false","medline-otc-2020","Nicotine Patch 21 mg 14/Box 	14/bx"
"OTC6003912","Asper-Flex Pain Relief Cream","3oz","","","Pain Relief","24","false","medline-otc-2020","Asper-Flex Pain Relief Cream 	3oz"
"OTC600448","Denture Brush With Easy Grip Handle","1 ea","","","Oral Care","30","false","medline-otc-2020","Denture Brush With Easy Grip Handle 	1 ea"
"OTC601003","Glucosamine 750 mg with Chondroitin 600 mg Tablet 40/Bottle","40/bt","","","Supplements","18","false","medline-otc-2020","Glucosamine 750 mg with Chondroitin 600 mg Tablet 40/Bottle 	40/bt"
"OTC60101","Thera-Vit Tablet 100/Bottle","100/bt","","","Vitamins & Minerals","15","false","medline-otc-2020","Thera-Vit Tablet 100/Bottle 	100/bt"
"OTC601119","Glucosamine 750 mg with Chondroitin 600 mg Tablet 100/Bottle","100/bt","","","Supplements","18","false","medline-otc-2020","Glucosamine 750 mg with Chondroitin 600 mg Tablet 100/Bottle 	100/bt"
"OTC6020650","Ferrous Sulfate 220 mg/5 ml Elixir 16-oz.","16 oz","","","Iron","19","false","medline-otc-2020","Ferrous Sulfate 220 mg/5 ml Elixir 16-oz. 	16 oz"
"OTC609401","Theraflu ® PowerPods Day Time Severe Cold, Berry","8/bx Over The Counter Products from GlaxoSmithKline Consumer Healthcare OTC020001 MDS096166","","","Cold, Cough & Allergy","9","false","medline-otc-2020","Theraflu ® PowerPods Day Time Severe Cold, Berry 	8/bx Over The Counter Products from GlaxoSmithKline Consumer Healthcare OTC020001 MDS096166"
"OTC609501","Theraflu ® PowerPods Night Time Severe Cold, Honey Lemon, 8ct","8/bx","","","Cold, Cough & Allergy","9","false","medline-otc-2020","Theraflu ® PowerPods Night Time Severe Cold, Honey Lemon, 8ct 	8/bx"
"OTC610300","After Bite Liquid","0.5oz","","","Pain Relief","24","false","medline-otc-2020","After Bite Liquid 	0.5oz"
"OTC6131","Oral Care 360 Mouth Rinse Liquid 4-oz. 12/Case","12/cs","","","Oral Care","30","false","medline-otc-2020","Oral Care 360 Mouth Rinse Liquid 4-oz. 12/Case 	12/cs"
"OTC61463","Glucose Gel 15GM","6/bx","","","Supplements","18","false","medline-otc-2020","Glucose Gel 15GM 	6/bx"
"OTC616701","Fluticasone 50MCG Nasal Spray 120 Sprays","120 Spray","","Flonase","Nasal Care","27","false","medline-otc-2020","Fluticasone 50MCG Nasal Spray 120 Sprays 	120 Spray 	Flonase"
"OTC62912","Antacid/Anti-Gas Liquid 12-oz.","12 oz","","Mylanta®","Antacids/Anti-Gas","3","false","medline-otc-2020","Antacid/Anti-Gas Liquid 12-oz. 	12 oz 	Mylanta®"
"OTC630920","Guaifenesin/DM/Phenylephrine Sugar Free Solution 4-oz.","4 oz","","","Cold, Cough & Allergy","8","false","medline-otc-2020","Guaifenesin/DM/Phenylephrine Sugar Free Solution 4-oz. 	4 oz"
"OTC635060","Magnesium with Calcium 70 mg/117 mg Enteric Coated Tablet 60/Bottle","60/bt","","","Magnesium","20","false","medline-otc-2020","Magnesium with Calcium 70 mg/117 mg Enteric Coated Tablet 60/Bottle 	60/bt"
"OTC640761","Bisacodyl 5 mg Enteric Coated Tablet 100 Unit Dose","100/pkg","","Dulcolax ®","Bisacodyl","4","false","medline-otc-2020","Bisacodyl 5 mg Enteric Coated Tablet 100 Unit Dose 	100/pkg 	Dulcolax ®"
"OTC6414","No Alcohol Mouth Rinse 4-oz. Bottle 12/Case","12/cs","","","Oral Care","30","false","medline-otc-2020","No Alcohol Mouth Rinse 4-oz. Bottle 12/Case 	12/cs"
"OTC64916H","Milk Of Magnesia 16-oz. Bottle","16 oz","","Phillips’ Milk of Magnesia","Antacids/Anti-Gas","3","false","medline-otc-2020","Milk Of Magnesia 16-oz. Bottle 	16 oz 	Phillips’ Milk of Magnesia"
"OTC66016","Guaifenesin 100 mg with DM 10 mg Syrup Sugar & Alcohol Free 16-oz.","16 oz","","Robitussin ® DM","Cold, Cough & Allergy","8","false","medline-otc-2020","Guaifenesin 100 mg with DM 10 mg Syrup Sugar & Alcohol Free 16-oz. 	16 oz 	Robitussin ® DM"
"OTC6605","Oncology Mouth Rinse Liquid 16-oz. 12/Case","12/cs","","","Oral Care","30","false","medline-otc-2020","Oncology Mouth Rinse Liquid 16-oz. 12/Case 	12/cs"
"OTC6629","Oncology Mouth Rinse Liquid 4-oz. 12/Case","12/cs","","","Oral Care","30","false","medline-otc-2020","Oncology Mouth Rinse Liquid 4-oz. 12/Case 	12/cs"
"OTC6817N","Cetirizine 10 mg Tablet 90/Bottle","90/bt","","Zyrtec","Cold, Cough & Allergy","7","true","medline-otc-2020","Cetirizine 10 mg Tablet 90/Bottle 	90/bt 	Zyrtec"
"OTC689536","Nasal Spray Saline 3-oz.","3 oz","","Ocean Spray","Cold, Cough & Allergy","9","false","medline-otc-2020","Nasal Spray Saline 3-oz. 	3 oz 	Ocean Spray"
"OTC69025","Advil ® 2 x 200 mg Liquigels in Unit Dose Packets 50/Box; 24 Box/Case","24bx/cs","","","Unit Dose Medications","32","false","medline-otc-2020","Advil ® 2 x 200 mg Liquigels in Unit Dose Packets 50/Box; 24 Box/Case 	24bx/cs"
"OTC700286","Bismatrol Chewable Tablets 30/Box","30/bx","","Pepto Bismol ®","Antacids/Anti-Gas","3","false","medline-otc-2020","Bismatrol Chewable Tablets 30/Box 	30/bx 	Pepto Bismol ®"
"OTC700628","Ibuprofen 200 mg Tablet 500/Bottle","500/bt","","Advil","Ibuprofen","11","false","medline-otc-2020","Ibuprofen 200 mg Tablet 500/Bottle 	500/bt 	Advil"
"OTC700763","Lactase Enzyme 9000 FCC Caplet 32/Box","32/bx","","","Probiotics and Digestive Aids","20","false","medline-otc-2020","Lactase Enzyme 9000 FCC Caplet 32/Box 	32/bx"
"OTC700798","Anti-Nausea Liquid Cherry Flavor 4-oz.","4 oz","","Emetrol ®","Anti-Nausea","4","false","medline-otc-2020","Anti-Nausea Liquid Cherry Flavor 4-oz. 	4 oz 	Emetrol ®"
"OTC701109","Fish Oil 1000 mg with Vitamin E 1 IU Softgel 90/Bottle","90/bt","","","Supplements","17","false","medline-otc-2020","Fish Oil 1000 mg with Vitamin E 1 IU Softgel 90/Bottle 	90/bt"
"OTC708262","Menthol 2% Gel Pain Reliever 8oz","8oz","","","Pain Relief","24","false","medline-otc-2020","Menthol 2% Gel Pain Reliever 8oz 	8oz"
"OTC708293","Menthol 2% Gel Pain Reliever 16oz","16oz","","","Pain Relief","24","false","medline-otc-2020","Menthol 2% Gel Pain Reliever 16oz 	16oz"
"OTC709011","Acidophilus with Pectin Capsule 100/Bottle","100/bt","","","Probiotics and Digestive Aids","20","false","medline-otc-2020","Acidophilus with Pectin Capsule 100/Bottle 	100/bt"
"OTC710167","Cepacol ® Extra Strength Throat Lozenge Cherry Flavor 16/Box","16/bx","","","Cold, Cough & Allergy","7","false","medline-otc-2020","Cepacol ® Extra Strength Throat Lozenge Cherry Flavor 16/Box 	16/bx"
"OTC72201","Ferrous Gluconate 240 mg Tablet 100/Bottle","100/bt","","","Iron","19","false","medline-otc-2020","Ferrous Gluconate 240 mg Tablet 100/Bottle 	100/bt"
"OTC730165","Cepacol ® Extra Strength Throat Lozenge Honey Lemon Flavor 16/Box","16/bx","","","Cold, Cough & Allergy","7","false","medline-otc-2020","Cepacol ® Extra Strength Throat Lozenge Honey Lemon Flavor 16/Box 	16/bx"
"OTC740164","Cepacol ® Extra Strength Throat & Cough Lozenge Berry Flavor 16/Box","16/bx","","","Cold, Cough & Allergy","7","false","medline-otc-2020","Cepacol ® Extra Strength Throat & Cough Lozenge Berry Flavor 16/Box 	16/bx"
"OTC741013","Oyster Shell Calcium 500 mg Tablet 100/Bottle","100/bt","","","Calcium","19","false","medline-otc-2020","Oyster Shell Calcium 500 mg Tablet 100/Bottle 	100/bt"
"OTC749104","Bodiheat 12-Hour Not for Skin Heat Pad 10/Pack","10/Pk","","","Pain Relief Patches","12","false","medline-otc-2020","Bodiheat 12-Hour Not for Skin Heat Pad 10/Pack 	10/Pk"
"OTC749845","Bodiheat ® 12-Hour Not for Skin Heat Pad 4/Box","4/bx","","","Pain Relief Patches","12","false","medline-otc-2020","Bodiheat ® 12-Hour Not for Skin Heat Pad 4/Box 	4/bx"
"OTC749883","Bodiheat 12-Hour Not for Skin Heat Pad 8/Box","8/bx","","","Pain Relief Patches","12","false","medline-otc-2020","Bodiheat 12-Hour Not for Skin Heat Pad 8/Box 	8/bx"
"OTC751420","Capzasin-HP ® 0.1% Cream 1.5-oz.","1.5oz","","","Pain Relief","24","false","medline-otc-2020","Capzasin-HP ® 0.1% Cream 1.5-oz. 	1.5oz"
"OTC753016","Vitamin E 1000 IU Softgel 100/Bottle","100/bt","","","Vitamins & Minerals","16","false","medline-otc-2020","Vitamin E 1000 IU Softgel 100/Bottle 	100/bt"
"OTC760031","Bodiheat ® 8-Hour Direct to Skin Heat Pad 4/Box","4/bx","","","Pain Relief Patches","12","false","medline-otc-2020","Bodiheat ® 8-Hour Direct to Skin Heat Pad 4/Box 	4/bx"
"OTC76503","Ranitidine 75 mg Tablet 30/Bottle","30/bt","","Zantac ® 75","Antacids/Anti-Gas","3","false","medline-otc-2020","Ranitidine 75 mg Tablet 30/Bottle 	30/bt 	Zantac ® 75"
"OTC765151","Acetaminophen-PM 500 mg Tablet 50/Bottle","50/bt","","Tylenol ® PM","Other","12","false","medline-otc-2020","Acetaminophen-PM 500 mg Tablet 50/Bottle 	50/bt 	Tylenol ® PM"
"OTC772714","Acid Gone Antacid Liquid 12-oz.","12 oz","","Gaviscon ®","Antacids/Anti-Gas","3","false","medline-otc-2020","Acid Gone Antacid Liquid 12-oz. 	12 oz 	Gaviscon ®"
"OTC773552","Multi-Vitamin Opthalmic Tablet 60/Bottle","60/bt","","","Vitamins & Minerals","14","false","medline-otc-2020","Multi-Vitamin Opthalmic Tablet 60/Bottle 	60/bt"
"OTC777012","Polysaccharide Iron 150 mg Capsule 100/Bottle","100/bt","","","Iron","19","false","medline-otc-2020","Polysaccharide Iron 150 mg Capsule 100/Bottle 	100/bt"
"OTC78101","Diphenhydramine Tablet 25 mg 100/Bottle","100/bt","","Benadryl","Cold, Cough & Allergy","7","true","medline-otc-2020","Diphenhydramine Tablet 25 mg 100/Bottle 	100/bt 	Benadryl"
"OTC786034","Melatonin 5 mg Tablet 30/Bottle","30/bt","","","Supplements","18","false","medline-otc-2020","Melatonin 5 mg Tablet 30/Bottle 	30/bt"
"OTC786094","Melatonin 5 mg Tablet 90/Bottle","90/bt","","","Supplements","18","false","medline-otc-2020","Melatonin 5 mg Tablet 90/Bottle 	90/bt"
"OTC788069","Melatonin 3 mg Tablet 60/Bottle","60/bt","","","Supplements","18","false","medline-otc-2020","Melatonin 3 mg Tablet 60/Bottle 	60/bt"
"OTC78916","Diphenhydramine Liquid 12.5 mg/5 ml 16-oz.","16 oz","","Benadryl ® Liquid","Cold, Cough & Allergy","7","false","medline-otc-2020","Diphenhydramine Liquid 12.5 mg/5 ml 16-oz. 	16 oz 	Benadryl ® Liquid"
"OTC79101","Simethicone 80 mg Chewable Tablet 100/Bottle","100/bt","","Mylicon ®","Antacids/Anti-Gas","3","false","medline-otc-2020","Simethicone 80 mg Chewable Tablet 100/Bottle 	100/bt 	Mylicon ®"
"OTC791706","Theraflu ® Day Time Severe Cold & Cough, Berry, 6ct","6/bx","","","Cold, Cough & Allergy","9","false","medline-otc-2020","Theraflu ® Day Time Severe Cold & Cough, Berry, 6ct 	6/bx"
"OTC791806","Theraflu ® Night Time Severe Cold & Flu, Honey, 6ct","6/bx","","","Cold, Cough & Allergy","9","false","medline-otc-2020","Theraflu ® Night Time Severe Cold & Flu, Honey, 6ct 	6/bx"
"OTC79316","Guaifenesin 100 mg Syrup Sugar & Alcohol Free 16-oz.","16 oz","","Robitussin ®","Cold, Cough & Allergy","8","false","medline-otc-2020","Guaifenesin 100 mg Syrup Sugar & Alcohol Free 16-oz. 	16 oz 	Robitussin ®"
"OTC801007","Multi-Vitamin & Mineral Tablet 130/Bottle","130/bt","","","Vitamins & Minerals","14","false","medline-otc-2020","Multi-Vitamin & Mineral Tablet 130/Bottle 	130/bt"
"OTC801401","Coricidin ® HBP Maximum Strength Flu Tablet 20/Bottle","20/bt","","","Cold, Cough & Allergy","7","false","medline-otc-2020","Coricidin ® HBP Maximum Strength Flu Tablet 20/Bottle 	20/bt"
"OTC804083","Multi-Vitamin+Lutein Tablet 100/Bottle","100/bt","","","Vitamins & Minerals","14","false","medline-otc-2020","Multi-Vitamin+Lutein Tablet 100/Bottle 	100/bt"
"OTC805005","Antioxidant Tablet 60/Bottle","60/bt","","","Supplements","17","false","medline-otc-2020","Antioxidant Tablet 60/Bottle 	60/bt"
"OTC80766","Miralax ® Powder 17 mg Packet 360/Case","360 pkts","","","Polyethylene Glycol","6","false","medline-otc-2020","Miralax ® Powder 17 mg Packet 360/Case 	360 pkts"
"OTC81008","Lubriskin Lotion 8-oz. Bottle","8 oz","","","Moisturizer","25","false","medline-otc-2020","Lubriskin Lotion 8-oz. Bottle 	8 oz"
"OTC81013Z","Cramp Tabs 2 x Acetaminophen 325mg, Pamabrom 25mg Unit Dose Tablet, 250 Unit Dose/Box","250UD/bx","","","Unit Dose Medications","32","false","medline-otc-2020","Cramp Tabs 2 x Acetaminophen 325mg, Pamabrom 25mg Unit Dose Tablet, 250 Unit Dose/Box 250UD/bx"
"OTC81550Z","Cough Drops Cherry Medi-First 50/Bag","50/bag","","Halls","Cold, Cough & Allergy","7","false","medline-otc-2020","Cough Drops Cherry Medi-First 50/Bag 	50/bag 	Halls"
"OTC82071","Miralax ® Laxative Powder 17.9-oz.","17.9 oz","","","Polyethylene Glycol","6","false","medline-otc-2020","Miralax ® Laxative Powder 17.9-oz. 	17.9 oz"
"OTC842161","Vitamin C 500 mg/5 ml Liquid 16-oz.","16 oz","","","Vitamins & Minerals","16","false","medline-otc-2020","Vitamin C 500 mg/5 ml Liquid 16-oz. 	16 oz"
"OTC84501","Cranberry 450 mg Tablet 100/Bottle","100/bt","","","Supplements","17","false","medline-otc-2020","Cranberry 450 mg Tablet 100/Bottle 	100/bt"
"OTC851019","Vitamin B-1 100 mg Tablet 100/Bottle","100/bt","","","Vitamins & Minerals","15","false","medline-otc-2020","Vitamin B-1 100 mg Tablet 100/Bottle 	100/bt"
"OTC8646","Omeprazole Magnesium 20.6 mg Delayed Release Capsule 42/Box","42/bx","","Prilosec OTC","Antacids/Anti-Gas","3","false","medline-otc-2020","Omeprazole Magnesium 20.6 mg Delayed Release Capsule 42/Box 	42/bx 	Prilosec OTC"
"OTC86630","Equate Lice Shampoo 6-oz.","6 oz","","","Lice Treatment","29","false","medline-otc-2020","Equate Lice Shampoo 6-oz. 	6 oz"
"OTC873601","Acetaminophen 500 mg Rapid Release Gelcap 100/Bottle","100/bt","","Extra Strength Tylenol ® Rapid Release","Acetaminophen","10","false","medline-otc-2020","Acetaminophen 500 mg Rapid Release Gelcap 100/Bottle 	100/bt 	Extra Strength Tylenol ® Rapid Release"
"OTC881409","LiceMD ® Complete Kit","1 ea","","","Lice Treatment","29","false","medline-otc-2020","LiceMD ® Complete Kit 	1 ea"
"OTC90101","Aspirin 325 mg Tablet 100/Bottle","100/bt","","Bayer","Aspirin","11","false","medline-otc-2020","Aspirin 325 mg Tablet 100/Bottle 	100/bt 	Bayer"
"OTC90110","Aspirin 325 mg Tablet 1000/Bottle","1000/bt","","Bayer","Aspirin","11","false","medline-otc-2020","Aspirin 325 mg Tablet 1000/Bottle 	1000/bt 	Bayer"
"OTC901168","Cooling Headache Pads 3/Box","3/bx","","","Pain Relief Patches","12","false","medline-otc-2020","Cooling Headache Pads 3/Box 	3/bx"
"OTC905017","Vitamin B-1 100 mg Tablet 100/Bottle","100/bt","","","Vitamins & Minerals","15","false","medline-otc-2020","Vitamin B-1 100 mg Tablet 100/Bottle 	100/bt"
"OTC911016","Vitamin B-12 100 mcg Tablet 100/Bottle","100/bt","","","Vitamins & Minerals","15","false","medline-otc-2020","Vitamin B-12 100 mcg Tablet 100/Bottle 	100/bt"
"OTC917018","Vitamin C 250 mg Tablet 100/Bottle","100/bt","","","Vitamins & Minerals","16","false","medline-otc-2020","Vitamin C 250 mg Tablet 100/Bottle 	100/bt"
"OTC92101","Aspirin 325 mg Enteric Coated Tablet 100/Bottle","100/bt","","Ecotrin ®","Aspirin","11","false","medline-otc-2020","Aspirin 325 mg Enteric Coated Tablet 100/Bottle 	100/bt 	Ecotrin ®"
"OTC92110","Aspirin 325 mg Enteric Coated Tablet 1000/Bottle","1000/bt","","Ecotrin","Aspirin","11","false","medline-otc-2020","Aspirin 325 mg Enteric Coated Tablet 1000/Bottle 	1000/bt 	Ecotrin"
"OTC922017","Vitamin D-3 400 IU Tablet 100/Bottle","100/bt","","","Vitamins & Minerals","16","false","medline-otc-2020","Vitamin D-3 400 IU Tablet 100/Bottle 	100/bt"
"OTC922809","Suave ® Shampoo Waterfall Mist 12-oz.","12 oz","","","Shampoo","25","false","medline-otc-2020","Suave ® Shampoo Waterfall Mist 12-oz. 	12 oz"
"OTC922908","Suave ® Conditioner Waterfall Mist 12-oz.","12 oz","","","Shampoo","25","false","medline-otc-2020","Suave ® Conditioner Waterfall Mist 12-oz. 	12 oz"
"OTC93101","Aspirin 325 mg Buffered Tablet 100/Bottle","100/bt","","Bufferin ®","Aspirin","11","false","medline-otc-2020","Aspirin 325 mg Buffered Tablet 100/Bottle 	100/bt 	Bufferin ®"
"OTC94110","Ibuprofen 200 mg Tablet 1000/Bottle","1000/bt","","Advil","Ibuprofen","11","false","medline-otc-2020","Ibuprofen 200 mg Tablet 1000/Bottle 	1000/bt 	Advil"
"OTC955102","Vitamin C 500 mg Tablet 1000/Bottle","000/bt","","","Vitamins & Minerals","16","false","medline-otc-2020","Vitamin C 500 mg Tablet 1000/Bottle 	000/bt"
"OTC957","Fast Freeze Pain Relief Gel 32-oz. Bottle","32oz","","BioFreeze","Pain Relief","24","false","medline-otc-2020","Fast Freeze Pain Relief Gel 32-oz. Bottle 	32oz 	BioFreeze"
"OTC958","Fast Freeze Pain Relief Gel 16-oz. Bottle","16oz","","BioFreeze","Pain Relief","24","false","medline-otc-2020","Fast Freeze Pain Relief Gel 16-oz. Bottle 	16oz 	BioFreeze"
"OTC960","Fast Freeze Pain Relieving Spray","4oz","","","Pain Relief","24","false","medline-otc-2020","Fast Freeze Pain Relieving Spray 	4oz"
"OTC961","Fast Freeze Pain Relief Gel 4-oz. Tube","4oz","","BioFreeze","Pain Relief","24","false","medline-otc-2020","Fast Freeze Pain Relief Gel 4-oz. Tube 	4oz 	BioFreeze"
"OTC963","Fast Freeze Pain Relieving Roll-On","3oz","","","Pain Relief","24","false","medline-otc-2020","Fast Freeze Pain Relieving Roll-On 	3oz"
"OTC964","Fast Freeze ® Pain Relief Gel 1 Gallon Bottle","1gal","","BioFreeze ®","Pain Relief","24","false","medline-otc-2020","Fast Freeze ® Pain Relief Gel 1 Gallon Bottle 	1gal 	BioFreeze ®"
"OTC978003","Bengay Ultra Strength Pain Relieving Patch 5/Box","5/bx","","","Pain Relief Patches","12","false","medline-otc-2020","Bengay Ultra Strength Pain Relieving Patch 5/Box 	5/bx"
"OTC978027","Bengay ® Ultra Strength Large Pain Relieving Patch 4/Box","4/bx","","","Pain Relief Patches","12","false","medline-otc-2020","Bengay ® Ultra Strength Large Pain Relieving Patch 4/Box 	4/bx"
"OTC9848A","Wellpatch ® Heat Patch 4/Box","4/bx","","","Pain Relief Patches","12","false","medline-otc-2020","Wellpatch ® Heat Patch 4/Box 	4/bx"
"OTC9L75504","Guaifenesin 100 mg with DM 10 mg Syrup Sugar Alcohol & Dye Free 4-oz.","4 oz","","Robitussin DM","Cold, Cough & Allergy","8","false","medline-otc-2020","Guaifenesin 100 mg with DM 10 mg Syrup Sugar Alcohol & Dye Free 4-oz. 	4 oz 	Robitussin DM"
"OTCCD1100","CryoDose 162 ml Replacement Canister","1 bx","","","Cryodose","34","false","medline-otc-2020","CryoDose 162 ml Replacement Canister 	1 bx"
"OTCCD1101","CryoDose 162 ml Kit with 6 Cones and 40 Buds","1 bx","","","Cryodose","34","false","medline-otc-2020","CryoDose 162 ml Kit with 6 Cones and 40 Buds 	1 bx"
"OTCCD1103","CryoDose 162 ml Kit with 80 Buds","1 bx","","","Cryodose","34","false","medline-otc-2020","CryoDose 162 ml Kit with 80 Buds 	1 bx"
"OTCCD1500","CryoDose 236 ml Replacement Canister","1 bx","","","Cryodose","34","false","medline-otc-2020","CryoDose 236 ml Replacement Canister 	1 bx"
"OTCCD1501","CryoDose 236 ml Kit with 6 Cones and 40 Buds","1 bx","","","Cryodose","34","false","medline-otc-2020","CryoDose 236 ml Kit with 6 Cones and 40 Buds 	1 bx"
"OTCCD1802","CryoDose TA–Mist 115mL","1 ea","","","Cryodose Topical Anesthetic","34","false","medline-otc-2020","CryoDose TA–Mist 115mL 	1 ea"
"OTCCD1802CS","CryoDose TA–Mist 115mL, 12/Case","1/cs","","","Cryodose Topical Anesthetic","34","false","medline-otc-2020","CryoDose TA–Mist 115mL, 12/Case 	1/cs"
"OTCCD1803","CryoDose TA–Medium Stream 115mL","1 ea","","","Cryodose Topical Anesthetic","34","false","medline-otc-2020","CryoDose TA–Medium Stream 115mL 	1 ea"
"OTCCD1803CS","CryoDose TA–Medium Stream 115mL, 12/Case","12/cs","","","Cryodose Topical Anesthetic","34","false","medline-otc-2020","CryoDose TA–Medium Stream 115mL, 12/Case 	12/cs"
"OTCCD2001","CryoDose Buds 20 Arrow 20 Round","1 ea","","","Cryodose","34","false","medline-otc-2020","CryoDose Buds 20 Arrow 20 Round 	1 ea"
"OTCCD2002","CryoDose Arrow Buds 30/Bag","1 ea","","","Cryodose","34","false","medline-otc-2020","CryoDose Arrow Buds 30/Bag 	1 ea"
"OTCCD2003","CryoDose Round Buds 30/Bag","1 ea","","","Cryodose","34","false","medline-otc-2020","CryoDose Round Buds 30/Bag 	1 ea"
"OTCCD3001","CryoDose Dosing Cones Set of 6","1 ea","","","Cryodose","34","false","medline-otc-2020","CryoDose Dosing Cones Set of 6 	1 ea"
"OTCM00007H","Senna Tablet 100/Bottle","100/bt","","Senokot","Senna","6","true","medline-otc-2020","Senna Tablet 100/Bottle 	100/bt 	Senokot"
"OTCM00011H","Senna S Tablet 60/Bottle","60/bt","","Senokot ® -S","Senna with Docusate","6","true","medline-otc-2020","Senna S Tablet 60/Bottle 	60/bt 	Senokot ® -S"
"OTCNAS05","NasalCEASE Stop Bleeding First Aid 5/Box","5/bx","","","Nasal Care","27","false","medline-otc-2020","NasalCEASE Stop Bleeding First Aid 5/Box 	5/bx"
"OTCS0120C2","Lactase Enzyme 3000 FCC Caplet 60/Bottle","60/bt","","","Probiotics and Digestive Aids","20","false","medline-otc-2020","Lactase Enzyme 3000 FCC Caplet 60/Bottle 	60/bt"
"OTCS0296C2","Zinc Gluconate 50 mg Tablet 100/Bottle","100/bt","","","Zinc","20","false","medline-otc-2020","Zinc Gluconate 50 mg Tablet 100/Bottle 	100/bt"
"OTCS0378C2","Pink Bismuth Liquid","8 oz","","Pepto Bismol ®","Antacids/Anti-Gas","3","false","medline-otc-2020","Pink Bismuth Liquid 	8 oz 	Pepto Bismol ®"
"OTCS0393C2","12-Hour Nasal Decongestant Spray 30 ml","30 ml","","Afrin ® OTC616701","Cold, Cough & Allergy","8","false","medline-otc-2020","12-Hour Nasal Decongestant Spray 30 ml 	30 ml 	Afrin ® OTC616701"
"OTCS0451C2","Antacid/Antigas Maximum Strength Liquid 12-oz.","12 oz","","Mylanta Maximum Strength","Antacids/Anti-Gas","3","false","medline-otc-2020","Antacid/Antigas Maximum Strength Liquid 12-oz. 	12 oz 	Mylanta Maximum Strength"
"OTCS0661C2","Aspirin 81 mg Chewables Orange Flavor 36/Bottle","36/bt","","St Joseph ®","Aspirin","11","false","medline-otc-2020","Aspirin 81 mg Chewables Orange Flavor 36/Bottle 	36/bt 	St Joseph ®"
"OTCS0670C2","Fiber 500 mg Caplet 90/Bottle","90/bt","","FiberCon","Fiber","5","false","medline-otc-2020","Fiber 500 mg Caplet 90/Bottle 	90/bt 	FiberCon"
"OTCS0673C2","Antacid Calcium Carbonate 500 mg Tablet 150/Bottle","150/bt","","Tums","Antacids/Anti-Gas","3","false","medline-otc-2020","Antacid Calcium Carbonate 500 mg Tablet 150/Bottle 	150/bt 	Tums"
"OTCS0674C2","Antacid Calcium Carbonate 750 mg Tablet 96/Bottle","96/bt","","Tums Extra Strength ®","Antacids/Anti-Gas","3","false","medline-otc-2020","Antacid Calcium Carbonate 750 mg Tablet 96/Bottle 	96/bt 	Tums Extra Strength ®"
"OTCS0801C2","Loperamide HCL 2 mg Caplet 12/Box","12/bx","","Imodium AD ®","Anti-Diarrheals","4","true","medline-otc-2020","Loperamide HCL 2 mg Caplet 12/Box 	12/bx 	Imodium AD ®"
"OTCS0813C2","Vitamin E 400 IU Softgel 100/Bottle","100/bt","","","Vitamins & Minerals","16","false","medline-otc-2020","Vitamin E 400 IU Softgel 100/Bottle 	100/bt"
"OTCS0883C2","Ibuprofen 200 mg Tablet 100/Bottle","100/bt","","Advil","Ibuprofen","11","true","medline-otc-2020","Ibuprofen 200 mg Tablet 100/Bottle 	100/bt 	Advil"
"OTCS0970C2","Magnesium Citrate Low Sodium Cherry Solution 10-oz.","10 oz OTC016280","","","Magnesium Citrate","5","false","medline-otc-2020","Magnesium Citrate Low Sodium Cherry Solution 10-oz. 	10 oz OTC016280"
"OTCS16C","Sorbitol 70% Solution 16-oz.","16 oz OTCM00007H","","","Miscellaneous Laxatives","6","false","medline-otc-2020","Sorbitol 70% Solution 16-oz. 	16 oz OTCM00007H"
"OTCVFC65H","Verruca Freeze 65 Freeze Canister","1 ea","","","Verruca Freeze","34","false","medline-otc-2020","Verruca Freeze 65 Freeze Canister 	1 ea"
"OTCVFK50H","Verruca Freeze 50 Freeze Start Kit","1 ea","","","Verruca Freeze","34","false","medline-otc-2020","Verruca Freeze 50 Freeze Start Kit 	1 ea"
"OTCVFL100","Verruca Freeze 100 Freeze Replacement Canister","1 ea","","","Verruca Freeze","34","false","medline-otc-2020","Verruca Freeze 100 Freeze Replacement Canister 	1 ea"
"OTCVFL300","Verruca Freeze 300 Freeze 3 Pack Can Kit","1 kt","","","Verruca Freeze","34","false","medline-otc-2020","Verruca Freeze 300 Freeze 3 Pack Can Kit 	1 kt"
"OTCVFL300R","Verruca Freeze 300 Freeze 3 Pack Replacement Canister","1 pk","","","Verruca Freeze","34","false","medline-otc-2020","Verruca Freeze 300 Freeze 3 Pack Replacement Canister 	1 pk"
"PMU1006060","Cryosurgical Nitrospray 16-oz. 5 Tip","1 ea OTCCD170100 OTCCD1802 OTCCD3001 CRYOSURGERY/TOPICAL ANESTHETIC Some products may not be available for sale in Mexico or Canada. We reserve the right to correct any errors that may occur within this brochure. © 2018 Medline Industries, Inc. All rights reserved. Medline is a registered trademark of Medline Industries, Inc. Advil is a registered trademark of Wyeth LLC. Aleve and Phillip’s Milk of Magnesia are registered trademarks of Bayer HealthCare LLC. Align and Metamucil are registered trademarks of The Procter & Gamble Company. Alteril is a registered trademark of Biotab Nutraceuticals, Inc. Bayer is a registered trademark of Bayer Aktiengesellschaft. Beano is a registered trademark of Prism CH Holdings Inc. Bengay is a registered trademark of Pfizer Inc. Bio-K+ is a registered trademark of Bio-K Plus International Inc. Blue Stop is a registered trademark of Clavel Corporation. Bleedarrest is a registered trademark of Hemostasis, LLC. Boudreaux’s Butt Paste is a registered trademark of C.B. Fleet Company, Inc. Celox is a registered trademark of MedTrade Products Ltd. CetaKlenz is a trademark of Geritrex Corporation. Coricidin HBP is a registered trademark of MSD Consumer Care, Inc. CryoDose is a trademark of Nuance Medical LLC. Culturelle is a registered trademark of DSM IP Assets B.V. CURAD and Medline are registered trademarks of Medline Industries, Inc. Decubi-Vite is a registered trademark of QCE, Inc. Delsym is a registered trademark of Reckitt Benckiser LLC. Drug Buster is a registered trademark of Earth Ecocentric LLC. Eldertonic is a registered trademark of Merz, Inc. Emetrol is a registered trademark of Wellspring Pharmaceutical Corporation. Excedrin, Systane and Systane Ultra are registered trademarks of Novartis AG Corporation. Fast Freeze is a registered trademark of DJO, LLC. Florajen 3 is a registered trademark of American Lifeline, Inc. Florastor is a registered trademark of Biorganon SA Corporation. Geri Silk is a registered trademark of Geritrex Corporation. Histofreezer is a registered trademark of OraSure Technologies, Inc. Liquifilm, Refresh, Refresh Celluvisc, Refresh Optiv and Refresh Tears are registered trademarks of Allergan, Inc. Medcenter is a registered trademark of Cooper and Company, Inc. Medsaway is a registered trademark of Verde Environmental Technologies Inc. Miralax is a registered trademark of MSD Consumer Care, Inc. Mucinex is a registered trademark of Reckitt Benckiser LLC. Naphcon-A is a registered trademark of Alcon Research, Ltd. Neo-Synephrine is a registered trademark of Foundation Consumer Healthcare, LLC. Ocusoft is a registered trademark of OCusoft, Inc. Corporation. Oscal is a registered trademark of Aventisub II Inc. Phisoderm is a registered trademark of The Mentholatum Company Corporation. Prilosec is a registered trademark of AstraZeneca AB Corporation. Salonpas is a registered trademark of Hisamitsu Pharmaceutical Co., Inc. Tears Naturale is a registered trademark of Alcon Laboratories, Inc. TheraTears is a registered trademark of Advanced Vision Research, Inc. Vitadrops is a registered trademark of Hyper Network Solutions LLC. Wellpatch is a registered trademark of The Mentholatum Company Corporation. Zeasorb is a registered trademark of Stiefel Laboratories, Inc. MKT1881703 / LIT320 / 5M / SG / 43 Medline Industries, Inc. Three Lakes Drive, Northfield, IL 60093 Medline United States","","","Nitrospray","34","false","medline-otc-2020","Cryosurgical Nitrospray 16-oz. 5 Tip 	1 ea OTCCD170100 OTCCD1802 OTCCD3001 CRYOSURGERY/TOPICAL ANESTHETIC Some products may not be available for sale in Mexico or Canada. We reserve the right to correct any errors that may occur within this brochure. © 2018 Medline Industries, Inc. All rights reserved. Medline is a registered trademark of Medline Industries, Inc. Advil is a registered trademark of Wyeth LLC. Aleve and Phillip’s Milk of Magnesia are registered trademarks of Bayer HealthCare LLC. Align and Metamucil are registered trademarks of The Procter & Gamble Company. Alteril is a registered trademark of Biotab Nutraceuticals, Inc. Bayer is a registered trademark of Bayer Aktiengesellschaft. Beano is a registered trademark of Prism CH Holdings Inc. Bengay is a registered trademark of Pfizer Inc. Bio-K+ is a registered trademark of Bio-K Plus International Inc. Blue Stop is a registered trademark of Clavel Corporation. Bleedarrest is a registered trademark of Hemostasis, LLC. Boudreaux’s Butt Paste is a registered trademark of C.B. Fleet Company, Inc. Celox is a registered trademark of MedTrade Products Ltd. CetaKlenz is a trademark of Geritrex Corporation. Coricidin HBP is a registered trademark of MSD Consumer Care, Inc. CryoDose is a trademark of Nuance Medical LLC. Culturelle is a registered trademark of DSM IP Assets B.V. CURAD and Medline are registered trademarks of Medline Industries, Inc. Decubi-Vite is a registered trademark of QCE, Inc. Delsym is a registered trademark of Reckitt Benckiser LLC. Drug Buster is a registered trademark of Earth Ecocentric LLC. Eldertonic is a registered trademark of Merz, Inc. Emetrol is a registered trademark of Wellspring Pharmaceutical Corporation. Excedrin, Systane and Systane Ultra are registered trademarks of Novartis AG Corporation. Fast Freeze is a registered trademark of DJO, LLC. Florajen 3 is a registered trademark of American Lifeline, Inc. Florastor is a registered trademark of Biorganon SA Corporation. Geri Silk is a registered trademark of Geritrex Corporation. Histofreezer is a registered trademark of OraSure Technologies, Inc. Liquifilm, Refresh, Refresh Celluvisc, Refresh Optiv and Refresh Tears are registered trademarks of Allergan, Inc. Medcenter is a registered trademark of Cooper and Company, Inc. Medsaway is a registered trademark of Verde Environmental Technologies Inc. Miralax is a registered trademark of MSD Consumer Care, Inc. Mucinex is a registered trademark of Reckitt Benckiser LLC. Naphcon-A is a registered trademark of Alcon Research, Ltd. Neo-Synephrine is a registered trademark of Foundation Consumer Healthcare, LLC. Ocusoft is a registered trademark of OCusoft, Inc. Corporation. Oscal is a registered trademark of Aventisub II Inc. Phisoderm is a registered trademark of The Mentholatum Company Corporation. Prilosec is a registered trademark of AstraZeneca AB Corporation. Salonpas is a registered trademark of Hisamitsu Pharmaceutical Co., Inc. Tears Naturale is a registered trademark of Alcon Laboratories, Inc. TheraTears is a registered trademark of Advanced Vision Research, Inc. Vitadrops is a registered trademark of Hyper Network Solutions LLC. Wellpatch is a registered trademark of The Mentholatum Company Corporation. Zeasorb is a registered trademark of Stiefel Laboratories, Inc. MKT1881703 / LIT320 / 5M / SG / 43 Medline Industries, Inc. Three Lakes Drive, Northfield, IL 60093 Medline United States"
"PMU9034000","Cryomega","1 ea","","","Cryomega","34","false","medline-otc-2020","Cryomega 	1 ea"
"PMU9034002","Cryomega Twin Pack","1 pk","","","Cryomega","34","false","medline-otc-2020","Cryomega Twin Pack 	1 pk"